#ifndef MODEL_GOLDEN_H
#define MODEL_GOLDEN_H

#include <stddef.h>
#include <string.h>

/* input_0: shape=[1, 32, 256], 16384 bytes */
static const unsigned char golden_input_0_data[16384] = {
    0x0b, 0x2c, 0xed, 0xb0, 0xd1, 0x32, 0xe5, 0x34, 0x48, 0xb8, 0xa4, 0x32, 0x06, 0x34, 0x40, 0x35,
    0xb1, 0xbb, 0xd9, 0xbc, 0x2d, 0x2a, 0x84, 0xbf, 0x03, 0x3e, 0x5c, 0xb8, 0x43, 0xb9, 0xc3, 0xbc,
    0x7a, 0xbb, 0x80, 0x3b, 0x3a, 0x3d, 0xd6, 0x35, 0x87, 0xbc, 0xb4, 0xb9, 0xf7, 0xb3, 0x0b, 0x3d,
    0xdc, 0xb7, 0x56, 0x3c, 0xc7, 0xb5, 0x5e, 0xb9, 0x00, 0x39, 0x9e, 0xb7, 0xc3, 0x3f, 0x58, 0x2d,
    0x8b, 0xbb, 0x25, 0x29, 0xc6, 0x3c, 0xcc, 0xb0, 0x98, 0x36, 0x0d, 0xbd, 0xe1, 0x3e, 0x5f, 0xba,
    0x3c, 0x42, 0x22, 0xbb, 0xe6, 0xb9, 0x2b, 0xb4, 0x5e, 0x3a, 0xc4, 0xc0, 0xe1, 0xbd, 0x6f, 0x33,
    0x2b, 0xb1, 0xb8, 0xbb, 0x48, 0xb5, 0x7d, 0x3e, 0x7c, 0x3a, 0x14, 0xbc, 0x09, 0xab, 0x02, 0x38,
    0xec, 0x33, 0x9f, 0x40, 0x36, 0xc1, 0x1e, 0xc0, 0xf1, 0xb8, 0x7a, 0x3c, 0x51, 0x3d, 0x20, 0x38,
    0x10, 0xb9, 0x20, 0xbc, 0xad, 0x3c, 0xfc, 0xb8, 0x9c, 0x37, 0x49, 0x3a, 0x7f, 0xb3, 0x5b, 0xba,
    0x6e, 0xba, 0xe2, 0x3e, 0x41, 0x3e, 0x56, 0xaa, 0xbd, 0x31, 0x44, 0xb8, 0xf7, 0xb5, 0x22, 0xb6,
    0x14, 0x39, 0x9d, 0xb8, 0x22, 0xb8, 0xfc, 0x39, 0xc2, 0xaa, 0xb2, 0xb6, 0x62, 0xaa, 0xaa, 0x3c,
    0x17, 0xbc, 0x56, 0xb8, 0x4e, 0x31, 0xdf, 0x3b, 0x7f, 0x3f, 0x9d, 0xba, 0x57, 0xc0, 0xf6, 0xb9,
    0xbc, 0xb8, 0xc9, 0x30, 0x63, 0x3d, 0xe2, 0xb5, 0xae, 0x2a, 0xe3, 0x39, 0xd7, 0x3a, 0x8e, 0xbf,
    0x5a, 0x3c, 0xb8, 0xba, 0x2c, 0x94, 0x38, 0xb6, 0xe1, 0x3e, 0xfb, 0xb5, 0x52, 0x3a, 0xb8, 0xb9,
    0xd0, 0xb6, 0xf1, 0x38, 0xc9, 0xba, 0x69, 0xa4, 0xdb, 0x3e, 0x71, 0xb3, 0xae, 0x3d, 0xf2, 0xbb,
    0xcb, 0x2e, 0x2e, 0xb8, 0xb8, 0xbc, 0x75, 0xb4, 0x9b, 0x38, 0x62, 0x32, 0xef, 0xbc, 0x4b, 0xc0,
    0x9f, 0xbb, 0x69, 0x34, 0xfa, 0xb6, 0xfc, 0xbc, 0xc7, 0x30, 0xce, 0xbe, 0xf5, 0xba, 0xa8, 0xba,
    0x4e, 0x3d, 0xca, 0x30, 0xfd, 0x36, 0x60, 0x39, 0xdc, 0x2f, 0x52, 0xba, 0x48, 0xb4, 0x1a, 0xc0,
    0x5c, 0xb9, 0x4e, 0xb8, 0x8b, 0xba, 0xc2, 0xb8, 0x9e, 0x3a, 0x8c, 0x3c, 0xf2, 0x39, 0x9c, 0x41,
    0xbe, 0xb6, 0x4b, 0xb6, 0x8c, 0x37, 0xaf, 0x35, 0x4c, 0x35, 0xf0, 0x31, 0x69, 0xbe, 0xba, 0x33,
    0xfa, 0xc0, 0xb6, 0xb9, 0x7f, 0xbc, 0x6a, 0x38, 0xcd, 0xb9, 0x57, 0xb8, 0x4e, 0x42, 0x25, 0xbc,
    0x61, 0xbc, 0x45, 0x38, 0x4d, 0xb7, 0x4c, 0x36, 0x33, 0x39, 0x19, 0xbb, 0x25, 0xb0, 0x17, 0xa6,
    0x5f, 0xc0, 0xf2, 0xb8, 0x5a, 0x37, 0xf4, 0xb1, 0xbe, 0x3d, 0x26, 0x2f, 0x14, 0xc0, 0x0e, 0xb8,
    0xd0, 0x33, 0x74, 0x33, 0x78, 0x38, 0xb3, 0x25, 0xa7, 0xb9, 0x4b, 0x35, 0xfd, 0x41, 0x10, 0x3b,
    0x88, 0xb9, 0xfb, 0x38, 0x82, 0x39, 0x03, 0xc0, 0x69, 0x33, 0x6f, 0x3c, 0xbc, 0x41, 0x45, 0xb5,
    0xe5, 0xad, 0x85, 0xbb, 0xf5, 0xb2, 0xde, 0x39, 0x58, 0xb7, 0x39, 0xba, 0x78, 0x3d, 0x88, 0x1a,
    0xff, 0x38, 0x14, 0x3f, 0xd1, 0xaa, 0x99, 0x9d, 0x45, 0xb4, 0x7f, 0xb8, 0x4b, 0xaf, 0xbe, 0xb0,
    0x0c, 0x38, 0xf4, 0x35, 0x3a, 0xbd, 0x4c, 0x33, 0x66, 0x30, 0x4c, 0x32, 0x5b, 0x3e, 0x69, 0x38,
    0x42, 0xba, 0xae, 0xbb, 0x74, 0x40, 0x35, 0xbd, 0x0d, 0x3c, 0x19, 0x3c, 0xba, 0x33, 0xa3, 0x38,
    0x80, 0xbc, 0x1c, 0x35, 0xb6, 0x3b, 0x69, 0xbd, 0x23, 0xb9, 0x3d, 0x3d, 0x62, 0x35, 0xb9, 0x3c,
    0x2e, 0xbf, 0x54, 0x3d, 0xb2, 0x3b, 0xda, 0xb8, 0x53, 0x9d, 0xad, 0x3c, 0xb3, 0x3c, 0x5b, 0x40,
    0x8f, 0xb9, 0x71, 0xb8, 0x00, 0x3a, 0x44, 0xc0, 0xa9, 0xbe, 0x60, 0x3b, 0xee, 0x39, 0xd7, 0x32,
    0x87, 0x3b, 0xb0, 0x3d, 0x2b, 0xb9, 0xbe, 0xb3, 0x19, 0x3d, 0x74, 0x3e, 0x4c, 0xb6, 0x9b, 0x39,
    0x9b, 0x3d, 0xfc, 0x30, 0x38, 0xbc, 0xa2, 0xbc, 0x2f, 0xba, 0x9c, 0x33, 0x45, 0xbe, 0x31, 0x40,
    0xe4, 0x38, 0x4f, 0x33, 0x9e, 0x38, 0xcc, 0x2a, 0xe0, 0x3c, 0x61, 0xc1, 0x04, 0x3b, 0x55, 0x3e,
    0x28, 0x30, 0x15, 0x38, 0xac, 0x39, 0xc2, 0x36, 0x65, 0x3b, 0xe7, 0xbd, 0xed, 0x3e, 0x22, 0x3a,
    0xc8, 0x32, 0x60, 0x3b, 0x07, 0xb7, 0x85, 0x38, 0x7c, 0x31, 0x03, 0x39, 0x0c, 0xc1, 0xc0, 0xb8,
    0x33, 0xb3, 0x7d, 0xba, 0xdc, 0xb5, 0x44, 0x3d, 0x58, 0xb5, 0xdf, 0xbb, 0x3c, 0x34, 0x09, 0xbc,
    0x31, 0xba, 0x7f, 0xb4, 0x5b, 0xb7, 0xe6, 0xb1, 0xfb, 0xb8, 0x35, 0x3f, 0x31, 0x3a, 0x14, 0x3b,
    0x8f, 0x38, 0x8d, 0xb6, 0x7a, 0xbd, 0xba, 0xa8, 0x2b, 0xba, 0x41, 0x9e, 0x2d, 0x34, 0x9a, 0xb8,
    0xc3, 0x3a, 0x0e, 0xc0, 0xec, 0xbc, 0x97, 0xbd, 0xa3, 0xaf, 0x15, 0xb5, 0x61, 0xb8, 0x31, 0x36,
    0x02, 0x3b, 0x8f, 0x3a, 0x02, 0xbc, 0x11, 0x3d, 0xf7, 0xbb, 0x3d, 0xb1, 0x9e, 0xb8, 0x68, 0x42,
    0x1c, 0xbc, 0xfa, 0xb8, 0x7f, 0x3c, 0x05, 0xac, 0x06, 0xb6, 0x41, 0x34, 0xf2, 0x3f, 0x76, 0x39,
    0xef, 0xb3, 0x60, 0x38, 0x5c, 0x3c, 0xa5, 0x35, 0xcd, 0x3c, 0x06, 0xb4, 0xc0, 0x35, 0x5b, 0xb9,
    0xc8, 0xba, 0x07, 0x38, 0x84, 0x3e, 0x67, 0xc1, 0x11, 0xb4, 0x91, 0x3c, 0x45, 0xb4, 0xe8, 0x2a,
    0xc8, 0xb8, 0x0e, 0xb4, 0x25, 0x2e, 0xb1, 0x36, 0x7d, 0x36, 0xaf, 0x3c, 0x67, 0x30, 0x8a, 0xbd,
    0xda, 0xbb, 0x22, 0xb9, 0x5d, 0x34, 0xc2, 0xbd, 0x08, 0xb9, 0x3b, 0xb5, 0xdc, 0xbe, 0x8d, 0xbd,
    0xb8, 0x2d, 0x7b, 0x39, 0xe6, 0xb8, 0x43, 0xbe, 0x61, 0xbc, 0x60, 0xb0, 0xc8, 0x36, 0x0d, 0x3b,
    0x0c, 0x38, 0xc4, 0x34, 0x67, 0xbb, 0x16, 0x34, 0xa3, 0x28, 0xaa, 0xb2, 0x13, 0x3d, 0x35, 0xbd,
    0xf7, 0xb9, 0x26, 0x3c, 0x7a, 0x3f, 0x60, 0xb7, 0xc1, 0x36, 0xc5, 0x3c, 0x84, 0xbf, 0x60, 0xb4,
    0x1c, 0xba, 0x55, 0x36, 0xcc, 0x35, 0x3f, 0xb7, 0x9e, 0xab, 0xdf, 0xb9, 0x18, 0x35, 0x82, 0x3b,
    0x0e, 0x3a, 0xc5, 0x3a, 0x33, 0xb5, 0x15, 0x3b, 0xfa, 0x2e, 0x3e, 0xbc, 0x91, 0xb7, 0x4e, 0xb9,
    0x7c, 0x38, 0x33, 0x2f, 0xc8, 0x38, 0x5c, 0xab, 0x95, 0x34, 0x32, 0x38, 0xeb, 0x3b, 0x8c, 0x3b,
    0x4a, 0x38, 0x6d, 0xbe, 0x46, 0x3c, 0xd9, 0x3c, 0x5b, 0xbd, 0xce, 0x3d, 0x38, 0xb8, 0x5f, 0x31,
    0x73, 0x39, 0x21, 0x33, 0x9f, 0x39, 0x84, 0x3d, 0xe1, 0xb7, 0x92, 0x37, 0x81, 0x3c, 0x8b, 0x38,
    0xc3, 0x37, 0xc4, 0x3c, 0xb5, 0x34, 0x45, 0x3c, 0xf5, 0xb0, 0x14, 0xbe, 0xcd, 0x37, 0x3a, 0xb6,
    0x53, 0x3f, 0x4a, 0x3c, 0x5c, 0x31, 0x28, 0xb7, 0x8e, 0xbe, 0x0b, 0x3a, 0x66, 0x32, 0x34, 0x3a,
    0xb7, 0xbc, 0x8c, 0xb7, 0x6e, 0x38, 0x59, 0x34, 0x89, 0xb2, 0xaa, 0x36, 0x69, 0xb0, 0xef, 0xba,
    0x81, 0x2e, 0x8a, 0x3c, 0x30, 0xbb, 0xcc, 0x3d, 0x47, 0x38, 0xb5, 0x31, 0xc5, 0xb2, 0x04, 0xc0,
    0xbb, 0x31, 0x9a, 0xbb, 0x2d, 0xbd, 0x37, 0x9c, 0xfb, 0xb8, 0x0e, 0x30, 0x3f, 0x34, 0xb4, 0x96,
    0x26, 0xbc, 0x6b, 0x35, 0xc9, 0xb6, 0xee, 0x3d, 0xca, 0x3e, 0x0a, 0xb3, 0x78, 0xa0, 0x3f, 0xbf,
    0xf3, 0x36, 0xc9, 0x3a, 0xe0, 0xb9, 0xfe, 0x3c, 0xce, 0xb8, 0x02, 0xb9, 0xc7, 0xae, 0xc0, 0xbf,
    0xf5, 0x39, 0x3d, 0xbf, 0x6f, 0xad, 0xab, 0x3c, 0xc1, 0x39, 0x53, 0xbd, 0xc3, 0xbb, 0x5b, 0x36,
    0xf4, 0xb8, 0xa6, 0x3e, 0x30, 0xbf, 0xd7, 0xbb, 0xd1, 0x32, 0xd9, 0xbc, 0xb7, 0x3c, 0x9b, 0x3c,
    0xeb, 0x38, 0x0a, 0x30, 0x0c, 0x39, 0xb7, 0xb1, 0x25, 0x30, 0xd9, 0x3a, 0x3f, 0x3c, 0xf5, 0xbb,
    0xf4, 0xb7, 0xe7, 0x2f, 0x0d, 0xbb, 0xc6, 0x32, 0x7e, 0xbd, 0x6a, 0xc0, 0x11, 0xbd, 0xc9, 0xbb,
    0x3e, 0x29, 0x3e, 0x30, 0x8f, 0xbd, 0x6c, 0xae, 0xa3, 0x36, 0x5a, 0x3e, 0x24, 0x3a, 0x7f, 0x36,
    0x90, 0xb2, 0xaf, 0x32, 0x09, 0x3b, 0xa6, 0xae, 0x82, 0xb9, 0xf5, 0xb6, 0x6f, 0x39, 0x55, 0xbd,
    0xac, 0xb4, 0x2d, 0xbc, 0xb1, 0x40, 0x37, 0xb2, 0xa1, 0x3d, 0x03, 0x33, 0xcb, 0x39, 0x14, 0xbb,
    0xbb, 0xbc, 0xa9, 0xb8, 0x1c, 0x37, 0x0e, 0x32, 0x89, 0xc0, 0x0a, 0x3c, 0xd1, 0xba, 0x79, 0xba,
    0xb4, 0x38, 0x26, 0xb6, 0x68, 0x3e, 0xe9, 0x36, 0x83, 0x3b, 0x44, 0x37, 0xf1, 0xb5, 0x7e, 0xb0,
    0xb2, 0xa8, 0x95, 0x3e, 0x7c, 0xb6, 0x33, 0xba, 0x83, 0xb7, 0x90, 0x32, 0x89, 0x39, 0x7d, 0x3e,
    0x6a, 0x38, 0x95, 0xb7, 0x9d, 0x3a, 0x3c, 0x39, 0x3d, 0xae, 0xde, 0xbc, 0x20, 0x40, 0x95, 0x33,
    0x28, 0xb9, 0xb2, 0xb9, 0x7e, 0xb1, 0x14, 0x36, 0xdb, 0xab, 0x35, 0xbb, 0xef, 0x3c, 0xc9, 0xbb,
    0xa3, 0x3a, 0x35, 0x3a, 0xf3, 0xba, 0xb7, 0x3a, 0x69, 0xbe, 0xde, 0x37, 0x03, 0x3a, 0xd8, 0xb0,
    0x56, 0x36, 0x1c, 0x3b, 0xfd, 0x3a, 0x18, 0xb6, 0x12, 0x3b, 0xf4, 0xb6, 0xfb, 0x2a, 0xf1, 0xbc,
    0x82, 0x35, 0xfb, 0xbb, 0xd4, 0xbc, 0x8b, 0xbc, 0xfc, 0xaa, 0x64, 0xbe, 0x76, 0x32, 0x44, 0xaa,
    0x51, 0x38, 0xdd, 0x3e, 0x4c, 0xba, 0xf4, 0x38, 0xf6, 0xba, 0xb8, 0x3c, 0x31, 0xbb, 0x36, 0x34,
    0x88, 0xbc, 0xac, 0x38, 0x57, 0xbd, 0xe8, 0xba, 0x51, 0xb4, 0x1f, 0x31, 0x1e, 0xb4, 0x0c, 0x3c,
    0xdf, 0xbd, 0xec, 0x3a, 0x64, 0x3b, 0x70, 0xb9, 0x89, 0x30, 0x0c, 0xbd, 0x5d, 0x3c, 0x4a, 0xc0,
    0xc3, 0xbb, 0xdf, 0xbb, 0xda, 0xb6, 0x30, 0x23, 0x78, 0x30, 0x28, 0xb2, 0x8f, 0xbb, 0x43, 0xbf,
    0x7b, 0x38, 0xa9, 0x32, 0xf0, 0xae, 0x8e, 0x3c, 0x2e, 0xa8, 0x3b, 0xb8, 0xc2, 0xbb, 0x0e, 0x29,
    0x1c, 0xba, 0xe8, 0xb5, 0x53, 0xc0, 0x3d, 0x39, 0x47, 0xa0, 0x60, 0xaa, 0x11, 0x3b, 0xe7, 0xba,
    0x23, 0xba, 0xe1, 0xb7, 0x19, 0x38, 0xbf, 0xb1, 0x41, 0xbf, 0xa8, 0xbc, 0x78, 0xba, 0x8c, 0x3e,
    0xbd, 0x34, 0xa1, 0xa1, 0x11, 0xb3, 0xb0, 0x3f, 0xb1, 0xba, 0x24, 0x3f, 0xa2, 0xbc, 0x26, 0x3b,
    0x42, 0x3f, 0xd3, 0xb4, 0x86, 0x37, 0x54, 0x3b, 0x85, 0xa8, 0xb7, 0x3c, 0x43, 0xb8, 0x71, 0x3b,
    0xb2, 0xb8, 0x72, 0x36, 0x29, 0x39, 0xab, 0xbc, 0xc6, 0x33, 0xed, 0x29, 0xa1, 0xbc, 0x7c, 0x37,
    0x61, 0xad, 0x74, 0xb7, 0xf9, 0x3b, 0x55, 0xba, 0x27, 0xbc, 0x78, 0xba, 0xa9, 0x32, 0xbc, 0xb7,
    0x7c, 0x34, 0x1c, 0x26, 0xa7, 0x3f, 0xd4, 0x35, 0x35, 0x3f, 0xf6, 0x40, 0x9b, 0xb6, 0x5e, 0xb6,
    0x2a, 0x38, 0xac, 0x29, 0x58, 0xb7, 0x32, 0xb9, 0x8a, 0x3b, 0x06, 0x39, 0xc2, 0xb8, 0x76, 0xae,
    0x55, 0xaa, 0xf4, 0xba, 0x68, 0xc3, 0x13, 0xb8, 0x8f, 0x2e, 0xfc, 0xb9, 0x95, 0xb9, 0xc1, 0x38,
    0x8d, 0x36, 0x52, 0x38, 0x06, 0xc0, 0x03, 0x33, 0xf7, 0xb1, 0x47, 0x3c, 0x53, 0xbf, 0xa7, 0x39,
    0x51, 0x38, 0xa7, 0x38, 0x00, 0x37, 0x6a, 0x38, 0x71, 0x3a, 0xc5, 0xb5, 0x53, 0x3b, 0x16, 0x3a,
    0xc2, 0xb4, 0xf4, 0x31, 0x9b, 0x24, 0xc3, 0xbc, 0x79, 0x3a, 0xad, 0x33, 0x22, 0x31, 0x29, 0x38,
    0x8d, 0x38, 0x8e, 0xbb, 0xaf, 0x3c, 0xf5, 0x3e, 0x89, 0xb4, 0x2d, 0xb5, 0x54, 0x3a, 0x32, 0x38,
    0x23, 0x38, 0x46, 0x38, 0xc1, 0x3c, 0x2b, 0xbd, 0xa9, 0xbc, 0xb9, 0xae, 0xed, 0x3a, 0x4a, 0xbc,
    0x7f, 0xb8, 0x2e, 0x3c, 0xd2, 0xad, 0xe6, 0xb6, 0x43, 0xb8, 0x19, 0x32, 0x1e, 0x3e, 0xcd, 0xb6,
    0xf4, 0x3a, 0x8a, 0xb3, 0x6a, 0xb8, 0xf8, 0x2c, 0xbf, 0x2a, 0xc6, 0x36, 0xb0, 0x3c, 0x74, 0xb9,
    0x45, 0x36, 0x38, 0xbe, 0xf3, 0xb6, 0x67, 0x30, 0x0f, 0x3a, 0xfd, 0xba, 0xc2, 0x34, 0xf3, 0x38,
    0x08, 0xb6, 0x5a, 0xbe, 0xb2, 0xa1, 0x43, 0x24, 0x49, 0x36, 0x7b, 0xb9, 0x58, 0x3c, 0x33, 0x34,
    0x22, 0x2b, 0xda, 0xb9, 0xeb, 0x34, 0x4a, 0xb7, 0x77, 0xbb, 0x7b, 0xb3, 0x1a, 0x37, 0xc4, 0x3c,
    0xfa, 0x33, 0xaf, 0xb7, 0x2b, 0x24, 0x08, 0x30, 0xad, 0x40, 0xfb, 0xb4, 0x7e, 0xc1, 0x23, 0xbe,
    0xfa, 0x35, 0xb6, 0xbd, 0xc2, 0xbc, 0xd3, 0xad, 0x87, 0x2f, 0x22, 0x3f, 0x58, 0xc0, 0x48, 0xb5,
    0x28, 0x3d, 0x84, 0x3e, 0xde, 0x3b, 0x6e, 0xac, 0xa2, 0xbf, 0xc3, 0xba, 0x39, 0x35, 0x7f, 0x40,
    0x01, 0xb4, 0xfc, 0xbb, 0x8a, 0xc0, 0x42, 0x3b, 0xb6, 0xb1, 0xc2, 0xb5, 0x24, 0x3c, 0x33, 0x3a,
    0x8f, 0x3a, 0x9b, 0xb5, 0xa4, 0xc1, 0x2a, 0xc0, 0xbc, 0xba, 0x10, 0xbe, 0x54, 0x3c, 0x55, 0xb8,
    0xfa, 0xbc, 0x4e, 0x41, 0x67, 0x3b, 0x89, 0x39, 0xc8, 0x3f, 0x99, 0xb4, 0x6a, 0x2f, 0x1f, 0xb4,
    0x4b, 0x32, 0xca, 0xbb, 0x27, 0xbc, 0xd5, 0xba, 0xa7, 0x3b, 0x33, 0x3d, 0x6e, 0xbe, 0x04, 0xb1,
    0x4f, 0xb9, 0xab, 0xba, 0x3d, 0xbe, 0x16, 0x40, 0x24, 0xc1, 0x32, 0xb5, 0xd0, 0xaa, 0x21, 0xba,
    0x9f, 0x3c, 0xf3, 0xba, 0xb0, 0xbc, 0x29, 0x3b, 0xe7, 0x38, 0xa8, 0xb8, 0xb8, 0x36, 0xb1, 0x39,
    0x3c, 0x3f, 0x30, 0xb3, 0x34, 0xbe, 0x55, 0x38, 0x88, 0x3a, 0x76, 0x37, 0x07, 0x3c, 0xfd, 0xa6,
    0x8c, 0x35, 0xad, 0xc0, 0xca, 0xc0, 0x8d, 0x3b, 0x78, 0xbf, 0x14, 0xbc, 0x5b, 0xbb, 0xa3, 0xad,
    0x1c, 0x28, 0x40, 0xb9, 0x14, 0x31, 0x50, 0xbb, 0xf0, 0x3a, 0x5c, 0xbf, 0x64, 0xc0, 0x55, 0xbc,
    0x0b, 0xaf, 0x88, 0xbe, 0x5f, 0xba, 0xea, 0xb3, 0x97, 0x2a, 0xc2, 0x3e, 0x91, 0xb8, 0x27, 0xb1,
    0xb8, 0xc1, 0xf0, 0x26, 0x70, 0x35, 0x71, 0xb2, 0xa8, 0xb8, 0x2d, 0x3d, 0xab, 0xb8, 0xb1, 0xba,
    0xbe, 0xad, 0xff, 0x33, 0x17, 0xb7, 0xc1, 0x2e, 0xfc, 0x3c, 0xc0, 0xb6, 0xb7, 0xbd, 0x92, 0xbb,
    0xfd, 0xb5, 0x2a, 0x38, 0x8e, 0xb5, 0x91, 0x38, 0xd1, 0x3a, 0x43, 0xba, 0x17, 0x3a, 0xdb, 0x37,
    0x09, 0xbc, 0x5e, 0x3a, 0x1c, 0x32, 0x3a, 0xb0, 0x33, 0x2c, 0x60, 0xba, 0xe6, 0x3a, 0x93, 0x3f,
    0x2e, 0xb9, 0xe0, 0xba, 0x73, 0x3e, 0x80, 0x39, 0xd8, 0xb6, 0x73, 0xb5, 0x17, 0x38, 0x1f, 0x3c,
    0xec, 0xbc, 0x03, 0xbb, 0x80, 0xbf, 0x9f, 0x31, 0x1e, 0x33, 0x3c, 0xba, 0xbf, 0xc1, 0xab, 0x40,
    0x32, 0xbd, 0x64, 0x2f, 0x33, 0x3c, 0xec, 0x35, 0xf0, 0x3a, 0x37, 0xbd, 0x44, 0xb8, 0x77, 0x3c,
    0x09, 0xc0, 0xb4, 0xbb, 0xda, 0x35, 0x3b, 0xbb, 0xff, 0x3a, 0x7e, 0xb8, 0xad, 0x36, 0x2f, 0x38,
    0xa5, 0xc0, 0x26, 0xb8, 0x0c, 0xb5, 0x62, 0x35, 0xb5, 0x3c, 0x93, 0x3a, 0x0c, 0x37, 0x8a, 0x2d,
    0xc4, 0xba, 0x4b, 0x2e, 0x81, 0xb7, 0xe5, 0x30, 0xb8, 0xb6, 0x21, 0x3c, 0xa8, 0x38, 0x19, 0x3a,
    0x68, 0xba, 0x6b, 0x38, 0xa2, 0xae, 0x46, 0xb8, 0xd5, 0xbd, 0xcc, 0x3d, 0x64, 0xb0, 0xca, 0xa8,
    0x14, 0x3b, 0x7d, 0xb8, 0x6c, 0xae, 0x6c, 0x31, 0x52, 0xbe, 0x5f, 0xba, 0x3e, 0xbc, 0x5b, 0xbd,
    0x19, 0x3c, 0xdc, 0xb7, 0x7b, 0xac, 0x68, 0x3c, 0xe8, 0x35, 0x94, 0xba, 0x8c, 0xb7, 0xac, 0xbe,
    0x88, 0xbd, 0x89, 0x31, 0x55, 0xb9, 0xe6, 0x3d, 0x8f, 0x37, 0x14, 0x3c, 0x36, 0xbc, 0x7c, 0x3b,
    0x65, 0xbb, 0xaf, 0x3b, 0x26, 0xb4, 0x6c, 0xbf, 0x23, 0xc0, 0x83, 0x3c, 0x08, 0x3d, 0x5b, 0x3f,
    0xfd, 0xb9, 0x8b, 0x36, 0xfe, 0x3d, 0xc9, 0xae, 0xa7, 0x3b, 0x65, 0x38, 0x2b, 0x38, 0xf6, 0xb9,
    0xbf, 0xb4, 0x63, 0xb5, 0x9a, 0xbb, 0x49, 0x36, 0xf8, 0xba, 0x53, 0xb4, 0x46, 0x3b, 0xfe, 0xb7,
    0x82, 0xb0, 0xa5, 0xbd, 0xb4, 0xae, 0xe8, 0x41, 0x13, 0xae, 0x32, 0x31, 0xf0, 0xbc, 0x58, 0x38,
    0x59, 0xbf, 0x1f, 0xaf, 0xcf, 0x3c, 0x39, 0x3c, 0x55, 0xbd, 0x6f, 0xbb, 0xfa, 0x30, 0x0a, 0x30,
    0x9b, 0x38, 0x15, 0xb4, 0x89, 0xb5, 0x6c, 0x37, 0x70, 0xba, 0xd1, 0xba, 0x77, 0xbb, 0x5b, 0xb5,
    0xa9, 0xab, 0xb6, 0x35, 0x1d, 0xb7, 0xa1, 0x3c, 0xbe, 0xb2, 0xf4, 0xbb, 0xf2, 0x37, 0x69, 0x3c,
    0x8f, 0x40, 0x04, 0x3d, 0xe9, 0xb8, 0xdc, 0xb8, 0xe8, 0xac, 0xcb, 0x39, 0x9c, 0xb8, 0xcf, 0xbe,
    0xe2, 0x37, 0xb2, 0xb6, 0xf6, 0x3c, 0x1f, 0x31, 0x20, 0xb2, 0xd1, 0x3e, 0x9d, 0xad, 0x33, 0xbe,
    0x31, 0xb5, 0x49, 0x25, 0x35, 0x2e, 0xa2, 0xb9, 0x89, 0x3b, 0x8e, 0xb5, 0x87, 0x3d, 0x84, 0xb9,
    0xbc, 0xbd, 0x19, 0xb9, 0x87, 0xb8, 0x45, 0xa9, 0xc1, 0x3b, 0x28, 0x3c, 0xd7, 0xab, 0x40, 0xaf,
    0x6f, 0xb2, 0x0d, 0x40, 0x85, 0x3c, 0x9a, 0x36, 0x84, 0x3b, 0xb6, 0xbb, 0x2d, 0xb5, 0x25, 0xba,
    0x55, 0x3f, 0x86, 0xb8, 0x6d, 0x3f, 0x19, 0x3a, 0xe7, 0xba, 0x20, 0xb3, 0x64, 0x3a, 0x5b, 0xba,
    0xe9, 0xa1, 0xbe, 0x3c, 0x04, 0xbb, 0x32, 0xc0, 0x2b, 0xbc, 0x96, 0xb6, 0xe6, 0x31, 0x3f, 0xb8,
    0x05, 0x38, 0xcb, 0xa8, 0x83, 0xb7, 0xad, 0x3c, 0xd6, 0xa9, 0x9d, 0xb4, 0xab, 0xb6, 0xf3, 0x17,
    0x48, 0xb8, 0x48, 0xb6, 0x9f, 0xbd, 0x3f, 0xb4, 0xc6, 0xb8, 0x81, 0x3b, 0x47, 0xb4, 0x39, 0xb5,
    0x2b, 0xbe, 0xec, 0xb2, 0xf6, 0x3a, 0x55, 0xbb, 0xcf, 0xbd, 0xed, 0xb5, 0x35, 0x2e, 0xa9, 0xb8,
    0x8a, 0x3c, 0x35, 0x24, 0xf7, 0xb9, 0x4d, 0xc0, 0x61, 0xbd, 0x2b, 0x3b, 0xee, 0xb8, 0x70, 0xb8,
    0x10, 0x36, 0x67, 0xb5, 0x67, 0xc0, 0x77, 0xbf, 0xbb, 0xb5, 0x68, 0x37, 0x5c, 0x3a, 0x3d, 0x38,
    0xc5, 0x3d, 0xa5, 0xbc, 0x31, 0xb1, 0x8d, 0xbb, 0x7e, 0xb4, 0x1d, 0xbe, 0xb4, 0xbe, 0x8b, 0x3c,
    0x46, 0x3a, 0x94, 0x38, 0x59, 0x34, 0x6e, 0xb8, 0x20, 0xb2, 0x3a, 0x3b, 0x80, 0xbb, 0x8b, 0xbb,
    0x1d, 0x38, 0x60, 0x43, 0x5d, 0xc0, 0xb5, 0x3d, 0x44, 0x38, 0xfb, 0xb8, 0x77, 0xb6, 0x8f, 0x35,
    0xbe, 0xc1, 0x67, 0xbe, 0xa4, 0x3d, 0xdb, 0x3e, 0xb1, 0x3c, 0xb7, 0x3c, 0xa9, 0x3a, 0x22, 0xba,
    0x64, 0x38, 0x89, 0x40, 0x79, 0xb9, 0x86, 0xba, 0x57, 0x39, 0x7f, 0xb9, 0x62, 0xbe, 0xab, 0x30,
    0x25, 0xb5, 0x51, 0xbc, 0x97, 0xb4, 0xfb, 0xbe, 0xb7, 0xaf, 0xa6, 0xbc, 0x83, 0x37, 0xb7, 0x3a,
    0x39, 0x35, 0x1c, 0x39, 0x28, 0xbd, 0x4c, 0xbc, 0x2d, 0xbd, 0xed, 0x36, 0xed, 0xb9, 0x37, 0xbb,
    0x87, 0x3d, 0x7f, 0xbd, 0x95, 0xb0, 0xb4, 0xbb, 0x1e, 0x3c, 0xd4, 0xba, 0x39, 0xbc, 0xa8, 0x38,
    0x34, 0x33, 0x53, 0x39, 0x66, 0x3d, 0xb1, 0xbe, 0x79, 0x39, 0x89, 0x3d, 0x25, 0x2e, 0xad, 0xb0,
    0x52, 0xad, 0x55, 0x34, 0xab, 0x38, 0x2f, 0x3a, 0x95, 0xb7, 0xd9, 0x3d, 0x9a, 0xbb, 0x19, 0x37,
    0x51, 0x2b, 0xed, 0x3d, 0x73, 0x3c, 0x6a, 0xb6, 0x2b, 0x2c, 0x84, 0x3c, 0x9d, 0xb4, 0x7b, 0xac,
    0x29, 0xb8, 0x4d, 0xb3, 0x78, 0x39, 0x33, 0x32, 0x70, 0x3c, 0x39, 0xb9, 0xea, 0xba, 0x26, 0xbc,
    0x61, 0x31, 0xba, 0x3a, 0x47, 0xba, 0xb7, 0xbe, 0x57, 0x3e, 0xf8, 0xbd, 0xaf, 0xbe, 0x4e, 0x3a,
    0x72, 0xb6, 0xd0, 0x2e, 0xf5, 0xb7, 0x30, 0x32, 0x5e, 0x30, 0x77, 0xbf, 0x63, 0x3d, 0xe5, 0x36,
    0x8b, 0x34, 0xed, 0xbc, 0x8a, 0xbd, 0x56, 0xb8, 0x9b, 0xb6, 0xd2, 0x3f, 0x2d, 0xa4, 0x14, 0xb8,
    0xd7, 0x27, 0xf5, 0xb4, 0x28, 0x38, 0x78, 0x39, 0xa3, 0x38, 0xb0, 0xb9, 0xf2, 0x35, 0xfa, 0xbc,
    0xa3, 0x3d, 0x5e, 0x28, 0x1e, 0x39, 0xfe, 0x2f, 0x0e, 0xbb, 0x22, 0x3d, 0x99, 0x31, 0x0e, 0xb7,
    0x02, 0xae, 0x8d, 0x35, 0x25, 0xbb, 0xe8, 0xbb, 0xc5, 0x3c, 0x09, 0x37, 0x20, 0xc0, 0xdf, 0x3d,
    0x61, 0xb7, 0x31, 0xba, 0x67, 0xb7, 0x5d, 0x33, 0xed, 0x3a, 0xa3, 0x32, 0xdb, 0x3d, 0x04, 0x3a,
    0x9a, 0x3f, 0x20, 0xb6, 0x5b, 0x35, 0x4b, 0xb9, 0x35, 0xbc, 0x7a, 0x40, 0xb8, 0xbe, 0x5a, 0x23,
    0x59, 0x3b, 0xf2, 0xba, 0x9f, 0x3e, 0xdb, 0xba, 0x56, 0xb2, 0x3d, 0xb1, 0xe8, 0x3f, 0x79, 0xbf,
    0x39, 0x3a, 0x9d, 0x34, 0xeb, 0xb8, 0x07, 0x38, 0x09, 0xb9, 0xf7, 0xc0, 0x43, 0xbc, 0x84, 0x1f,
    0x1b, 0xbb, 0x90, 0x39, 0x89, 0xb6, 0x15, 0x34, 0x78, 0xb6, 0xd3, 0x2c, 0x10, 0xb9, 0x12, 0xb4,
    0x0d, 0xaf, 0xc7, 0xbc, 0xa9, 0x33, 0x51, 0x3b, 0xa1, 0x3c, 0x26, 0xbc, 0xe2, 0x3f, 0xd9, 0xb8,
    0xff, 0xb7, 0x2b, 0x38, 0x26, 0xbf, 0xc5, 0x3b, 0xc6, 0xbd, 0x68, 0x3b, 0xa8, 0xbd, 0x22, 0xb9,
    0xef, 0x37, 0x50, 0x38, 0xc3, 0x38, 0xf6, 0x39, 0x83, 0x2c, 0xb0, 0x33, 0x10, 0x1f, 0xf3, 0xb9,
    0x23, 0x26, 0x60, 0x34, 0xf2, 0xb6, 0x89, 0x32, 0xc4, 0x2e, 0x47, 0xbc, 0x65, 0xb8, 0x13, 0x3c,
    0xd5, 0x3d, 0xc2, 0xbc, 0x69, 0x3c, 0xa1, 0x3c, 0x90, 0xbb, 0x8c, 0x34, 0xf9, 0x3c, 0x1e, 0x3d,
    0xf1, 0xbe, 0xb6, 0x37, 0x66, 0x3c, 0xd2, 0x3a, 0x37, 0x2a, 0x79, 0xbd, 0x45, 0xad, 0xec, 0x38,
    0x68, 0xbb, 0x03, 0xba, 0x25, 0xb7, 0xdf, 0x30, 0xba, 0x36, 0xc9, 0x38, 0x4e, 0xb8, 0x38, 0x38,
    0x3a, 0xb5, 0xbf, 0x3c, 0x70, 0xb5, 0xbd, 0xba, 0x5c, 0x3d, 0x36, 0xbc, 0xab, 0x38, 0xe9, 0xaf,
    0x15, 0xae, 0xc4, 0x3a, 0xa1, 0xad, 0xab, 0x34, 0xd8, 0xb6, 0x11, 0x2a, 0x4b, 0xb6, 0xb9, 0xbb,
    0x38, 0xb3, 0x40, 0xb9, 0x2b, 0xb7, 0xc5, 0xbc, 0x68, 0xb9, 0xe5, 0xbc, 0xb0, 0xbe, 0xd3, 0x3b,
    0x4c, 0x37, 0x01, 0x41, 0x58, 0xbc, 0x53, 0xb0, 0x12, 0x3d, 0xd2, 0x2e, 0xf7, 0xbc, 0x1a, 0xbd,
    0x68, 0x3f, 0x4d, 0x31, 0x90, 0xa6, 0xd3, 0x31, 0x30, 0xbc, 0xe8, 0x38, 0x9f, 0x3b, 0xba, 0x3b,
    0x80, 0xbc, 0xae, 0x36, 0x81, 0xbc, 0xe8, 0x3b, 0xb4, 0xb7, 0x57, 0xb5, 0x82, 0xb7, 0x29, 0xb5,
    0x44, 0x2b, 0xdd, 0xba, 0xb5, 0x34, 0x7e, 0x39, 0x91, 0x3f, 0x22, 0x3a, 0xb2, 0x38, 0xd0, 0x3e,
    0x71, 0xb6, 0x12, 0x3f, 0x93, 0x40, 0xe2, 0xb5, 0x09, 0x3c, 0x11, 0xbc, 0x2e, 0xbc, 0xda, 0xc0,
    0x5a, 0xba, 0xb3, 0x3c, 0x85, 0x41, 0x22, 0x38, 0xc2, 0xba, 0xeb, 0xba, 0x69, 0x21, 0x68, 0x3b,
    0x3a, 0xb5, 0xe8, 0xbd, 0x72, 0xa9, 0x86, 0xbb, 0xf4, 0x35, 0xbe, 0x3e, 0x8c, 0x3a, 0xa1, 0xb7,
    0x87, 0x38, 0x56, 0xc0, 0x79, 0x38, 0x4a, 0xb7, 0x9d, 0x3d, 0x13, 0x39, 0x47, 0xb8, 0xdd, 0x34,
    0x43, 0xb7, 0x19, 0x36, 0x26, 0xb5, 0xe3, 0x3c, 0xe1, 0x35, 0x69, 0x3e, 0xd0, 0x31, 0x06, 0xb1,
    0xe0, 0xbb, 0x30, 0x39, 0x53, 0x34, 0x6d, 0x3b, 0x4e, 0xbd, 0x22, 0x3b, 0x72, 0x2d, 0x13, 0xbd,
    0xa8, 0xad, 0x6c, 0xba, 0xc9, 0x3b, 0xb9, 0xbc, 0x8f, 0x34, 0x60, 0x41, 0x38, 0xba, 0x40, 0xba,
    0x09, 0xbc, 0x78, 0xbf, 0x56, 0x3a, 0x72, 0xbc, 0x24, 0xb9, 0x83, 0xbd, 0x43, 0x3d, 0x1f, 0x3a,
    0x38, 0xbd, 0x74, 0xb5, 0x3f, 0xbc, 0xcb, 0xbd, 0xfd, 0xaf, 0x7e, 0x3b, 0xb3, 0x9e, 0x79, 0x3f,
    0x53, 0xba, 0xa7, 0xbe, 0x4b, 0xb7, 0x0c, 0x35, 0x9a, 0x34, 0x55, 0x33, 0x70, 0xb7, 0x3b, 0xbd,
    0x12, 0xb4, 0xe8, 0xbb, 0xe1, 0xbc, 0x7d, 0x3c, 0x04, 0x34, 0xfb, 0x37, 0x3c, 0xbc, 0xe1, 0xae,
    0xea, 0xba, 0xe5, 0x39, 0x22, 0xac, 0x3e, 0xb8, 0x86, 0xa9, 0xac, 0x40, 0x31, 0x35, 0x3a, 0x3a,
    0x65, 0xb7, 0xcb, 0xc1, 0x32, 0x3c, 0x02, 0x3d, 0x8e, 0x39, 0xb9, 0x37, 0xcd, 0x38, 0x1c, 0x2b,
    0x65, 0x3f, 0xc9, 0x3e, 0xa2, 0xa5, 0xf3, 0xbd, 0x99, 0xa4, 0xc3, 0x35, 0xc8, 0x36, 0x2f, 0x3b,
    0x40, 0xbc, 0x12, 0xbd, 0xb6, 0xbe, 0xc7, 0x39, 0x8e, 0xb4, 0xec, 0x3c, 0xa3, 0xb9, 0x49, 0x3d,
    0xd3, 0xb5, 0x34, 0x2a, 0x40, 0x36, 0x01, 0xb8, 0xc7, 0xb8, 0x04, 0x34, 0xe2, 0xb6, 0x7f, 0x34,
    0xdb, 0x3d, 0x57, 0x3b, 0x8c, 0xb8, 0x30, 0x34, 0x0f, 0xb9, 0x90, 0xb7, 0xa8, 0x3f, 0x55, 0x38,
    0xc4, 0xb6, 0x28, 0x3c, 0x36, 0x3a, 0x0b, 0xbc, 0xe1, 0x36, 0x23, 0x39, 0xba, 0x3c, 0xb4, 0x32,
    0x5b, 0xc1, 0x06, 0x3e, 0xb6, 0x35, 0x73, 0x3a, 0xce, 0x3a, 0x9b, 0xbb, 0x5c, 0x3c, 0xb7, 0xb5,
    0x1c, 0xb8, 0xf9, 0xb6, 0x64, 0xba, 0x48, 0xb7, 0xcc, 0xb5, 0x53, 0x41, 0xfb, 0xbf, 0xa4, 0x3f,
    0x96, 0xb7, 0x3c, 0xbd, 0xde, 0xb8, 0x08, 0x3a, 0x5a, 0x38, 0x85, 0xba, 0x64, 0xba, 0x7b, 0x34,
    0x54, 0xb7, 0x26, 0x3b, 0x53, 0xb3, 0x0c, 0xbd, 0x1d, 0xbd, 0x51, 0xb4, 0x12, 0xbf, 0xbf, 0x3d,
    0xe9, 0xbd, 0x1a, 0xbb, 0x9b, 0xbb, 0x9c, 0x38, 0x13, 0x35, 0x31, 0x3c, 0x80, 0x31, 0x6b, 0xb7,
    0x09, 0x30, 0x84, 0xb4, 0x45, 0xbf, 0x0c, 0xb2, 0x88, 0xba, 0xcc, 0xbc, 0x6e, 0x36, 0xb0, 0xb4,
    0xe6, 0x38, 0x61, 0xb2, 0xbc, 0x3a, 0xb3, 0x2b, 0x3a, 0x38, 0xda, 0xa1, 0x89, 0x3b, 0xf8, 0xb5,
    0x6e, 0xba, 0xf6, 0x37, 0x2e, 0x2c, 0x5d, 0xb8, 0x16, 0xb2, 0xef, 0xb3, 0x25, 0xb1, 0x22, 0xb9,
    0x24, 0xbe, 0x9d, 0x32, 0x11, 0xb1, 0x25, 0x34, 0xec, 0xc1, 0x47, 0xb8, 0x9b, 0xb7, 0x06, 0x3e,
    0x90, 0xb8, 0x1a, 0x39, 0x82, 0x3b, 0x80, 0x39, 0xdd, 0x3c, 0x76, 0xa8, 0x78, 0xa9, 0xce, 0xbb,
    0x53, 0xbc, 0x2a, 0x3d, 0x78, 0x3a, 0x8d, 0xbd, 0xe7, 0xb8, 0x08, 0x3d, 0xfa, 0x3a, 0xac, 0x33,
    0xc8, 0xb9, 0x9f, 0x39, 0x5d, 0x3b, 0xd7, 0x3c, 0x1a, 0xb4, 0x65, 0x37, 0xc9, 0xb6, 0xec, 0xbc,
    0x49, 0xbb, 0xee, 0xbc, 0xb7, 0xbd, 0x81, 0xba, 0x3f, 0xbb, 0x19, 0x3b, 0xd5, 0x25, 0xc5, 0xc1,
    0x72, 0x35, 0xa0, 0xb1, 0xf1, 0xbc, 0x48, 0x38, 0x62, 0x39, 0x82, 0x38, 0xb0, 0xad, 0x15, 0xb8,
    0xb5, 0xc0, 0x28, 0xb7, 0x7c, 0xbd, 0x2d, 0xa3, 0x98, 0x2b, 0x6b, 0xc0, 0xe8, 0xbd, 0x77, 0x3b,
    0x85, 0x34, 0xcd, 0xba, 0xb6, 0x35, 0x01, 0xba, 0xbf, 0xbe, 0xe2, 0x34, 0x77, 0xb2, 0x10, 0x3b,
    0x3a, 0x35, 0x6b, 0x34, 0x0d, 0xb4, 0x91, 0xb2, 0x16, 0xb5, 0x4b, 0x38, 0x67, 0x38, 0xa3, 0xad,
    0xe0, 0xbb, 0x3d, 0x38, 0xf5, 0x33, 0x18, 0x3c, 0xc5, 0xb8, 0x08, 0x3a, 0x89, 0xbc, 0x4e, 0x30,
    0x58, 0xb7, 0x5d, 0xbd, 0x87, 0xbe, 0x99, 0xb7, 0x3a, 0x37, 0x7a, 0x3b, 0x3a, 0x3d, 0xab, 0x3a,
    0x7a, 0xba, 0x7e, 0x33, 0x92, 0xb6, 0x63, 0xbb, 0xa7, 0xbc, 0xe5, 0x3b, 0x3a, 0x3c, 0x20, 0xbe,
    0x6b, 0x3c, 0xcb, 0x35, 0x2b, 0xc0, 0xe2, 0xba, 0x54, 0xbd, 0xf4, 0x40, 0xb8, 0xba, 0x99, 0xbc,
    0xa0, 0xb6, 0xc0, 0x3e, 0x93, 0xbd, 0xa8, 0x35, 0xfb, 0xb6, 0xc4, 0x3a, 0x87, 0xbd, 0xfe, 0x39,
    0x4d, 0x27, 0xba, 0x3c, 0x9a, 0xbd, 0xe0, 0x33, 0xc7, 0x2b, 0xce, 0x36, 0xb6, 0x3a, 0x7e, 0xb0,
    0x21, 0x36, 0x89, 0xb5, 0x49, 0xb9, 0x2d, 0x3f, 0xe9, 0xb8, 0xc3, 0x3b, 0x66, 0xbe, 0xb5, 0xb9,
    0xe1, 0x3c, 0xb2, 0xa4, 0x50, 0x32, 0x37, 0xbb, 0x9e, 0xb9, 0x57, 0x2d, 0x5b, 0xb5, 0xa1, 0x3c,
    0x44, 0x3b, 0x84, 0x41, 0xc7, 0xba, 0x46, 0x3c, 0xb3, 0x3d, 0x08, 0x32, 0xf7, 0x35, 0xcc, 0xbe,
    0xaa, 0x3c, 0x93, 0x34, 0x41, 0xbc, 0x54, 0x3c, 0x2a, 0x3e, 0x6a, 0x31, 0xa3, 0x3f, 0xb8, 0x36,
    0x4e, 0xb8, 0xe2, 0x31, 0x0f, 0x3c, 0x21, 0xa6, 0xb7, 0xb4, 0xbf, 0xb6, 0xd8, 0xb8, 0x86, 0xb6,
    0x22, 0x38, 0xef, 0x36, 0x62, 0x3e, 0xbb, 0x2a, 0x64, 0x2e, 0x6e, 0x3f, 0x40, 0xbb, 0x19, 0xbf,
    0x0a, 0xbb, 0x1d, 0x39, 0xf5, 0x42, 0x6b, 0xba, 0xfc, 0x2f, 0xc1, 0xc0, 0xa7, 0xbf, 0x9d, 0x33,
    0xd1, 0xb5, 0xab, 0x39, 0x74, 0xbe, 0x4b, 0x3a, 0x8b, 0x3f, 0x47, 0x40, 0x3b, 0xbb, 0xcc, 0x3a,
    0xf4, 0xb5, 0x26, 0xbd, 0x63, 0xbc, 0x41, 0xb1, 0xd4, 0x3e, 0xe1, 0x37, 0x6a, 0x2e, 0x3f, 0x3d,
    0xf8, 0x40, 0xf2, 0x36, 0x84, 0xbe, 0x1f, 0x29, 0xc4, 0x32, 0x91, 0x38, 0x42, 0x3e, 0x29, 0x3e,
    0xf7, 0xb5, 0x21, 0xbf, 0x88, 0xb4, 0x91, 0xbe, 0xda, 0x3c, 0x9b, 0xbc, 0x17, 0xa9, 0x40, 0x38,
    0xdd, 0x32, 0x4e, 0x39, 0x4b, 0x33, 0xaa, 0xbd, 0x32, 0xba, 0x78, 0xaa, 0xd1, 0xb9, 0xb7, 0xb5,
    0x4a, 0xbb, 0x3d, 0xaf, 0x85, 0x3e, 0xc9, 0x32, 0xc0, 0x3d, 0x97, 0x3b, 0x00, 0xb5, 0x20, 0x37,
    0x1a, 0x38, 0x56, 0x3c, 0xae, 0xbc, 0x1f, 0xa8, 0x8f, 0xbc, 0x25, 0x39, 0x65, 0xbd, 0x26, 0xb5,
    0x1b, 0xb1, 0xbf, 0x28, 0xdf, 0xb4, 0x0d, 0xb9, 0x20, 0xb1, 0x98, 0xb2, 0xc8, 0xbe, 0xf6, 0xb7,
    0x43, 0x3b, 0x03, 0x38, 0x55, 0xb0, 0x2c, 0x3e, 0xe4, 0x35, 0x0b, 0x36, 0xb2, 0xbd, 0xf6, 0x37,
    0x09, 0x37, 0x5f, 0xb9, 0x36, 0x3d, 0x99, 0x3c, 0x71, 0x3d, 0xcf, 0x2c, 0xb5, 0x15, 0x2a, 0xbd,
    0x47, 0x3c, 0x79, 0xbd, 0x6f, 0xaf, 0xef, 0xba, 0xbd, 0x37, 0xb7, 0x3c, 0xd3, 0x3d, 0x02, 0xa9,
    0x14, 0xbc, 0x95, 0x37, 0xbf, 0x38, 0x89, 0xb3, 0x58, 0x3a, 0xf1, 0xbe, 0xe4, 0xbe, 0x33, 0xbd,
    0xce, 0x3b, 0xc5, 0x2e, 0xd1, 0x38, 0x2c, 0x3c, 0x03, 0x42, 0x73, 0xb9, 0xa7, 0x3a, 0xd5, 0x3a,
    0xec, 0xb5, 0x15, 0xb8, 0xe2, 0xb8, 0x2a, 0xb6, 0x98, 0xc0, 0xcc, 0xbc, 0x0a, 0x21, 0x38, 0x37,
    0x55, 0xbe, 0x63, 0xad, 0x40, 0x42, 0x3f, 0xb4, 0x23, 0x32, 0x1a, 0xbe, 0xac, 0x38, 0x01, 0x27,
    0x2a, 0x3f, 0xa2, 0x33, 0x1f, 0x2f, 0xd7, 0x33, 0x9f, 0xb9, 0x14, 0x32, 0xe6, 0xbb, 0x2b, 0x3a,
    0x48, 0xc0, 0x19, 0xb4, 0xdd, 0x2e, 0xf4, 0x36, 0x95, 0x31, 0xbe, 0xb2, 0x51, 0x3a, 0x4e, 0xba,
    0x06, 0x3f, 0x85, 0xae, 0x36, 0xb8, 0x69, 0xb8, 0x05, 0x32, 0xb8, 0x39, 0xf4, 0xb2, 0x73, 0x35,
    0xaf, 0x39, 0x38, 0xbc, 0x2a, 0x3a, 0x5a, 0x3c, 0x8d, 0x3c, 0x28, 0xb4, 0x5d, 0xbc, 0x6d, 0x3a,
    0x1c, 0x38, 0x40, 0x3f, 0xc8, 0x30, 0x48, 0x33, 0xb8, 0x3e, 0x24, 0x3d, 0xce, 0xba, 0x8e, 0x3b,
    0x7b, 0xb0, 0xf2, 0xb9, 0x53, 0x40, 0x8c, 0x3f, 0x5c, 0xbb, 0x2f, 0x32, 0x66, 0x37, 0x34, 0x36,
    0xc2, 0x3a, 0x22, 0x2b, 0xa3, 0x16, 0xe0, 0x3d, 0x01, 0xb0, 0x96, 0x3b, 0x15, 0xbf, 0xca, 0xbd,
    0xd0, 0xae, 0x71, 0x3b, 0x71, 0xb1, 0xb6, 0x39, 0x53, 0x38, 0x16, 0x41, 0xf7, 0x38, 0x4a, 0xb8,
    0x99, 0x41, 0x53, 0xb6, 0xb1, 0xb9, 0xd0, 0x32, 0x8e, 0x3c, 0xba, 0xb8, 0xbc, 0x30, 0xc0, 0xb8,
    0x9c, 0xb2, 0x39, 0x3d, 0xb6, 0x34, 0xdd, 0xbe, 0x60, 0x34, 0x98, 0xbe, 0xb5, 0x3e, 0xbd, 0x39,
    0x37, 0xc0, 0x9a, 0x39, 0x34, 0x3e, 0x77, 0x3c, 0xda, 0x3a, 0x64, 0xac, 0x99, 0x30, 0x69, 0x3f,
    0xfc, 0xba, 0x2f, 0x2a, 0xa7, 0x34, 0x25, 0xbe, 0xf4, 0xaf, 0x0c, 0xb9, 0x0a, 0xb4, 0x12, 0xbd,
    0xf2, 0xb5, 0xf8, 0xb9, 0x43, 0x30, 0x0a, 0x25, 0x6a, 0x3d, 0x0e, 0xb0, 0x69, 0xb7, 0x7f, 0x41,
    0xc6, 0x3d, 0x8b, 0x3c, 0xf5, 0xbd, 0x25, 0xba, 0x2e, 0x3b, 0xe0, 0xb1, 0xa1, 0xb9, 0x81, 0x3a,
    0x5e, 0xc0, 0x4a, 0x3d, 0x12, 0xbc, 0xb4, 0xb8, 0xd1, 0x3a, 0x76, 0x3a, 0x1e, 0xb2, 0x23, 0x3d,
    0xec, 0xb1, 0x7f, 0xc0, 0xa1, 0xbd, 0xf3, 0x3f, 0xc8, 0x3d, 0xb1, 0xb9, 0x87, 0x39, 0xc3, 0xb8,
    0xc2, 0xbb, 0x92, 0x3e, 0x9c, 0xbc, 0x9e, 0x35, 0xec, 0xb4, 0x20, 0x3a, 0x25, 0xba, 0x0f, 0xb8,
    0x8c, 0xc1, 0xb6, 0xa9, 0x14, 0x3c, 0xfb, 0xbf, 0x0c, 0xbd, 0xe6, 0xbd, 0xcd, 0xa8, 0x19, 0xbd,
    0xe1, 0xb8, 0xb4, 0xb9, 0x5a, 0xb0, 0xb5, 0xb8, 0x80, 0x38, 0x4b, 0xba, 0x33, 0xb8, 0x56, 0x35,
    0x5c, 0x3c, 0x9f, 0xbc, 0xc1, 0x31, 0xd5, 0xb9, 0x29, 0xb8, 0x14, 0x98, 0xc1, 0x38, 0xc9, 0xb3,
    0x10, 0xb5, 0x3a, 0xba, 0x6a, 0x39, 0x35, 0xbd, 0x9d, 0x3b, 0xd7, 0xba, 0xdb, 0xb7, 0xd2, 0x3f,
    0x9a, 0xbc, 0xe4, 0xb5, 0xa6, 0x3a, 0xaa, 0x34, 0x8c, 0xb5, 0x47, 0x3f, 0xb0, 0x2b, 0xf8, 0x3e,
    0x1f, 0x3d, 0xe5, 0xb4, 0x9c, 0x20, 0xab, 0xb2, 0x46, 0xb5, 0x24, 0x3b, 0x59, 0xb1, 0x89, 0x34,
    0x5c, 0x2e, 0x04, 0x3d, 0x50, 0xb9, 0x1a, 0x38, 0x40, 0xb6, 0x96, 0x35, 0xd6, 0xb9, 0x81, 0x2d,
    0x82, 0x34, 0x41, 0x3c, 0x05, 0xbb, 0x36, 0x3d, 0x48, 0xba, 0xc2, 0xbc, 0x90, 0x34, 0x7a, 0x3d,
    0x63, 0x38, 0xce, 0x3c, 0xdc, 0xb4, 0xdd, 0xb9, 0xa4, 0x3e, 0xbd, 0xb4, 0x3f, 0x3d, 0x67, 0xb7,
    0x2e, 0x33, 0xc8, 0x30, 0xb5, 0xa8, 0xcf, 0x3b, 0xae, 0x1c, 0x46, 0x31, 0xdf, 0xb8, 0x25, 0x3d,
    0x18, 0xac, 0xb6, 0x39, 0xe4, 0xb6, 0xcd, 0x38, 0xe8, 0x3e, 0x79, 0xb4, 0xa6, 0xbd, 0xfe, 0xb9,
    0x48, 0xb1, 0x59, 0x3e, 0x49, 0x2c, 0xde, 0xbc, 0x09, 0xb8, 0xcb, 0xb8, 0xf8, 0x38, 0x62, 0x37,
    0x28, 0x2e, 0x51, 0x3a, 0x6e, 0xb2, 0x0e, 0x31, 0x85, 0x3a, 0x98, 0xb8, 0x0d, 0x32, 0x6e, 0xba,
    0x8e, 0xb7, 0x7a, 0xbe, 0xb6, 0xbf, 0x32, 0x3b, 0xee, 0xbd, 0x02, 0xc0, 0xaf, 0x2a, 0xb6, 0x3c,
    0xa0, 0xae, 0x45, 0x3e, 0x1d, 0xb1, 0x9b, 0x37, 0x60, 0xb5, 0xfc, 0x3f, 0xf8, 0x3c, 0x5e, 0xa0,
    0x35, 0xbd, 0x18, 0xbe, 0xa0, 0xaf, 0x79, 0x34, 0xad, 0xc0, 0x91, 0x3c, 0xa0, 0xbe, 0x1a, 0x3a,
    0xf4, 0xbb, 0x52, 0x40, 0xee, 0xbc, 0xcf, 0x34, 0xa6, 0xba, 0x0b, 0xb7, 0xdf, 0x38, 0xed, 0x37,
    0x33, 0x37, 0xbf, 0x3d, 0x43, 0xc0, 0xbf, 0x39, 0xcb, 0xb7, 0x51, 0xbc, 0xd4, 0xb8, 0xe0, 0x32,
    0x5b, 0x30, 0xf5, 0xb5, 0xdd, 0xbc, 0x44, 0xbe, 0x03, 0xb5, 0x12, 0xbc, 0x7d, 0x39, 0xb4, 0x32,
    0x0b, 0x3d, 0x79, 0xbb, 0x10, 0xba, 0x74, 0xab, 0x6d, 0x3f, 0x0c, 0x3c, 0x16, 0xac, 0x43, 0xa9,
    0xb0, 0xbf, 0x11, 0x3e, 0x8b, 0x39, 0x79, 0x3a, 0x10, 0xb8, 0x56, 0x3c, 0x80, 0x3a, 0x58, 0x29,
    0x99, 0x3d, 0xf5, 0x34, 0x26, 0x34, 0x7d, 0xbd, 0x5f, 0xbc, 0x43, 0xbb, 0x8f, 0x3d, 0x7e, 0x3a,
    0x68, 0x34, 0xbb, 0xb7, 0x9f, 0x39, 0xf3, 0x3c, 0xbe, 0xbe, 0x1a, 0xb5, 0xca, 0x3e, 0xfd, 0xba,
    0x31, 0xb2, 0xd6, 0x3c, 0x8b, 0xbb, 0x04, 0x2e, 0x43, 0x2c, 0x15, 0xb3, 0xfa, 0x2d, 0xb0, 0xb8,
    0x3b, 0xbc, 0x02, 0xbd, 0xa7, 0x37, 0x11, 0xbc, 0xca, 0x3c, 0x1a, 0x35, 0x10, 0xbd, 0xad, 0x3e,
    0xda, 0x39, 0x7c, 0xbb, 0x30, 0xb9, 0xa3, 0x39, 0x5e, 0x2a, 0xe6, 0xb2, 0x54, 0xc0, 0xa9, 0x38,
    0x76, 0x3b, 0x58, 0x3f, 0x67, 0x3c, 0x59, 0xba, 0x3d, 0x38, 0x09, 0x3f, 0x96, 0x3d, 0xbe, 0xac,
    0x55, 0xb7, 0x0f, 0xc0, 0x78, 0x3d, 0xab, 0xc0, 0x18, 0x3c, 0xf1, 0x3f, 0x02, 0xbd, 0xc2, 0xbc,
    0xbb, 0xb2, 0x2c, 0xba, 0xf2, 0x3d, 0xd8, 0x3e, 0xed, 0x24, 0x43, 0x3c, 0xee, 0xb1, 0x48, 0xb8,
    0x23, 0xb9, 0x67, 0x3e, 0xdf, 0xba, 0x6e, 0x35, 0xeb, 0x30, 0xa6, 0xbe, 0xed, 0x37, 0x38, 0x32,
    0x1e, 0x31, 0xbe, 0x37, 0xd2, 0x31, 0x99, 0x32, 0x98, 0x3e, 0xe5, 0xb0, 0x1b, 0x34, 0x55, 0x24,
    0xcb, 0xbc, 0x9c, 0x37, 0x22, 0x40, 0xe2, 0xb5, 0xbf, 0xb6, 0x3a, 0xc0, 0x56, 0x38, 0x3f, 0x3f,
    0x41, 0x28, 0xfa, 0x3a, 0x77, 0xb2, 0x7a, 0x35, 0xf3, 0x3c, 0xa0, 0x3c, 0xef, 0xb0, 0xa9, 0xb2,
    0xf2, 0x37, 0x09, 0xbe, 0x07, 0x30, 0xfa, 0xbe, 0x41, 0x3c, 0x10, 0xbc, 0xc7, 0xbd, 0x14, 0x38,
    0x89, 0xbb, 0x39, 0x3b, 0x44, 0x40, 0x51, 0x36, 0x90, 0x39, 0x3e, 0xb0, 0x5a, 0xb5, 0xda, 0xb9,
    0x43, 0xba, 0x93, 0xb3, 0x2c, 0x3a, 0xa9, 0x30, 0xbc, 0x3b, 0x2d, 0x3c, 0x87, 0x37, 0x6c, 0x39,
    0x7a, 0xba, 0x9a, 0xb1, 0x8c, 0xb9, 0xa1, 0x3a, 0x13, 0x3f, 0x1b, 0xbe, 0x3c, 0xc0, 0x56, 0x36,
    0xac, 0x3d, 0xc9, 0xb8, 0xfc, 0x36, 0x9a, 0x38, 0x5e, 0x3c, 0x82, 0x34, 0x99, 0x32, 0x96, 0x37,
    0xb8, 0xbe, 0x1f, 0x35, 0x18, 0x2e, 0xa8, 0x39, 0x67, 0x38, 0xd7, 0xb4, 0x53, 0xb9, 0xac, 0xbc,
    0x4d, 0xa9, 0x1d, 0x3a, 0xf3, 0x3c, 0xe2, 0xb0, 0xa1, 0xbb, 0xb7, 0xbf, 0x28, 0xb5, 0xb5, 0x40,
    0x12, 0xbb, 0xa6, 0xbe, 0x92, 0x39, 0xa5, 0x2c, 0x01, 0xbc, 0x15, 0xbf, 0x71, 0xb8, 0x06, 0xb4,
    0x01, 0x39, 0xdb, 0xb2, 0x15, 0x41, 0xa3, 0xb4, 0xf5, 0x3d, 0xa1, 0xb8, 0x29, 0x39, 0xfb, 0xb3,
    0x6c, 0x3f, 0xd2, 0xba, 0x7c, 0x34, 0xc8, 0x30, 0x04, 0x33, 0x03, 0xb5, 0xfa, 0xaa, 0x2a, 0xb9,
    0x6c, 0x38, 0x3f, 0x38, 0x8f, 0x3d, 0x36, 0xb2, 0x45, 0xb7, 0xeb, 0x35, 0x42, 0x31, 0xa8, 0x3a,
    0xbb, 0xbc, 0x66, 0x3d, 0x0b, 0x39, 0xeb, 0xbe, 0x92, 0x9d, 0x75, 0xc2, 0xfd, 0x40, 0x5a, 0x34,
    0x50, 0x3c, 0x47, 0x3b, 0x52, 0x40, 0x5e, 0xbb, 0x3d, 0x33, 0xe2, 0xae, 0xb9, 0xb5, 0x4d, 0xb6,
    0xc0, 0xb8, 0x0a, 0xbb, 0x19, 0xbb, 0x44, 0xb9, 0x41, 0xb9, 0x0d, 0xb4, 0x86, 0xb5, 0xa3, 0xbd,
    0x80, 0xbd, 0x1a, 0x2d, 0xf9, 0x1f, 0xcb, 0xba, 0xc5, 0x38, 0xc4, 0x3f, 0xb1, 0xb3, 0xc9, 0xba,
    0x5b, 0x3a, 0xcb, 0xb5, 0x8d, 0x3c, 0x99, 0x2c, 0xc3, 0xc0, 0x25, 0x3b, 0x6f, 0x31, 0x5d, 0xb6,
    0x59, 0x39, 0x7e, 0x35, 0xff, 0xba, 0x69, 0x3a, 0xc6, 0xbc, 0xe4, 0x35, 0xce, 0x36, 0xe1, 0x2e,
    0x28, 0x38, 0x6f, 0x40, 0xc0, 0x3d, 0x7f, 0xbd, 0xea, 0xb8, 0xbd, 0xb0, 0xf1, 0xbe, 0x74, 0x3b,
    0x23, 0xb8, 0x41, 0x3c, 0xf8, 0x3c, 0x3a, 0xc2, 0x34, 0x35, 0xb4, 0x3c, 0x1f, 0xb0, 0x18, 0x3f,
    0x85, 0xb7, 0x5f, 0x3c, 0x7f, 0x34, 0xcc, 0xbb, 0x4b, 0x37, 0x09, 0x39, 0x42, 0xb8, 0x2b, 0x37,
    0x4b, 0x3c, 0xf3, 0xac, 0x63, 0xba, 0xf5, 0x38, 0xfe, 0xb9, 0xe0, 0xba, 0x6a, 0xac, 0x45, 0x38,
    0xfa, 0xb8, 0x3e, 0x3d, 0x32, 0xb5, 0x48, 0xb7, 0x70, 0x3c, 0x65, 0xb8, 0x2b, 0x35, 0x7e, 0x3d,
    0xdb, 0xb4, 0x06, 0xbe, 0x3b, 0x3a, 0x4b, 0xb9, 0xd7, 0xb8, 0xd1, 0x37, 0x2b, 0x3b, 0x2a, 0xb1,
    0x5e, 0x40, 0x2c, 0x35, 0xd6, 0xb9, 0xa5, 0x39, 0x2d, 0x35, 0xb0, 0xba, 0x5e, 0x3c, 0x5c, 0x33,
    0xbd, 0x2c, 0x58, 0xb8, 0x64, 0xb5, 0xfa, 0xb0, 0xff, 0x3a, 0x7e, 0xb7, 0x3e, 0x3e, 0x50, 0x3d,
    0x63, 0x3c, 0x64, 0xa7, 0x6c, 0xbb, 0x60, 0xb2, 0x0f, 0xbb, 0xa5, 0xbd, 0xda, 0xb3, 0x04, 0xb9,
    0x4e, 0x3a, 0xe3, 0x34, 0x92, 0x40, 0x7e, 0x3e, 0x5f, 0x41, 0x27, 0x3f, 0xb5, 0x37, 0x0e, 0xbc,
    0x7b, 0x39, 0xb0, 0xb5, 0xbb, 0xbb, 0x0d, 0xb3, 0x9d, 0xb8, 0x43, 0x3e, 0x85, 0xbd, 0x79, 0xb0,
    0x12, 0x3c, 0x59, 0xba, 0xb1, 0xa8, 0x67, 0xb8, 0x33, 0xbc, 0xf3, 0xb2, 0xd4, 0x3a, 0x06, 0x38,
    0x47, 0x37, 0x19, 0xad, 0xa0, 0xb2, 0x0a, 0x39, 0x51, 0x33, 0x66, 0xbd, 0x28, 0xbd, 0x94, 0x30,
    0xc9, 0xbc, 0xc5, 0x36, 0xba, 0x40, 0x46, 0x40, 0x41, 0xba, 0xb9, 0x3d, 0xe5, 0xb3, 0xd5, 0x40,
    0xd4, 0x33, 0x67, 0xb6, 0x67, 0xa9, 0x7e, 0x38, 0x24, 0x3d, 0x62, 0xbc, 0xcf, 0xb5, 0x35, 0xc0,
    0xd1, 0x3e, 0x0b, 0xb6, 0x6e, 0xb9, 0x88, 0x3c, 0x8b, 0xb4, 0x0a, 0x32, 0x54, 0x35, 0x87, 0xbe,
    0x9f, 0x3e, 0xe6, 0x31, 0x0d, 0xbd, 0x75, 0x33, 0x3e, 0xb4, 0x51, 0xb0, 0x40, 0xb1, 0x52, 0xb7,
    0x2a, 0x3a, 0x46, 0x3a, 0x7e, 0xbb, 0x89, 0x36, 0x7e, 0xb9, 0x32, 0x32, 0x6a, 0xb5, 0x4b, 0x37,
    0x1c, 0xab, 0xfe, 0xb7, 0xd6, 0xb9, 0xcb, 0x3d, 0x8e, 0xb1, 0xf6, 0x32, 0xd2, 0x31, 0x9e, 0xba,
    0xde, 0x41, 0x03, 0xbc, 0xce, 0x38, 0xec, 0x3e, 0x89, 0x2c, 0x8c, 0x34, 0x22, 0xbb, 0x5b, 0xb5,
    0xc9, 0x40, 0x5f, 0x38, 0x3c, 0x39, 0xd3, 0xbe, 0xc5, 0xbd, 0x23, 0xb4, 0x35, 0xbc, 0xe6, 0x38,
    0xec, 0xbf, 0xb5, 0xbd, 0xb7, 0x35, 0x7e, 0xb8, 0x36, 0xb9, 0x7b, 0xbb, 0x4c, 0x3e, 0x69, 0xbd,
    0x8f, 0x39, 0xe0, 0x3c, 0x4d, 0x35, 0xa7, 0xa1, 0xad, 0xab, 0xf9, 0x37, 0x31, 0x32, 0xb0, 0x3a,
    0x52, 0xbe, 0x74, 0x3a, 0x7a, 0xb9, 0xc9, 0x39, 0xb1, 0x2f, 0x64, 0x39, 0x09, 0xbb, 0x3e, 0x35,
    0xd8, 0xc0, 0x14, 0x33, 0xfc, 0x3d, 0x61, 0x3d, 0x2f, 0x38, 0x93, 0xbb, 0x23, 0x30, 0x69, 0x32,
    0xd6, 0x28, 0x7a, 0x21, 0xf4, 0xbc, 0x13, 0xba, 0xf5, 0x39, 0x33, 0x2b, 0x06, 0xbd, 0x10, 0xbb,
    0x0c, 0x37, 0xc2, 0x37, 0x59, 0xbc, 0x80, 0xb2, 0x40, 0xba, 0xdb, 0x41, 0x68, 0xb7, 0x61, 0xb9,
    0x30, 0x3e, 0x58, 0xb3, 0xc7, 0xb5, 0xd1, 0x36, 0xae, 0x2f, 0x26, 0xb9, 0xbd, 0x3a, 0x20, 0xb1,
    0xcf, 0x3d, 0x4d, 0x2c, 0x1c, 0xab, 0x68, 0x3d, 0xab, 0xb7, 0xf4, 0x3a, 0x3b, 0x36, 0xda, 0xbf,
    0x90, 0x3a, 0xe6, 0x3c, 0xf6, 0x32, 0x76, 0x3a, 0xd1, 0xbd, 0x4a, 0xb8, 0x0e, 0x3c, 0xf5, 0x38,
    0x45, 0x2e, 0xbe, 0xbf, 0x60, 0xb4, 0x3b, 0xb8, 0xb1, 0xba, 0xfc, 0x39, 0xd7, 0xba, 0x79, 0xbc,
    0xa2, 0xb4, 0xf2, 0x35, 0xff, 0x38, 0x4b, 0x36, 0x74, 0xc0, 0xca, 0x36, 0x7d, 0xb5, 0x5a, 0x36,
    0x4a, 0xbb, 0x80, 0xb0, 0x73, 0xb9, 0x43, 0xbb, 0xe8, 0xb1, 0xb7, 0xb7, 0xf0, 0x30, 0x21, 0x3b,
    0x2e, 0xb5, 0x95, 0x36, 0x0d, 0x3d, 0x3f, 0xba, 0x80, 0x38, 0x0e, 0x39, 0x40, 0xb5, 0x88, 0x36,
    0x12, 0xb9, 0xba, 0xbe, 0x8f, 0xb7, 0x1b, 0xb7, 0x62, 0x35, 0x76, 0x3a, 0x7a, 0x8f, 0x70, 0x34,
    0x89, 0x37, 0x16, 0x3e, 0x7c, 0x3c, 0x9d, 0xbb, 0xb3, 0xb9, 0xe3, 0xb4, 0xb7, 0xa8, 0x9b, 0xb8,
    0x16, 0xba, 0xab, 0x33, 0xd8, 0x37, 0x8d, 0x3f, 0xee, 0x39, 0xe5, 0xb9, 0x07, 0xc0, 0x4d, 0xbe,
    0xc5, 0xbb, 0x0d, 0x3a, 0x86, 0x33, 0x17, 0x40, 0x2a, 0x38, 0x88, 0xbd, 0x0c, 0xbd, 0x32, 0xbc,
    0xef, 0xbe, 0xf7, 0xb5, 0x7a, 0x3c, 0xb5, 0x34, 0xf8, 0x3b, 0xe7, 0x3c, 0xe4, 0x3e, 0x12, 0xb2,
    0x76, 0xb5, 0x4b, 0x3c, 0xba, 0x32, 0x59, 0x3f, 0x09, 0xa9, 0xd6, 0x38, 0x0f, 0x3a, 0xfe, 0x32,
    0x1c, 0xbf, 0xb2, 0x3b, 0x51, 0xba, 0x01, 0xbc, 0x5b, 0x3c, 0xe8, 0xad, 0x50, 0xb9, 0x7e, 0xbd,
    0xdc, 0xba, 0x93, 0x38, 0x01, 0xb8, 0x55, 0xc0, 0x89, 0x2e, 0xdf, 0xba, 0x51, 0xb8, 0xf1, 0xbd,
    0xd0, 0xba, 0x6a, 0x38, 0xbf, 0x3c, 0x5f, 0x3b, 0xd4, 0xbc, 0xc4, 0xbb, 0x8f, 0xba, 0xc5, 0x37,
    0x71, 0x3b, 0xfa, 0xad, 0x1a, 0xb9, 0x8a, 0xbc, 0x40, 0x3a, 0xed, 0x39, 0x2e, 0xb6, 0xf6, 0x35,
    0xa1, 0x23, 0x7e, 0x3c, 0xcb, 0xb8, 0xb4, 0xbb, 0x38, 0x37, 0xa0, 0x32, 0x9f, 0xbb, 0xee, 0x36,
    0x03, 0x3a, 0x92, 0x3d, 0x0f, 0xbf, 0xaa, 0xbc, 0xc2, 0xbb, 0xf8, 0xb5, 0x04, 0x3d, 0x3d, 0x3d,
    0xe4, 0x3b, 0xf6, 0x3d, 0xb9, 0x32, 0xe2, 0x3d, 0xde, 0xbf, 0xd6, 0x3a, 0xb6, 0x34, 0x73, 0xb5,
    0x2d, 0xb4, 0x4e, 0xbc, 0x2c, 0x36, 0x94, 0x3f, 0xa1, 0x2f, 0x21, 0xb9, 0xdb, 0xb8, 0xf0, 0x2b,
    0xe7, 0xbc, 0xba, 0xae, 0xc1, 0x3e, 0xf8, 0x9f, 0xe4, 0xb9, 0x4a, 0xb4, 0x1f, 0x38, 0x9d, 0x3d,
    0x76, 0x38, 0xe8, 0xb0, 0x25, 0x38, 0x22, 0xc0, 0x6a, 0x38, 0x82, 0x34, 0x46, 0x37, 0x07, 0xb9,
    0xdf, 0x3c, 0xf0, 0xb8, 0x60, 0xb4, 0x4f, 0x26, 0x1e, 0x2b, 0xaa, 0xb8, 0x99, 0x41, 0xfb, 0xb9,
    0xe1, 0xb1, 0x0c, 0xb5, 0x3f, 0x3c, 0x1e, 0x3d, 0x8f, 0xb9, 0x32, 0xc1, 0xe1, 0xad, 0x30, 0xbc,
    0x42, 0x3d, 0x7e, 0xba, 0xc1, 0x32, 0x31, 0xba, 0x7a, 0x37, 0x33, 0x3d, 0x89, 0x30, 0x6c, 0x38,
    0x72, 0xb3, 0xd3, 0x3d, 0x6f, 0xba, 0xaf, 0x3d, 0x66, 0x3c, 0xb2, 0xc0, 0xab, 0x37, 0xa0, 0x28,
    0xe4, 0x3d, 0x0c, 0xbe, 0x0f, 0x38, 0x30, 0x3c, 0x0e, 0x30, 0x2e, 0x39, 0xca, 0x39, 0x98, 0x3d,
    0x02, 0x39, 0x69, 0x2f, 0x5e, 0x3c, 0x5e, 0xb5, 0xf4, 0x3b, 0x34, 0x3a, 0x6a, 0x34, 0x44, 0xb8,
    0xf6, 0xbb, 0x47, 0x34, 0xe9, 0x39, 0xd5, 0xbf, 0x42, 0x3d, 0x94, 0xb2, 0xd1, 0xb8, 0x1b, 0x3d,
    0x7e, 0x3a, 0x31, 0x32, 0x4c, 0xb8, 0x81, 0x3a, 0xbb, 0x3d, 0xed, 0x3d, 0xe6, 0xb9, 0xb1, 0x2a,
    0xe3, 0x31, 0xe9, 0x3b, 0xea, 0xb5, 0x70, 0xc1, 0x67, 0xae, 0xac, 0x40, 0xb9, 0x3c, 0xb4, 0xba,
    0xbf, 0x37, 0x12, 0xbd, 0x63, 0x38, 0xf3, 0xbc, 0x92, 0xb1, 0xc0, 0xb6, 0x5b, 0x2d, 0x7f, 0x24,
    0x3a, 0xbd, 0xf5, 0xb9, 0xd7, 0xba, 0xec, 0x38, 0xe9, 0xb5, 0x15, 0x39, 0x96, 0xbf, 0x06, 0x27,
    0x27, 0x3d, 0xae, 0x39, 0x85, 0x3a, 0x5c, 0xb7, 0xa2, 0xb2, 0x16, 0xbc, 0xd7, 0x3f, 0x7e, 0xb8,
    0x5c, 0xb9, 0xde, 0x39, 0x7f, 0xb9, 0xbd, 0x3a, 0x09, 0xb5, 0x8e, 0xa5, 0xe6, 0xb2, 0x7a, 0x3a,
    0x57, 0x38, 0x68, 0xb9, 0x83, 0x36, 0xbe, 0x3d, 0x6b, 0x36, 0xba, 0xbf, 0xb3, 0xbc, 0xb0, 0x34,
    0x32, 0xbe, 0x68, 0xb2, 0xdb, 0x39, 0x71, 0xba, 0xb7, 0x3b, 0x6c, 0x3a, 0x36, 0x31, 0xb8, 0xb4,
    0x7d, 0x34, 0x82, 0x37, 0x31, 0x38, 0x88, 0xb9, 0x1e, 0x3f, 0xf1, 0x28, 0xf3, 0xb9, 0x18, 0x3b,
    0x4a, 0xbc, 0x63, 0xbc, 0x9e, 0xab, 0x7f, 0x28, 0xf8, 0x28, 0x8a, 0x35, 0xb8, 0x3d, 0x52, 0x3f,
    0xdd, 0x3d, 0x42, 0xb8, 0x74, 0xb6, 0xeb, 0xbb, 0xdf, 0xb0, 0x54, 0xb4, 0xd9, 0x3d, 0x38, 0x35,
    0xce, 0x3c, 0xc9, 0xad, 0xb5, 0xa9, 0xdf, 0x3c, 0xa2, 0xbc, 0x84, 0x3e, 0xff, 0x3b, 0xf8, 0x39,
    0x6c, 0xbf, 0xc1, 0xbe, 0xd3, 0xbb, 0x59, 0x38, 0x6b, 0xbc, 0xef, 0xbe, 0x46, 0xb8, 0x5f, 0x37,
    0xe6, 0xb2, 0xaf, 0x3b, 0xca, 0x3d, 0x0f, 0x3a, 0x59, 0x31, 0x26, 0xb1, 0x47, 0x3c, 0xb5, 0x31,
    0x42, 0xb4, 0xb0, 0xba, 0xbd, 0x39, 0x44, 0x3b, 0x31, 0x26, 0x73, 0xb2, 0x8e, 0x3b, 0xe1, 0x3f,
    0xdc, 0xb9, 0xe7, 0xb8, 0xd3, 0x3f, 0x18, 0x32, 0x28, 0x25, 0x86, 0x38, 0x77, 0x36, 0x07, 0xc0,
    0x81, 0xbd, 0x17, 0xbe, 0xf4, 0x37, 0xb2, 0xbc, 0x29, 0xb9, 0x24, 0x3b, 0x12, 0xbb, 0xf5, 0x2d,
    0xe1, 0xb6, 0xdb, 0x3b, 0x88, 0xb3, 0xc7, 0xb1, 0xcb, 0xbc, 0x21, 0xbe, 0x18, 0x34, 0x5b, 0x3c,
    0x04, 0x3c, 0xad, 0xb4, 0x37, 0x3c, 0xa6, 0x39, 0xd2, 0xbc, 0x1f, 0xbd, 0xee, 0x3d, 0x2c, 0xbd,
    0x93, 0xbd, 0x2e, 0x3e, 0xb4, 0xbb, 0xde, 0xb8, 0x73, 0xb9, 0x5a, 0x36, 0x08, 0x39, 0xcc, 0xaf,
    0x28, 0xbd, 0x26, 0xa4, 0x20, 0xbb, 0x66, 0xb4, 0x48, 0x39, 0xf7, 0xac, 0x34, 0x3d, 0x6e, 0xb8,
    0x8e, 0x3b, 0x60, 0xb8, 0xbd, 0xb9, 0xc1, 0x3c, 0x37, 0xb8, 0x51, 0x3f, 0xf6, 0xbd, 0xec, 0xba,
    0xcd, 0xbb, 0x25, 0x41, 0xdc, 0xa5, 0x80, 0xb8, 0x3f, 0x3b, 0x6d, 0x31, 0x95, 0xad, 0xbd, 0xb8,
    0xfc, 0x3d, 0xe3, 0x2a, 0x37, 0x3d, 0xed, 0x3d, 0x2c, 0x3c, 0xe1, 0x37, 0xfe, 0x3a, 0x9b, 0xb0,
    0xd6, 0x3c, 0x58, 0xad, 0x72, 0x3f, 0x38, 0xb7, 0x82, 0x36, 0x22, 0x3c, 0x27, 0x3c, 0xca, 0xb8,
    0x44, 0xbb, 0xaa, 0xbc, 0x4c, 0x3a, 0xa4, 0xb3, 0xc5, 0xa9, 0x68, 0xb7, 0x9f, 0x3d, 0x5f, 0x38,
    0xb1, 0xba, 0x2e, 0xb9, 0x00, 0x3f, 0x61, 0x3f, 0x35, 0x35, 0x46, 0x3e, 0xdd, 0x37, 0x76, 0xbf,
    0x40, 0x3b, 0xff, 0xb5, 0xdf, 0xb9, 0x71, 0xbb, 0xb5, 0xb8, 0x98, 0xbc, 0xab, 0xb8, 0x2d, 0x40,
    0x29, 0x3a, 0x87, 0xac, 0x1d, 0x39, 0xb1, 0x39, 0x1d, 0x39, 0x13, 0x3d, 0x15, 0xaf, 0x0f, 0x3d,
    0xec, 0xba, 0x5b, 0x29, 0xd5, 0x38, 0x2d, 0xbf, 0x2d, 0xa9, 0x6e, 0xbc, 0xe4, 0xb6, 0x2c, 0x36,
    0x5c, 0xbf, 0xc7, 0x37, 0x61, 0xae, 0x73, 0x37, 0x0a, 0xb6, 0x29, 0x3a, 0xc5, 0x3b, 0x99, 0xb7,
    0xa5, 0x36, 0x74, 0x3b, 0x8b, 0x3c, 0x09, 0xb6, 0xe3, 0xc0, 0xcb, 0xbd, 0xbd, 0xb6, 0x30, 0x39,
    0xec, 0xbe, 0xe9, 0x38, 0x55, 0xb2, 0x1b, 0x38, 0x60, 0x2a, 0x72, 0xb1, 0x9b, 0x3c, 0x88, 0x2b,
    0x1a, 0xba, 0x04, 0xb2, 0x64, 0xba, 0xc3, 0x2d, 0x2c, 0xba, 0x37, 0x3c, 0x45, 0x3f, 0x3b, 0x3e,
    0x21, 0x3c, 0xac, 0x3d, 0xa9, 0x36, 0x77, 0xbd, 0xa6, 0xbb, 0x9e, 0xba, 0xf0, 0xbc, 0x2f, 0xb6,
    0x77, 0x34, 0xeb, 0x35, 0x97, 0x36, 0x4c, 0xb3, 0xae, 0x3a, 0x72, 0xbc, 0x40, 0x35, 0x47, 0x3d,
    0x16, 0x38, 0x10, 0xb1, 0x0b, 0xb4, 0xc4, 0x3b, 0x04, 0x3c, 0x74, 0xb4, 0x78, 0x38, 0x03, 0xb3,
    0x85, 0xbc, 0x7b, 0xae, 0x96, 0x3b, 0x53, 0xba, 0x33, 0xb4, 0xa6, 0x32, 0xfa, 0xba, 0x84, 0xb1,
    0x84, 0x22, 0x11, 0xb9, 0x20, 0xb4, 0x11, 0xb6, 0xaa, 0xbe, 0x85, 0x36, 0xf0, 0x3a, 0x36, 0x3d,
    0x6d, 0x32, 0x24, 0xb7, 0xcd, 0x33, 0xfe, 0xbc, 0x1f, 0xb3, 0x69, 0x2e, 0x5a, 0xb0, 0xe5, 0xb7,
    0xee, 0x3c, 0xfe, 0x3c, 0x17, 0xb8, 0x22, 0xb4, 0x67, 0xbf, 0x02, 0x3a, 0x6a, 0x38, 0xab, 0xac,
    0x92, 0x3c, 0x9b, 0xaf, 0xae, 0xbe, 0x34, 0xab, 0xe0, 0xb3, 0xe3, 0xb5, 0x03, 0xbe, 0xe6, 0xba,
    0x01, 0x34, 0x99, 0x3c, 0x33, 0xbc, 0x5f, 0xbd, 0x7d, 0x34, 0x7c, 0xb7, 0xe8, 0xc1, 0x78, 0xb8,
    0x6c, 0xb9, 0x7f, 0x3a, 0xa7, 0x3d, 0x61, 0x3b, 0xd8, 0xba, 0x33, 0xba, 0x39, 0x35, 0x60, 0x21,
    0xf3, 0xb9, 0x41, 0xb4, 0xa3, 0x3d, 0xaf, 0xbc, 0x5d, 0xbc, 0x92, 0xb5, 0xc9, 0x39, 0x4f, 0xb9,
    0x59, 0x3b, 0x4f, 0xb0, 0x41, 0xbc, 0xde, 0x3d, 0xcb, 0xbb, 0x42, 0xb8, 0x63, 0x38, 0x5e, 0x3f,
    0xe2, 0x3a, 0xda, 0xb8, 0xed, 0xbb, 0x4c, 0xb9, 0x5b, 0x27, 0x87, 0xbd, 0x5a, 0x3d, 0x97, 0x3b,
    0x21, 0xb8, 0xf5, 0xb9, 0x1c, 0x3d, 0x19, 0x3c, 0xd0, 0xb3, 0x20, 0xb7, 0xc3, 0x34, 0xf1, 0xb5,
    0xb5, 0x30, 0xe5, 0xc0, 0xd7, 0xba, 0x7b, 0x3b, 0xa3, 0x25, 0x86, 0xbb, 0x41, 0x31, 0x64, 0xbb,
    0x27, 0xb4, 0xb8, 0x3c, 0x0a, 0x3c, 0x98, 0xa7, 0x25, 0x2e, 0x00, 0xbe, 0xb4, 0xb1, 0x30, 0xad,
    0x9b, 0x3c, 0x1a, 0xb8, 0x2e, 0x3f, 0x87, 0x37, 0x45, 0xb6, 0x30, 0xbb, 0x57, 0xc0, 0x3a, 0x3d,
    0x68, 0xb7, 0xf2, 0x3e, 0xec, 0xae, 0xde, 0x3d, 0xd7, 0x38, 0x21, 0xbe, 0xc7, 0xbc, 0x19, 0x39,
    0x28, 0xbb, 0x27, 0x3e, 0xd3, 0x40, 0xd0, 0xbc, 0x7b, 0x30, 0xc0, 0x37, 0xea, 0x33, 0x06, 0x3e,
    0x27, 0xbf, 0x8e, 0xb9, 0x9c, 0x3e, 0xe5, 0x3c, 0xad, 0x3c, 0x61, 0x3c, 0x42, 0xbc, 0xc7, 0xbc,
    0x90, 0xbc, 0x61, 0x35, 0x2a, 0xb5, 0x90, 0xb8, 0x16, 0xb8, 0x9a, 0x38, 0x19, 0xb3, 0x07, 0x3c,
    0x86, 0xb7, 0xba, 0xb0, 0x79, 0x2c, 0x4a, 0xbb, 0xe4, 0xbd, 0xca, 0xb6, 0x58, 0xb5, 0xea, 0xb9,
    0xff, 0x3a, 0xe8, 0x3d, 0xb6, 0x39, 0x3b, 0xb8, 0xa8, 0xbc, 0xd7, 0x3d, 0xd9, 0x2f, 0x1c, 0x3c,
    0x2c, 0x3d, 0x93, 0x36, 0x4d, 0x3e, 0x9a, 0x3d, 0xf6, 0x3a, 0x46, 0xac, 0x39, 0x34, 0xcb, 0x36,
    0x11, 0x41, 0xf5, 0xae, 0x75, 0xb5, 0x67, 0x39, 0x21, 0x3d, 0xb1, 0x37, 0x8c, 0x39, 0x81, 0xb9,
    0x0d, 0xbe, 0x9c, 0x3a, 0xa0, 0x39, 0xa8, 0x3c, 0xae, 0xb4, 0x9e, 0xbc, 0x65, 0x41, 0x6e, 0x3b,
    0xe7, 0x33, 0x07, 0xbe, 0xcc, 0x38, 0x90, 0x40, 0xc1, 0x3a, 0x1c, 0x3c, 0x17, 0xbc, 0xbd, 0xb8,
    0x5b, 0x2e, 0x99, 0xbf, 0x35, 0xb9, 0xfe, 0xbc, 0xbd, 0x3e, 0x00, 0xc2, 0x8a, 0xb8, 0x43, 0x3a,
    0x09, 0x40, 0xab, 0x27, 0xed, 0x36, 0x57, 0x33, 0xc3, 0x3f, 0x0d, 0xb9, 0xd0, 0xba, 0xc9, 0xc1,
    0xbf, 0xa7, 0x95, 0xb6, 0x38, 0x38, 0xd3, 0xb8, 0xec, 0xb9, 0x05, 0x3b, 0xb6, 0xb4, 0x4b, 0x3d,
    0x46, 0x36, 0x1b, 0x38, 0x81, 0xb9, 0xb8, 0x39, 0x4d, 0x2e, 0x11, 0xbc, 0xbe, 0x39, 0x73, 0xb4,
    0xb8, 0xbf, 0xed, 0xc0, 0x12, 0x3c, 0x12, 0x3c, 0x72, 0xba, 0x6e, 0xb5, 0x66, 0x38, 0x28, 0xb5,
    0x32, 0xbb, 0x51, 0x3e, 0x5f, 0x3c, 0x88, 0x3c, 0x19, 0xbf, 0xda, 0xb7, 0x6e, 0xbb, 0xc3, 0xa6,
    0x30, 0xbd, 0x01, 0x3c, 0xef, 0xb6, 0x5c, 0x34, 0x67, 0xbc, 0x21, 0xb7, 0x27, 0x3d, 0x84, 0x3f,
    0x75, 0x3f, 0x4a, 0xbb, 0x75, 0x34, 0x6a, 0xb3, 0xe9, 0xba, 0xf2, 0xb4, 0xbe, 0x38, 0x68, 0x38,
    0x38, 0x37, 0x37, 0x3d, 0x52, 0xb6, 0x9c, 0x39, 0xbb, 0xb9, 0xe5, 0x2e, 0xda, 0xbc, 0xeb, 0x3b,
    0xb2, 0x38, 0xed, 0xba, 0x89, 0x35, 0xbc, 0x3a, 0x8a, 0xbf, 0xa4, 0xb5, 0xca, 0x3c, 0x8c, 0xbd,
    0x8a, 0xbe, 0xf3, 0x3d, 0xf5, 0x3a, 0x8f, 0x3b, 0x76, 0x3a, 0x79, 0x30, 0x82, 0xb9, 0x57, 0x3e,
    0xcf, 0x3d, 0xfb, 0xbc, 0x70, 0x3a, 0x4b, 0xb3, 0xeb, 0xba, 0x41, 0x3a, 0xf0, 0x36, 0x4f, 0x39,
    0x02, 0x22, 0x49, 0x3c, 0xd0, 0x3a, 0x45, 0x36, 0x62, 0x3a, 0x10, 0x38, 0x26, 0x3b, 0xa8, 0xb4,
    0x52, 0xbd, 0xa1, 0xa8, 0xac, 0xbb, 0xc0, 0xbb, 0x04, 0x3e, 0x8c, 0x40, 0x3a, 0x3b, 0x65, 0xbc,
    0x44, 0x39, 0x11, 0xbd, 0x50, 0xc1, 0x3e, 0x06, 0xc1, 0xbe, 0x7f, 0x40, 0x28, 0x3c, 0xe1, 0x3d,
    0x18, 0x3b, 0x87, 0x33, 0xb3, 0xa7, 0x8a, 0xbb, 0x63, 0x40, 0xfe, 0x3c, 0x7c, 0x3c, 0xca, 0x3f,
    0x32, 0x3a, 0xdb, 0x3c, 0x2c, 0xb7, 0xcf, 0xb5, 0x32, 0xa8, 0x3c, 0xb2, 0x68, 0x3a, 0xfa, 0x33,
    0x7f, 0xb9, 0x88, 0xb0, 0x2e, 0x3d, 0xf5, 0x3f, 0x5e, 0x37, 0x1f, 0x3b, 0x7d, 0xbc, 0x4f, 0xb9,
    0x53, 0x3b, 0x7c, 0x30, 0x37, 0xc0, 0xa4, 0x41, 0x49, 0xb4, 0x74, 0x3f, 0x4d, 0xa9, 0xcc, 0x2c,
    0xba, 0x39, 0x6e, 0x24, 0x0b, 0xb7, 0x6c, 0x40, 0xe3, 0xbc, 0xd1, 0xba, 0x08, 0xb0, 0x75, 0xb4,
    0x64, 0xb4, 0x44, 0xc0, 0x39, 0x38, 0xb6, 0xb6, 0x1b, 0x3d, 0x60, 0x3a, 0x96, 0x3e, 0xca, 0x3c,
    0xf1, 0x2e, 0x5d, 0xbd, 0x89, 0x38, 0x38, 0xb7, 0x25, 0x37, 0x3f, 0x39, 0x8e, 0x35, 0xf6, 0xb8,
    0x3d, 0x3a, 0xea, 0x3a, 0x52, 0xb0, 0x69, 0x3f, 0x05, 0x35, 0xd0, 0x3a, 0x01, 0xb9, 0x2b, 0xbc,
    0x58, 0xb4, 0x3d, 0xbe, 0xce, 0xbc, 0xc7, 0xb5, 0x06, 0x3e, 0x75, 0xb7, 0xd5, 0x3b, 0xe5, 0xbd,
    0x1b, 0xbf, 0xca, 0x3b, 0x2d, 0x3c, 0x4e, 0xbc, 0x19, 0xbc, 0x93, 0xbd, 0x33, 0x3c, 0x33, 0xbc,
    0x35, 0x3f, 0x31, 0x3c, 0x18, 0xb5, 0x89, 0x3b, 0xfc, 0x3d, 0x8a, 0xb7, 0xc4, 0xb3, 0x28, 0xb4,
    0x90, 0x35, 0xfe, 0x2a, 0x47, 0xb4, 0x4d, 0x3e, 0xd6, 0x3a, 0x2a, 0xbd, 0xf8, 0x96, 0x5f, 0xbc,
    0xa3, 0xb9, 0x0a, 0xc0, 0x2c, 0x28, 0xca, 0x38, 0x71, 0xbd, 0x4c, 0x35, 0x19, 0xb5, 0x5d, 0x3e,
    0x87, 0x3e, 0x2c, 0xbd, 0x25, 0x3b, 0xbd, 0x31, 0x52, 0xbb, 0x25, 0xbc, 0xe4, 0x34, 0x52, 0xb6,
    0xcd, 0xb1, 0xb6, 0xbc, 0xbc, 0x3d, 0xbc, 0x39, 0xc4, 0x3f, 0x57, 0xae, 0x53, 0x39, 0xb5, 0xba,
    0xb9, 0x3b, 0xa2, 0xb7, 0xf3, 0x3c, 0xa0, 0xbd, 0x8a, 0xb6, 0xb3, 0xba, 0x42, 0x39, 0x91, 0x29,
    0x75, 0x3c, 0x7e, 0x2f, 0x88, 0xb4, 0xca, 0x37, 0xfa, 0xba, 0xae, 0x30, 0x8d, 0xba, 0x28, 0xb2,
    0xe7, 0x34, 0x12, 0xbc, 0xe9, 0xb6, 0xb8, 0xac, 0x6b, 0xb7, 0x08, 0xb5, 0x3d, 0xad, 0xad, 0xbc,
    0x42, 0xb2, 0x34, 0x31, 0x6d, 0xba, 0x3c, 0x3e, 0x07, 0xb4, 0x64, 0x38, 0xeb, 0xbf, 0x2f, 0xbd,
    0xa7, 0xbd, 0x89, 0xb8, 0x93, 0x35, 0x9a, 0x3d, 0xc5, 0xb8, 0xbd, 0x3f, 0x1b, 0x26, 0x1d, 0x3b,
    0xe1, 0x39, 0x40, 0x3e, 0x5b, 0x37, 0xfd, 0x32, 0x9f, 0x3d, 0x3d, 0xb7, 0xe2, 0xb0, 0xe0, 0x35,
    0xd9, 0xba, 0x52, 0xb6, 0x04, 0xbf, 0x0b, 0xb9, 0xce, 0xba, 0xe3, 0x39, 0xca, 0x2b, 0x5b, 0xb5,
    0xc5, 0x32, 0xca, 0x3b, 0x1d, 0xbf, 0x0b, 0xba, 0xf4, 0xb8, 0xc4, 0xb0, 0x65, 0x3b, 0xb8, 0x38,
    0xa1, 0x3d, 0x46, 0x34, 0x91, 0x3c, 0xe4, 0xbc, 0xb3, 0xb5, 0xf3, 0xb4, 0x29, 0x35, 0x6c, 0xbe,
    0x51, 0xc0, 0x30, 0xbd, 0x83, 0x3a, 0xf2, 0x39, 0xe3, 0x3c, 0xfc, 0xac, 0x71, 0xb6, 0xc4, 0xb1,
    0xf5, 0xbb, 0x61, 0x3c, 0xc8, 0xac, 0xf0, 0xb4, 0x53, 0x38, 0x9e, 0xb2, 0xd9, 0xb6, 0x2f, 0xbc,
    0xb8, 0x3b, 0x74, 0xad, 0x45, 0x40, 0x3b, 0x3c, 0xc4, 0x39, 0x83, 0xb5, 0x63, 0xb6, 0x9b, 0x37,
    0x6c, 0x3c, 0x11, 0xc0, 0xee, 0xb8, 0x3c, 0x3d, 0x91, 0xb4, 0x51, 0x3d, 0x86, 0x3d, 0x82, 0x40,
    0xe9, 0x3a, 0x2a, 0xba, 0x69, 0x3e, 0x27, 0xbe, 0x68, 0x2c, 0xc0, 0xbd, 0x56, 0xbb, 0xda, 0x39,
    0x27, 0xba, 0x0f, 0x39, 0x05, 0xb4, 0x62, 0x3d, 0x0d, 0x37, 0x59, 0x41, 0xbd, 0x39, 0xa8, 0x35,
    0x0a, 0xaf, 0x69, 0xb1, 0x3f, 0xb9, 0x60, 0xbc, 0x48, 0x36, 0x96, 0x39, 0xd1, 0x39, 0x77, 0x39,
    0xe8, 0x3c, 0x37, 0xc2, 0xcb, 0x31, 0xf9, 0x3f, 0x25, 0x39, 0x2a, 0xab, 0x2c, 0x34, 0xb7, 0x38,
    0x8d, 0x31, 0x9f, 0x36, 0xd4, 0xbc, 0x16, 0xbe, 0xd9, 0xb6, 0xed, 0xbc, 0xd5, 0xb9, 0x9f, 0x2c,
    0xcc, 0xba, 0x38, 0x39, 0xa8, 0xaf, 0x7c, 0x3c, 0x3f, 0xb5, 0xa1, 0xb8, 0x98, 0x31, 0x53, 0xac,
    0x0b, 0x40, 0x8a, 0xb6, 0x22, 0xbd, 0xec, 0xbf, 0x57, 0x39, 0xeb, 0x3a, 0x87, 0x38, 0xd2, 0x3d,
    0xb7, 0x3e, 0x87, 0x3c, 0xda, 0x38, 0x23, 0xbc, 0x0d, 0x3a, 0x86, 0xb6, 0xe9, 0x3c, 0x3f, 0x34,
    0xee, 0xbe, 0xd9, 0x3c, 0x7f, 0xbb, 0x93, 0x1f, 0xb9, 0x36, 0x1a, 0xbc, 0x3d, 0x3d, 0xfa, 0x3b,
    0x0e, 0x39, 0x32, 0xac, 0x54, 0xc1, 0x61, 0x2c, 0xce, 0x3c, 0x38, 0x3a, 0x61, 0xbd, 0x6d, 0x28,
    0x1b, 0x35, 0x71, 0x33, 0xfd, 0xbc, 0x22, 0xc4, 0x3d, 0xbc, 0x26, 0x38, 0x72, 0xba, 0x32, 0xb5,
    0x4a, 0xb8, 0x5c, 0x3c, 0x60, 0x3e, 0xea, 0xb1, 0x38, 0x39, 0x72, 0x39, 0xe4, 0xbb, 0x7f, 0x37,
    0x49, 0xb8, 0x0d, 0x3c, 0x92, 0x27, 0x62, 0xbf, 0x5f, 0x3c, 0xeb, 0xb9, 0xc9, 0x3f, 0xe2, 0xb7,
    0xe7, 0xbf, 0xe8, 0x35, 0x54, 0xa5, 0xcb, 0x39, 0x92, 0xbd, 0x91, 0x35, 0xc8, 0xbe, 0xb5, 0x38,
    0x5b, 0xbe, 0x8b, 0xc0, 0x2f, 0xbc, 0xae, 0xb8, 0x99, 0x3d, 0x1c, 0x3c, 0x0a, 0xbf, 0xc0, 0x38,
    0x92, 0xb1, 0x9f, 0xb4, 0x22, 0x3a, 0xe8, 0xb7, 0xe5, 0xbd, 0xbd, 0xbe, 0xe2, 0xbc, 0xe0, 0xbc,
    0xf8, 0xaf, 0x06, 0xb0, 0xf1, 0xa1, 0x4f, 0xb0, 0x78, 0xbe, 0x49, 0x39, 0x2f, 0xc0, 0xd6, 0x39,
    0xad, 0x35, 0xe6, 0xb9, 0xac, 0xb3, 0x11, 0x32, 0x3f, 0xb8, 0x0e, 0x3e, 0xbb, 0x2e, 0x5c, 0xbc,
    0x0a, 0xac, 0x84, 0x3b, 0x64, 0x32, 0xc2, 0x38, 0x98, 0x2c, 0x05, 0xbb, 0xec, 0xbd, 0xd9, 0xa1,
    0x44, 0xb8, 0x26, 0x40, 0xf0, 0x38, 0x94, 0xb6, 0x5b, 0x36, 0x31, 0xbd, 0x19, 0x39, 0x77, 0xb2,
    0x18, 0xb4, 0x65, 0x3a, 0xc7, 0x37, 0x23, 0x3e, 0x4c, 0xb0, 0x2c, 0xba, 0xfa, 0x36, 0xd0, 0x31,
    0x2b, 0x3c, 0x58, 0xb2, 0xdb, 0xbc, 0xa0, 0xbc, 0xa9, 0x3b, 0x89, 0x33, 0xd5, 0x38, 0xf5, 0xa5,
    0x81, 0xb5, 0xd1, 0x39, 0x93, 0x29, 0xb4, 0x3b, 0x55, 0xc0, 0xbb, 0xb8, 0x1c, 0x39, 0x7b, 0x32,
    0x1f, 0x3c, 0x5d, 0x3c, 0xc4, 0x3b, 0xa2, 0xb8, 0xe6, 0x3d, 0x92, 0xa3, 0x6b, 0xbd, 0x41, 0x39,
    0x93, 0x28, 0x67, 0x8a, 0x3d, 0xbb, 0x85, 0xbd, 0xfb, 0xba, 0xc3, 0xa6, 0xd3, 0x3f, 0x51, 0xb7,
    0xe7, 0x36, 0xca, 0x3c, 0xaa, 0x39, 0x23, 0x30, 0x6e, 0x34, 0x25, 0x9d, 0xc7, 0xbc, 0x6b, 0xb6,
    0x49, 0xb0, 0x6e, 0x35, 0x77, 0xbb, 0x64, 0xb7, 0x2b, 0xab, 0x18, 0x31, 0xd8, 0xb2, 0x84, 0x38,
    0x29, 0x31, 0x52, 0x39, 0xbb, 0x3e, 0x97, 0xb2, 0x63, 0x2b, 0x21, 0x2b, 0x3e, 0x33, 0x19, 0xb4,
    0xe8, 0xb2, 0xd9, 0x3b, 0x4e, 0xbc, 0xb0, 0xae, 0x39, 0x38, 0xed, 0x3a, 0xdf, 0xa7, 0x53, 0x3a,
    0xb4, 0x3e, 0x2b, 0xb0, 0xd3, 0xbf, 0x8a, 0x3b, 0xe8, 0xb9, 0x4c, 0xbc, 0xc1, 0x3b, 0x53, 0xc0,
    0x0f, 0xb7, 0x4a, 0x93, 0xe6, 0xba, 0xa8, 0xb6, 0xf4, 0x33, 0x3e, 0xbd, 0x8e, 0x39, 0x9e, 0x3b,
    0x58, 0x25, 0x46, 0xbf, 0xff, 0xa6, 0x3a, 0x3c, 0x86, 0x39, 0xcf, 0x3d, 0xe0, 0xb2, 0xb4, 0xb1,
    0xaf, 0x38, 0xda, 0xaf, 0xf2, 0x2f, 0x00, 0x33, 0x35, 0xb9, 0x9e, 0xbc, 0x06, 0xb8, 0xe6, 0xbb,
    0x08, 0xb1, 0xb0, 0xbe, 0x6a, 0xba, 0xe5, 0xb3, 0x17, 0x3c, 0x43, 0x30, 0xbc, 0xbc, 0xa2, 0xb7,
    0x4f, 0xb6, 0x11, 0x2e, 0x4d, 0x40, 0x47, 0xab, 0x97, 0xb5, 0xa4, 0xb9, 0x0a, 0xb8, 0x4d, 0xb0,
    0x3a, 0xbc, 0x89, 0xb6, 0x25, 0xac, 0x17, 0xbc, 0x4e, 0xbc, 0x4c, 0xbc, 0xd1, 0x3b, 0xe2, 0x2d,
    0x5f, 0x39, 0xa7, 0xab, 0x46, 0x3e, 0x45, 0x40, 0x7e, 0xb4, 0xac, 0x2c, 0x03, 0x31, 0x6f, 0xbc,
    0x2c, 0xbb, 0xb7, 0xaa, 0x85, 0xb9, 0x1d, 0xb5, 0x6b, 0xbc, 0xe5, 0x3a, 0xeb, 0x38, 0xab, 0x25,
    0xcf, 0x35, 0xd9, 0xb2, 0x8f, 0xbf, 0x3f, 0x39, 0x58, 0x3e, 0x19, 0xbe, 0xc8, 0xb4, 0x64, 0xbc,
    0x3f, 0xb9, 0x77, 0x34, 0xcd, 0xb1, 0x6e, 0xa4, 0x05, 0x35, 0xc7, 0x3d, 0x96, 0x32, 0xc9, 0x3c,
    0x90, 0x3a, 0x5d, 0xba, 0x95, 0x3c, 0x70, 0x2f, 0x10, 0xb1, 0x59, 0x3a, 0x08, 0x3b, 0x7d, 0x3d,
    0xc0, 0x26, 0x0d, 0x3c, 0x41, 0x3c, 0x1c, 0x30, 0x2f, 0x39, 0x89, 0xb8, 0x83, 0xbc, 0x2d, 0xb8,
    0x82, 0x3e, 0xdb, 0x3c, 0x25, 0xb4, 0x71, 0x3c, 0x19, 0x38, 0x2d, 0xb6, 0x0e, 0x3b, 0xb4, 0xb9,
    0x8d, 0x3e, 0x76, 0x3a, 0xaa, 0x38, 0x60, 0x3c, 0xc7, 0xb8, 0xe5, 0x39, 0xfb, 0x28, 0x7d, 0x3b,
    0x19, 0xb5, 0xff, 0x31, 0x4f, 0xb6, 0x50, 0x3e, 0xdf, 0x2e, 0x23, 0x32, 0x20, 0xbf, 0xa7, 0x3e,
    0xfd, 0xbb, 0x2c, 0xba, 0xed, 0x35, 0x1b, 0xbb, 0x53, 0x3d, 0x1c, 0x2a, 0xb0, 0xbc, 0x72, 0x39,
    0xc0, 0xb8, 0xe1, 0x34, 0xd4, 0x37, 0x92, 0xc0, 0xca, 0xc1, 0x06, 0xb9, 0xa8, 0xb5, 0x8d, 0x36,
    0x6a, 0xb4, 0x15, 0xb8, 0x79, 0x33, 0xa2, 0x38, 0x68, 0xb8, 0x62, 0xb5, 0xdc, 0xb1, 0x8b, 0x3c,
    0x42, 0xb9, 0xac, 0xbd, 0xc2, 0x33, 0x99, 0xbc, 0xb8, 0x38, 0x1d, 0xb7, 0x0c, 0xbc, 0x6d, 0x9a,
    0xa9, 0x3b, 0x1d, 0x3c, 0xd9, 0x38, 0x34, 0x3e, 0x71, 0x38, 0x5c, 0x37, 0x27, 0xbf, 0x80, 0xb8,
    0xdd, 0xbf, 0xb5, 0x38, 0xe6, 0x32, 0x2c, 0x36, 0x90, 0x35, 0xe6, 0xb2, 0xf0, 0x3e, 0x6b, 0x20,
    0x4c, 0xbc, 0xb8, 0x37, 0x8b, 0xbb, 0x62, 0xbe, 0xba, 0x3c, 0xbf, 0xbe, 0x19, 0x2b, 0x47, 0xb7,
    0x29, 0xbd, 0xa2, 0x37, 0xa5, 0x39, 0x57, 0xb1, 0xfe, 0x38, 0x18, 0xb4, 0x8b, 0x3d, 0x8f, 0x39,
    0xb9, 0x33, 0xb4, 0x21, 0x1b, 0x38, 0x77, 0xbd, 0x0b, 0x36, 0x8a, 0x3a, 0x14, 0xb4, 0x0b, 0xbd,
    0x10, 0xb4, 0x11, 0xba, 0xe0, 0xb8, 0xba, 0xb8, 0x0f, 0xb5, 0x05, 0x38, 0x1f, 0xb8, 0xf2, 0x38,
    0x29, 0x40, 0xc4, 0x2b, 0x4d, 0xbd, 0xf2, 0xb6, 0xcc, 0xb9, 0x24, 0x3c, 0x59, 0xb5, 0xd7, 0x34,
    0xd6, 0xbb, 0x93, 0x2e, 0x81, 0xbd, 0x10, 0xb0, 0x98, 0x3b, 0x69, 0xb8, 0x08, 0xbc, 0x9c, 0x3d,
    0x4d, 0x3c, 0xd6, 0xb1, 0xee, 0x38, 0x35, 0xaf, 0x16, 0x36, 0x7a, 0x40, 0xa8, 0xbb, 0xee, 0x32,
    0xbd, 0xba, 0x37, 0xbd, 0xc0, 0xc0, 0x7a, 0x36, 0x31, 0x37, 0x2d, 0xb6, 0xcd, 0x38, 0x31, 0x2f,
    0xbf, 0xbc, 0x3f, 0x38, 0x41, 0x3c, 0x0e, 0x31, 0x10, 0x38, 0x79, 0xbb, 0x09, 0xb9, 0x33, 0xb2,
    0x78, 0xbc, 0xf0, 0xb6, 0x1c, 0xb4, 0x83, 0xbc, 0xde, 0xbf, 0x1a, 0x38, 0xfc, 0xba, 0x65, 0xbf,
    0x7f, 0xad, 0x25, 0xa4, 0x19, 0x35, 0x38, 0xbc, 0xc1, 0x3c, 0x0b, 0x3c, 0xe8, 0xc0, 0xb4, 0xba,
    0x4a, 0xb6, 0x5e, 0x2c, 0x57, 0xb8, 0xa6, 0xbe, 0x21, 0xb0, 0xae, 0x37, 0x69, 0x39, 0x3d, 0x3f,
    0x2b, 0x3a, 0x7f, 0x3d, 0xd4, 0xbc, 0xc3, 0xb8, 0x1f, 0xbc, 0xe9, 0x39, 0x4a, 0x36, 0x43, 0x37,
    0xf7, 0xb7, 0x6f, 0xb9, 0x0e, 0x35, 0xaf, 0x38, 0x89, 0xb6, 0x30, 0xb6, 0x67, 0x29, 0x11, 0xb4,
    0x7d, 0xaa, 0x78, 0x3d, 0x7f, 0x3a, 0x70, 0x3f, 0x9a, 0xb1, 0x24, 0x3e, 0x36, 0x3f, 0x4f, 0xbe,
    0x77, 0x2f, 0x37, 0xb4, 0xbc, 0x38, 0x59, 0x3d, 0x80, 0xbd, 0x9e, 0x3d, 0x43, 0xb5, 0x34, 0xc0,
    0x28, 0xbd, 0x22, 0xbc, 0x18, 0xbd, 0x12, 0x38, 0x1f, 0x3e, 0xad, 0x3d, 0xca, 0x39, 0xd6, 0x3d,
    0x0b, 0xb8, 0x4e, 0xbc, 0x71, 0xa9, 0x5c, 0xba, 0xf2, 0x39, 0xc9, 0x3a, 0x3d, 0x3c, 0xad, 0xb9,
    0xd6, 0x34, 0x06, 0x3e, 0x88, 0x23, 0xc8, 0xbb, 0x7e, 0x35, 0xfa, 0xba, 0xa8, 0x38, 0x5c, 0x36,
    0xd2, 0x39, 0xb9, 0xbb, 0xba, 0x3e, 0xa1, 0xba, 0x24, 0xba, 0x50, 0xb8, 0xe0, 0xba, 0xc5, 0x35,
    0x61, 0x3d, 0xd5, 0xbe, 0x99, 0xb0, 0x7c, 0x40, 0x17, 0xbf, 0xf8, 0xaf, 0x21, 0x38, 0x84, 0x38,
    0x33, 0xbc, 0x69, 0x39, 0x37, 0x2c, 0x74, 0xbc, 0xcb, 0xb2, 0x4d, 0x3d, 0x32, 0x3a, 0x27, 0xba,
    0xb5, 0xb4, 0x4e, 0xbb, 0xa5, 0xbf, 0x6d, 0x36, 0x47, 0xb8, 0x0c, 0xc1, 0xd3, 0x26, 0xcd, 0xba,
    0xb9, 0xbd, 0x12, 0xbe, 0x18, 0x35, 0xee, 0x2e, 0x61, 0xba, 0x0e, 0x38, 0xdb, 0xb8, 0x5b, 0xbb,
    0x2d, 0xad, 0x5b, 0x24, 0x78, 0x3b, 0xe7, 0xb8, 0xa9, 0x3a, 0x01, 0xa5, 0x7b, 0xb0, 0x6d, 0x3d,
    0xc1, 0xbc, 0xe1, 0xbc, 0x30, 0xbe, 0x19, 0x3c, 0x52, 0xbd, 0x30, 0xb8, 0x16, 0x3b, 0xfa, 0xb5,
    0x9c, 0xb9, 0x06, 0x3d, 0x51, 0xbb, 0x4e, 0x2e, 0xad, 0xb6, 0x0d, 0x31, 0x44, 0x36, 0xf7, 0x3b,
    0x2a, 0xbb, 0xe3, 0x38, 0xa1, 0xb5, 0x51, 0xb3, 0x42, 0xb2, 0x0b, 0x3d, 0x1c, 0x3b, 0x82, 0x26,
    0xe7, 0xbc, 0x88, 0x3c, 0xb8, 0xb3, 0x59, 0x38, 0xa0, 0xba, 0xc7, 0x39, 0x74, 0x3c, 0x2b, 0xbc,
    0x7a, 0x3c, 0x25, 0x40, 0x99, 0xba, 0xee, 0xb2, 0x9c, 0x33, 0xcf, 0xbd, 0x73, 0x30, 0x59, 0xbd,
    0x04, 0xbd, 0x41, 0x3b, 0xcc, 0x33, 0x15, 0x39, 0xc7, 0xb8, 0xc1, 0xa5, 0xba, 0x3d, 0xde, 0xa5,
    0x5f, 0x37, 0x60, 0x3c, 0x16, 0xb5, 0x28, 0x40, 0x8b, 0xb8, 0x1a, 0xac, 0xee, 0x30, 0xe0, 0x38,
    0x13, 0x3c, 0x33, 0x2c, 0x5e, 0x3d, 0x87, 0xb1, 0xd9, 0xb9, 0xa4, 0x37, 0x59, 0x36, 0xc5, 0xb1,
    0x77, 0x3d, 0x9b, 0x3b, 0xa0, 0xba, 0x3a, 0xc0, 0xae, 0xba, 0x75, 0xb8, 0x5e, 0xbc, 0xd3, 0x36,
    0xcc, 0x3c, 0x71, 0x3c, 0x66, 0x3d, 0xf0, 0x3e, 0x3b, 0xba, 0xd4, 0xb8, 0x22, 0x39, 0xdd, 0x3a,
    0x95, 0x33, 0xb6, 0xb3, 0x88, 0x3a, 0x96, 0x34, 0x79, 0xb4, 0xd0, 0xbc, 0x49, 0x38, 0x06, 0x36,
    0xa1, 0x2e, 0x56, 0x3a, 0xf4, 0xad, 0xcf, 0x38, 0x27, 0x29, 0xe4, 0x33, 0x67, 0xb8, 0x51, 0x3c,
    0xdd, 0xb8, 0x87, 0x36, 0xc4, 0x32, 0xd2, 0xba, 0x2f, 0x3e, 0x71, 0x33, 0xd8, 0x39, 0xdf, 0x39,
    0x05, 0x2b, 0xfe, 0xbf, 0x38, 0x40, 0x13, 0x3d, 0x2b, 0xb0, 0xdb, 0xb2, 0x76, 0x3c, 0xd4, 0xbd,
    0x99, 0x38, 0x84, 0x37, 0xeb, 0xb6, 0x04, 0x3d, 0x73, 0xba, 0x96, 0x38, 0xbc, 0xbb, 0x2e, 0x3b,
    0x2e, 0xb3, 0x34, 0x39, 0x5d, 0xbd, 0xe4, 0xbc, 0xb3, 0x40, 0x23, 0x3b, 0xe2, 0x30, 0x63, 0xbe,
    0xc5, 0x36, 0xb1, 0x3c, 0x44, 0xc0, 0x7a, 0x36, 0x69, 0x39, 0x27, 0x3b, 0xe0, 0x37, 0xfc, 0x38,
    0x9b, 0xb8, 0x65, 0x41, 0x19, 0x3a, 0x14, 0xb8, 0x2d, 0x3b, 0x0e, 0xb4, 0xed, 0xb1, 0x0d, 0x39,
    0x4c, 0xb9, 0x58, 0x38, 0xbf, 0xb8, 0xba, 0xba, 0x8f, 0xb5, 0xcc, 0xbb, 0x0e, 0x31, 0xf6, 0x33,
    0xf1, 0xbd, 0x1d, 0xb4, 0xfe, 0x30, 0x01, 0x33, 0xc3, 0xb6, 0xb5, 0x3c, 0xe0, 0xb7, 0x51, 0x3e,
    0xa9, 0x34, 0x4e, 0x3c, 0x2c, 0xc0, 0xab, 0x3b, 0x81, 0x3a, 0x42, 0xbd, 0x14, 0x28, 0x62, 0xb8,
    0x36, 0x3d, 0x72, 0x3a, 0x23, 0xba, 0x8a, 0xbc, 0x05, 0xb9, 0x23, 0xb8, 0x34, 0x35, 0x80, 0x36,
    0x57, 0x37, 0x8f, 0x30, 0x3a, 0x3c, 0x45, 0x36, 0x6b, 0x39, 0xc0, 0x36, 0xab, 0xbb, 0x20, 0xb2,
    0x6d, 0xb8, 0x44, 0x38, 0x50, 0x3a, 0xa2, 0xbc, 0x88, 0xb9, 0x11, 0x39, 0x1e, 0xb8, 0x78, 0xb2,
    0x7e, 0xb4, 0x32, 0x26, 0xec, 0x3b, 0xab, 0xb1, 0x74, 0xbf, 0x27, 0xac, 0x64, 0x3b, 0xa0, 0x34,
    0x51, 0x34, 0x1f, 0x3d, 0xdb, 0x3b, 0x8f, 0xbc, 0xae, 0x38, 0x5c, 0x3a, 0xbb, 0xb8, 0x13, 0x3b,
    0xa4, 0xb8, 0x43, 0x40, 0x4b, 0x3c, 0x99, 0x3a, 0x43, 0xbd, 0x7d, 0xb9, 0x51, 0x39, 0xdd, 0x39,
    0x17, 0x40, 0x8c, 0x38, 0x2d, 0xb9, 0xed, 0xbc, 0xbc, 0x3a, 0xeb, 0x3b, 0x54, 0xb8, 0x1e, 0xb0,
    0x0b, 0x2d, 0xa9, 0xbc, 0xca, 0x35, 0x74, 0x38, 0x46, 0xb7, 0x09, 0xb7, 0x86, 0x3c, 0x06, 0x36,
    0xf3, 0x39, 0x9a, 0xbf, 0x6d, 0x37, 0x3a, 0x37, 0xab, 0x3d, 0x5e, 0xac, 0x6a, 0x3a, 0x9a, 0xbf,
    0x90, 0x34, 0xd8, 0x33, 0xbd, 0xa9, 0xc9, 0x3e, 0x2f, 0xbe, 0xf8, 0x2b, 0x2d, 0x34, 0xcb, 0xbd,
    0x49, 0xbc, 0x23, 0x3d, 0x60, 0xbd, 0xec, 0xbe, 0xfb, 0x3f, 0xb1, 0x41, 0x8b, 0x3b, 0x86, 0xb4,
    0xd2, 0x3a, 0xed, 0xbe, 0xbe, 0x31, 0x23, 0xbc, 0x1b, 0x30, 0x81, 0x36, 0x3b, 0xbe, 0xb0, 0x35,
    0x08, 0x3d, 0x78, 0x40, 0xd7, 0xa7, 0xeb, 0x37, 0x5c, 0x3a, 0x30, 0xba, 0x94, 0x3a, 0x88, 0xb0,
    0xcb, 0xaf, 0xe2, 0xbd, 0x06, 0xbe, 0xb2, 0xbd, 0x36, 0x33, 0xec, 0xb7, 0x64, 0x3a, 0x96, 0x39,
    0x35, 0xb3, 0x6c, 0x38, 0x19, 0x39, 0x52, 0x1f, 0x05, 0xbc, 0x52, 0x32, 0xc6, 0xb7, 0xd7, 0xab,
    0x88, 0xbd, 0xea, 0xb9, 0x77, 0xbe, 0x5f, 0x39, 0x09, 0xc0, 0x85, 0xaf, 0xac, 0x35, 0x96, 0x3c,
    0x0c, 0xb5, 0x31, 0x33, 0x35, 0x3e, 0x0f, 0xb7, 0x82, 0x30, 0x45, 0x3d, 0xb3, 0x37, 0x45, 0xbe,
    0x05, 0xbb, 0x3d, 0x40, 0x4c, 0xb5, 0x12, 0x38, 0x52, 0x39, 0x11, 0xbc, 0x2e, 0x3c, 0x95, 0x36,
    0x89, 0xb6, 0xe0, 0x37, 0xb4, 0xb4, 0xc5, 0x3f, 0x86, 0xb0, 0xb6, 0xb1, 0x80, 0xbe, 0xa2, 0x3c,
    0x5a, 0x36, 0x00, 0xaa, 0x9b, 0x35, 0x3b, 0x37, 0xa7, 0xb9, 0xfb, 0xb9, 0xcc, 0x2e, 0xc4, 0x3d,
    0x84, 0xbc, 0xab, 0xb6, 0xc5, 0x38, 0xcc, 0x3b, 0xd4, 0xba, 0x5e, 0xb4, 0xba, 0x3a, 0xc9, 0x32,
    0x29, 0x33, 0x20, 0x3b, 0xe5, 0x3d, 0x34, 0x39, 0x17, 0x3c, 0x43, 0x31, 0x65, 0xbd, 0xd8, 0x3a,
    0x00, 0xba, 0x50, 0xbb, 0x9e, 0x36, 0xa1, 0x3e, 0x9f, 0xb5, 0x4b, 0xba, 0x5a, 0x40, 0xb3, 0xb8,
    0x48, 0xbc, 0x25, 0xc0, 0x80, 0xc1, 0x5c, 0x35, 0x58, 0xb9, 0x91, 0xbf, 0x12, 0xbb, 0x6b, 0x3c,
    0xf4, 0xb9, 0xb0, 0xbf, 0x6e, 0xbb, 0x83, 0xb8, 0x71, 0x3c, 0xb4, 0x39, 0x71, 0x3a, 0xe9, 0xb9,
    0xfb, 0xb7, 0xc9, 0xba, 0x7e, 0xb4, 0x38, 0xbd, 0x33, 0xbe, 0x03, 0x3b, 0xda, 0xb8, 0xc2, 0xaa,
    0x77, 0xb5, 0x10, 0x3c, 0xc0, 0x3c, 0x07, 0x3d, 0x44, 0xc1, 0x4a, 0x35, 0xeb, 0x36, 0xe2, 0x3b,
    0x00, 0xbc, 0xb9, 0xbb, 0x60, 0x2c, 0x95, 0x30, 0xef, 0x3c, 0x75, 0x38, 0x66, 0x3d, 0xa5, 0xbf,
    0x08, 0xbc, 0x0e, 0x3b, 0xbb, 0xb8, 0xa1, 0x36, 0x84, 0x3c, 0x7c, 0x39, 0xef, 0xb9, 0x10, 0x34,
    0x87, 0x2c, 0x90, 0x3c, 0x53, 0xab, 0x2c, 0xb5, 0xe5, 0xb9, 0x4f, 0x3f, 0x00, 0x36, 0xcc, 0x38,
    0xa1, 0xb7, 0xa1, 0x3d, 0x4e, 0x3c, 0xed, 0xb6, 0x7b, 0x3f, 0xe4, 0x31, 0xc8, 0xbb, 0xd0, 0xb4,
    0xef, 0x32, 0xaa, 0x3a, 0x59, 0x39, 0xac, 0xba, 0x97, 0x2f, 0xdd, 0xbc, 0x08, 0x35, 0x79, 0xc2,
    0x2e, 0x3b, 0xad, 0xbd, 0x07, 0x3b, 0x1d, 0x3b, 0x35, 0xb8, 0x1c, 0xbf, 0xe5, 0xb0, 0xb1, 0xb0,
    0x7c, 0x35, 0xd4, 0xb6, 0xdb, 0x38, 0x7d, 0x27, 0x35, 0xb1, 0x31, 0xba, 0x9c, 0xb9, 0x77, 0xa8,
    0x37, 0x3b, 0xe3, 0xbd, 0x58, 0x3c, 0x65, 0xbc, 0x0c, 0xc0, 0xbc, 0xb5, 0xa4, 0xbc, 0xdf, 0x3c,
    0x93, 0xc0, 0xd9, 0x2d, 0x92, 0xbb, 0x26, 0x3f, 0x79, 0xbb, 0x02, 0x3e, 0xf6, 0x3d, 0x35, 0x39,
    0x54, 0xb8, 0xfc, 0x1e, 0xd2, 0x34, 0xb7, 0x2b, 0x08, 0x3c, 0xae, 0x30, 0x63, 0x3a, 0x21, 0x37,
    0x9e, 0x27, 0xec, 0x3c, 0x55, 0xb8, 0xbe, 0xb3, 0x88, 0x38, 0xfe, 0xbc, 0x9d, 0x34, 0x28, 0xb6,
    0x94, 0x2f, 0xd8, 0xb4, 0xe8, 0x3b, 0x3e, 0xbc, 0x0a, 0x3d, 0x9a, 0xb8, 0x35, 0x33, 0x28, 0xbb,
    0xa1, 0x9f, 0xf4, 0xb2, 0x51, 0xbe, 0xff, 0xb7, 0xb8, 0xb8, 0xfe, 0x38, 0x52, 0xa7, 0x67, 0xb4,
    0x57, 0xbe, 0xe0, 0xae, 0xca, 0xba, 0x64, 0x3b, 0xf7, 0x38, 0x0d, 0xbc, 0x28, 0xbe, 0x6a, 0x39,
    0xed, 0x2d, 0xe8, 0xc0, 0x3e, 0x3c, 0x0a, 0x3c, 0x0f, 0x37, 0xf1, 0x2c, 0xbc, 0xbe, 0x11, 0xbd,
    0xe2, 0x32, 0xbc, 0xb9, 0x75, 0xc0, 0x25, 0x39, 0xb9, 0xbd, 0x2b, 0x35, 0xd0, 0x3b, 0x08, 0xbb,
    0x75, 0x39, 0x3a, 0x40, 0xe1, 0xbc, 0xbf, 0x3a, 0xa0, 0xb8, 0xf6, 0xb0, 0x4c, 0xc1, 0x71, 0x3a,
    0xfa, 0xbb, 0x3d, 0xb9, 0x07, 0x39, 0x86, 0x3f, 0xed, 0xb7, 0x2d, 0x36, 0x7c, 0x3d, 0xb7, 0xb9,
    0x45, 0xbf, 0x54, 0xb8, 0x82, 0xbd, 0xf0, 0xba, 0xd2, 0x36, 0x27, 0x30, 0xda, 0x36, 0xfc, 0x3e,
    0x50, 0xc1, 0xaf, 0xba, 0x78, 0x3d, 0x21, 0x92, 0xc6, 0xb9, 0x80, 0xbf, 0x1d, 0x2d, 0xd2, 0xb8,
    0x2b, 0x35, 0x70, 0xb0, 0x01, 0x3c, 0x11, 0x2a, 0xec, 0xbe, 0x33, 0x3a, 0x52, 0xbb, 0x66, 0xbb,
    0xea, 0x38, 0xd1, 0xba, 0x82, 0xb5, 0x3c, 0xb4, 0x22, 0x39, 0x0b, 0x37, 0x93, 0x3c, 0xbe, 0x35,
    0x74, 0xb8, 0x9b, 0xbb, 0x28, 0xa9, 0xc0, 0xbe, 0xd8, 0xbc, 0xfd, 0x38, 0xc0, 0xae, 0x64, 0xc0,
    0x17, 0x39, 0xc5, 0x3f, 0xe1, 0x3e, 0xfc, 0x3b, 0xa1, 0xbf, 0x6b, 0x36, 0x63, 0x32, 0xe7, 0xbb,
    0x0c, 0xba, 0xfd, 0x3a, 0x45, 0x32, 0x9b, 0xc1, 0xd8, 0xbc, 0x51, 0xb7, 0x07, 0xb9, 0x2a, 0xb7,
    0x5a, 0x3e, 0xfa, 0x3d, 0xe1, 0xbb, 0xaf, 0x3d, 0x22, 0x2f, 0x0a, 0x36, 0x47, 0xbf, 0x81, 0x40,
    0x5b, 0xbc, 0x57, 0xa0, 0x52, 0x2e, 0xc9, 0x38, 0x7f, 0x39, 0x4d, 0x3a, 0xa3, 0x37, 0x00, 0x3b,
    0x61, 0x3e, 0xea, 0x38, 0xf5, 0x3e, 0x84, 0x36, 0xd0, 0xb9, 0x68, 0xb8, 0x89, 0x3a, 0x29, 0x37,
    0x90, 0xc0, 0xfb, 0x3f, 0x63, 0xae, 0xd3, 0x31, 0x75, 0xb8, 0xdf, 0xb7, 0x6a, 0x39, 0x03, 0x2f,
    0xc1, 0x31, 0x6b, 0x3a, 0xfc, 0x2d, 0x31, 0x3d, 0x04, 0x98, 0x2c, 0x3d, 0x5f, 0xbe, 0xb3, 0x30,
    0xc0, 0x3d, 0x5a, 0xba, 0xf1, 0xb9, 0xa1, 0x31, 0xe4, 0xab, 0x66, 0xbe, 0xe2, 0x38, 0xf8, 0xbd,
    0x22, 0x20, 0x0b, 0x3c, 0x87, 0xb7, 0xbe, 0xbc, 0x66, 0x3c, 0xe8, 0xb9, 0x22, 0xb4, 0x7e, 0xbe,
    0x44, 0x39, 0x32, 0x3e, 0xb5, 0x21, 0x30, 0x3c, 0xab, 0x3a, 0x01, 0x3b, 0x43, 0x3c, 0xfb, 0xa0,
    0xdd, 0xb5, 0x5a, 0xb4, 0xe8, 0x32, 0x50, 0xad, 0x58, 0xb6, 0xd9, 0x9d, 0xea, 0xb7, 0xa1, 0xbf,
    0x81, 0xb8, 0x01, 0xb9, 0x80, 0x35, 0x94, 0x38, 0x54, 0x38, 0x6b, 0x3e, 0x49, 0xb9, 0xfe, 0xba,
    0x9f, 0xbb, 0x50, 0xb5, 0x64, 0x3c, 0x43, 0xb2, 0x78, 0xbe, 0xad, 0x3e, 0x58, 0x29, 0xa4, 0x3a,
    0x12, 0xb8, 0x64, 0xbb, 0x53, 0xbc, 0x3e, 0xbf, 0xc2, 0xb6, 0x4d, 0x3a, 0xc6, 0xb8, 0x33, 0xb5,
    0xc7, 0x32, 0x09, 0x3e, 0x7a, 0x3e, 0x66, 0xbd, 0x75, 0x35, 0xb2, 0x32, 0x64, 0xbe, 0xfd, 0xbb,
    0xc9, 0xbc, 0x70, 0xba, 0xe6, 0xbe, 0x96, 0xc0, 0x92, 0xbc, 0x07, 0x38, 0x0c, 0xb3, 0xa4, 0xb4,
    0xcd, 0x36, 0xee, 0xa7, 0x76, 0xbb, 0xdf, 0x38, 0xcc, 0xae, 0x48, 0xb6, 0x7e, 0xba, 0x12, 0xaf,
    0x5e, 0xb5, 0xab, 0x3a, 0x19, 0xb4, 0x2f, 0xbd, 0x77, 0x3a, 0x28, 0xb6, 0xf9, 0x3c, 0x70, 0x39,
    0xbb, 0xbb, 0xb3, 0xbd, 0xb8, 0xb5, 0xeb, 0x3e, 0xd1, 0xbe, 0x9c, 0xbd, 0x1d, 0xb0, 0x45, 0x3c,
    0xa6, 0x3a, 0x1b, 0x40, 0x33, 0xbc, 0xe6, 0xbd, 0x33, 0xb9, 0x31, 0x2d, 0xd8, 0xb9, 0xa3, 0x3a,
    0x45, 0x27, 0xa2, 0x34, 0x6c, 0x38, 0x9c, 0xb5, 0x3f, 0xbd, 0x81, 0xb6, 0x83, 0x3c, 0x45, 0xb1,
    0x2a, 0xb8, 0x2f, 0xbb, 0x00, 0x32, 0xb9, 0xbf, 0xa8, 0xb5, 0xa2, 0xbc, 0xc5, 0x38, 0xcb, 0xc0,
    0x40, 0xc0, 0x4e, 0x34, 0x1c, 0x31, 0x30, 0x3c, 0x50, 0xc0, 0xba, 0x3c, 0xad, 0xaf, 0x97, 0xbe,
    0x8a, 0xac, 0x6a, 0x3b, 0x55, 0xbc, 0x24, 0x3b, 0x11, 0x40, 0x6d, 0x37, 0x45, 0xb4, 0x29, 0x3c,
    0x52, 0xb2, 0xa6, 0x2d, 0x2f, 0xb9, 0x2c, 0xba, 0xe3, 0xbc, 0xb2, 0x36, 0x74, 0xb8, 0x9a, 0xbb,
    0x25, 0x3c, 0x44, 0xa8, 0xd4, 0x2f, 0x31, 0xaf, 0x9e, 0xb7, 0x13, 0x3b, 0x54, 0xbe, 0x5c, 0xbc,
    0xe4, 0xb5, 0x0c, 0xbd, 0x67, 0xbd, 0x6a, 0xbe, 0xe5, 0xbc, 0xd9, 0xb8, 0x16, 0xae, 0x36, 0x3d,
    0x15, 0x33, 0xee, 0x39, 0x23, 0xb4, 0x04, 0x3a, 0x51, 0xba, 0xa8, 0xb2, 0x34, 0x3e, 0x94, 0x3d,
    0x74, 0x38, 0x50, 0x3c, 0xd2, 0x3a, 0x19, 0x3c, 0x87, 0xbe, 0x3a, 0xbe, 0xb9, 0x3d, 0x30, 0x40,
    0xc6, 0xb8, 0xd1, 0x28, 0x32, 0xb8, 0xc4, 0x3a, 0x18, 0x30, 0xc1, 0x21, 0xe8, 0xb7, 0x56, 0xbc,
    0xec, 0xba, 0xeb, 0xbe, 0xe8, 0xb8, 0x66, 0x36, 0x86, 0xb0, 0x7a, 0xb5, 0xf4, 0xbf, 0x45, 0xb8,
    0xae, 0xb8, 0x21, 0x3a, 0xca, 0xbc, 0x50, 0xb5, 0x2b, 0x33, 0xc1, 0x3c, 0x1d, 0xb8, 0x43, 0xc1,
    0x8d, 0x36, 0x44, 0xc1, 0x0d, 0x3b, 0x36, 0xad, 0x6d, 0x2f, 0x37, 0xb6, 0x95, 0x39, 0x58, 0x3a,
    0xfb, 0x3c, 0x8e, 0xb5, 0xb2, 0xba, 0x34, 0x39, 0x4a, 0xb2, 0x16, 0xbd, 0x63, 0xb6, 0xe0, 0x3e,
    0xa0, 0xbf, 0x2e, 0xbc, 0x73, 0xbd, 0x00, 0x33, 0x27, 0x31, 0x8f, 0xbb, 0xd7, 0x3b, 0xc2, 0x41,
    0xe3, 0x39, 0xbe, 0x3c, 0x75, 0x3c, 0x4c, 0xba, 0x8d, 0x36, 0x1b, 0x34, 0x8f, 0xbc, 0x73, 0x2d,
    0x1b, 0xc0, 0xe9, 0xb8, 0x8c, 0x36, 0xa5, 0xb8, 0xbb, 0xbe, 0x2b, 0x35, 0x7d, 0x3c, 0xa3, 0xb8,
    0xf9, 0x3c, 0xe4, 0xb5, 0x87, 0x29, 0x15, 0xb8, 0x9c, 0xb5, 0x8a, 0x38, 0xef, 0xbd, 0xd8, 0x31,
    0x67, 0xbc, 0xe9, 0x3a, 0xec, 0x3f, 0xfa, 0x32, 0x45, 0x38, 0xd1, 0xb8, 0x0a, 0xb5, 0xf0, 0x3a,
    0xe6, 0xb8, 0x52, 0x39, 0x50, 0x3a, 0x76, 0x38, 0xe8, 0x37, 0x48, 0x2a, 0x2a, 0xbd, 0x30, 0x37,
    0x06, 0x38, 0x07, 0x41, 0x74, 0xbe, 0x86, 0xb2, 0x28, 0xb8, 0xed, 0xb6, 0x55, 0x3d, 0x52, 0xb7,
    0x43, 0xb4, 0xcd, 0x36, 0x9e, 0x38, 0x7c, 0x40, 0xd1, 0x31, 0x20, 0x3c, 0xe3, 0x3e, 0xe2, 0x3b,
    0x26, 0x3f, 0x7a, 0xbb, 0x70, 0xbd, 0x6b, 0xbc, 0x51, 0x40, 0x64, 0xbd, 0x0c, 0xbe, 0x6c, 0x39,
    0x57, 0x2a, 0xf3, 0x38, 0x26, 0xb7, 0x95, 0x39, 0x8b, 0x3d, 0xbb, 0xbc, 0x8b, 0x26, 0x4a, 0x38,
    0xfc, 0x30, 0xb4, 0x40, 0x2a, 0x3f, 0x5e, 0xb6, 0x6a, 0xb4, 0xbb, 0xaf, 0x5a, 0x39, 0xdf, 0x3b,
    0x0e, 0xb0, 0x46, 0xb1, 0x77, 0x3b, 0x30, 0x33, 0x00, 0x35, 0xbe, 0xb9, 0x10, 0x3d, 0xda, 0xa1,
    0x7c, 0xad, 0x08, 0x37, 0xa2, 0x2b, 0x32, 0x3d, 0xe5, 0x37, 0x03, 0x2c, 0xaa, 0x3a, 0xb6, 0xc1,
    0x55, 0xbc, 0xd0, 0xbc, 0x38, 0x3f, 0xd2, 0xb8, 0x3f, 0x32, 0x2d, 0xb9, 0x06, 0x38, 0xab, 0x3c,
    0xab, 0x3c, 0xc1, 0x24, 0x90, 0xb6, 0x20, 0x37, 0xd3, 0xb6, 0x25, 0x34, 0x14, 0x2c, 0x75, 0x37,
    0x9d, 0xb6, 0xfc, 0x3c, 0x13, 0xb4, 0xc3, 0xb6, 0x9d, 0x3c, 0x84, 0xbc, 0x5a, 0x3c, 0xca, 0xbc,
    0x19, 0xbc, 0xfd, 0xbe, 0xcb, 0xb5, 0x5d, 0xbb, 0x50, 0x3e, 0xec, 0x31, 0xa2, 0x3b, 0xc1, 0xbe,
    0xe4, 0x35, 0x31, 0xbc, 0xd4, 0xb9, 0x60, 0xbc, 0xe1, 0xb9, 0x91, 0x37, 0x7e, 0xc0, 0x46, 0xba,
    0x27, 0x9c, 0xc6, 0xbc, 0x6b, 0xbd, 0x9f, 0xb6, 0xfc, 0x32, 0xe6, 0xbd, 0x38, 0xae, 0x1f, 0x2d,
    0x70, 0xb8, 0x80, 0xb6, 0xa8, 0x3c, 0x67, 0xbd, 0x6b, 0xb9, 0xf5, 0x1c, 0xa1, 0xba, 0x26, 0x3a,
    0xa0, 0xb1, 0x9b, 0x3d, 0xe1, 0x37, 0x98, 0xab, 0xab, 0x3a, 0xd6, 0x35, 0xe3, 0x3b, 0xb6, 0xb5,
    0x1f, 0xb5, 0x22, 0xbc, 0x2b, 0x39, 0x61, 0x2f, 0x3d, 0xbb, 0xe3, 0x3c, 0x00, 0x3c, 0x53, 0xc2,
    0xe8, 0xbb, 0xfa, 0xb0, 0x1c, 0xb6, 0xf2, 0x39, 0x28, 0xbb, 0x22, 0xb9, 0x0f, 0xbf, 0xd2, 0xa4,
    0x62, 0x39, 0x2d, 0x35, 0xb2, 0xb2, 0x8d, 0xb3, 0x8a, 0x3e, 0xbf, 0xad, 0x9b, 0x38, 0xe9, 0xbc,
    0x16, 0xb6, 0xe4, 0x3b, 0xf3, 0xb9, 0x94, 0x36, 0x4e, 0xbc, 0x79, 0x3d, 0x74, 0xba, 0xb6, 0xbf,
    0x25, 0xb5, 0x40, 0xbc, 0x19, 0xba, 0x38, 0xbc, 0x27, 0x38, 0xdf, 0xb5, 0x37, 0xbe, 0xcf, 0x39,
    0xcc, 0x35, 0x04, 0x3c, 0x09, 0xbf, 0x4b, 0xb2, 0xdc, 0xbd, 0x17, 0xb5, 0x1d, 0x3c, 0xc4, 0xba,
    0xad, 0xb4, 0xe9, 0xb2, 0xa2, 0x37, 0x22, 0xbc, 0x06, 0xb8, 0xbe, 0xb9, 0xde, 0x3c, 0xf9, 0x3d,
    0x4e, 0xc0, 0xad, 0x2d, 0x01, 0xb8, 0x1b, 0x3f, 0x53, 0xa4, 0x27, 0xbc, 0xd7, 0x3b, 0x9e, 0xb9,
    0xd7, 0x3a, 0x6e, 0xb1, 0x80, 0xb4, 0x08, 0x3c, 0xac, 0x3b, 0x62, 0x3a, 0x7a, 0x34, 0x6f, 0x36,
    0x7d, 0x41, 0x4e, 0x35, 0x36, 0x40, 0x1a, 0xb5, 0x46, 0x35, 0x7f, 0x38, 0x47, 0x2b, 0x00, 0xba,
    0x4e, 0xbd, 0x74, 0x35, 0xe5, 0xbc, 0xb7, 0x37, 0x4a, 0xbb, 0x67, 0xb5, 0xe3, 0xba, 0xd3, 0xb9,
    0x5a, 0x38, 0xa2, 0x3c, 0xc6, 0xb8, 0x1b, 0xb8, 0x67, 0xb8, 0xcd, 0xb8, 0x2c, 0xbb, 0xb1, 0x32,
    0x77, 0xb8, 0x60, 0xb5, 0x83, 0xbc, 0x52, 0x40, 0xd1, 0x3b, 0x2d, 0xbe, 0xc4, 0xb9, 0x71, 0xb0,
    0xe9, 0x3f, 0xf6, 0x28, 0x06, 0xbc, 0xf8, 0x3c, 0xec, 0xba, 0xb1, 0x34, 0x25, 0x35, 0xd2, 0xbc,
    0x6d, 0xbd, 0xcd, 0x3c, 0x31, 0x3d, 0x5f, 0xbb, 0xb5, 0xba, 0x7e, 0xbe, 0x61, 0x39, 0xb2, 0xbd,
    0x59, 0x39, 0xe1, 0xbd, 0x1a, 0xbd, 0x1d, 0x35, 0x9e, 0x39, 0xc8, 0xb7, 0x07, 0x37, 0x27, 0x3b,
    0xea, 0xba, 0x36, 0xbc, 0x3c, 0x37, 0xa4, 0xa9, 0x24, 0x34, 0xa2, 0x40, 0xb3, 0xb5, 0xdb, 0xb7,
    0x76, 0xb8, 0x60, 0x35, 0xc9, 0x34, 0xa8, 0xb0, 0xad, 0xaa, 0x71, 0x36, 0xf9, 0xc2, 0xbb, 0x2b,
    0x9d, 0x33, 0x82, 0x34, 0xc5, 0xba, 0x85, 0x32, 0x70, 0x39, 0xef, 0xb7, 0xc7, 0x2e, 0x32, 0x3e,
    0x82, 0xb4, 0xa6, 0xad, 0x4f, 0x3d, 0x72, 0x2d, 0xf7, 0xb6, 0x1b, 0xb0, 0x5a, 0xbd, 0xd2, 0xb9,
    0x95, 0x2d, 0xdc, 0x32, 0x53, 0x37, 0xb6, 0xba, 0xd1, 0xb6, 0xa8, 0x3a, 0x73, 0xb3, 0x43, 0xc0,
    0xb7, 0x39, 0x6b, 0xb9, 0xe0, 0xb7, 0xbf, 0x39, 0x07, 0xb1, 0xb3, 0xbc, 0x73, 0x3f, 0x9b, 0x37,
    0x5e, 0xb3, 0x4f, 0x35, 0xb1, 0xb6, 0x11, 0x38, 0x61, 0x31, 0x66, 0x3d, 0x81, 0xb7, 0x8f, 0x3e,
    0x66, 0xb4, 0x25, 0x3b, 0x78, 0xb7, 0x03, 0xb6, 0xd5, 0xb0, 0x06, 0xbb, 0xa2, 0x3d, 0xe2, 0x38,
    0x4c, 0x3b, 0xfa, 0xb5, 0xd9, 0x3d, 0x42, 0x36, 0xee, 0x39, 0xd8, 0xb8, 0xc6, 0xb1, 0x7a, 0x3e,
    0xa5, 0xbb, 0x44, 0xba, 0xd2, 0x39, 0xf8, 0x3c, 0x7e, 0x3c, 0x9a, 0xbb, 0x05, 0x3f, 0x2b, 0x9b,
    0x95, 0xbe, 0x4d, 0x40, 0x6d, 0xbe, 0xaf, 0x3d, 0x27, 0x3c, 0x2c, 0x34, 0x31, 0x39, 0x99, 0xb4,
    0x15, 0x38, 0xa7, 0xb9, 0x99, 0xba, 0x45, 0xbc, 0x91, 0x36, 0x8b, 0x3d, 0x10, 0xaf, 0x14, 0xbb,
    0x4a, 0x2e, 0xf7, 0x29, 0xc7, 0x40, 0xd9, 0xbc, 0x2f, 0x38, 0xb7, 0xb9, 0xf6, 0xc0, 0xa9, 0x31,
    0x0a, 0xb8, 0x91, 0x37, 0xe3, 0xb2, 0x3e, 0x3c, 0x35, 0xaf, 0xad, 0xbb, 0x67, 0x33, 0x91, 0x38,
    0x63, 0xbe, 0x1b, 0x3c, 0xfa, 0x39, 0x19, 0x3c, 0xf7, 0x31, 0x31, 0x3d, 0x2e, 0x28, 0xc8, 0xbb,
    0x0b, 0xb7, 0x2f, 0x40, 0x4d, 0xbd, 0x34, 0xbd, 0xc8, 0x32, 0xc6, 0x3c, 0x34, 0x39, 0x9a, 0xc0,
    0x3c, 0x16, 0xa6, 0xb7, 0x41, 0x3d, 0xa9, 0x3a, 0xe3, 0xbc, 0x92, 0xb4, 0xe6, 0x35, 0x7c, 0xb1,
    0x8c, 0x37, 0xa7, 0x38, 0x14, 0xbe, 0xe4, 0xbe, 0x4c, 0x3c, 0xaf, 0xbb, 0x03, 0x2f, 0xc5, 0xb6,
    0x79, 0x35, 0x45, 0x36, 0x50, 0x3c, 0x1c, 0xb4, 0x71, 0xb6, 0x2f, 0xba, 0x91, 0x30, 0xfc, 0xb5,
    0x82, 0x39, 0x41, 0xb9, 0x2c, 0x3a, 0x4a, 0xba, 0x52, 0x89, 0x08, 0xb8, 0x4d, 0x27, 0xc4, 0x3c,
    0x1b, 0xb7, 0x46, 0xb8, 0x18, 0x3f, 0x39, 0xb7, 0xe0, 0xa8, 0x78, 0xbb, 0xeb, 0x2c, 0xd4, 0xb8,
    0xc1, 0xbb, 0xec, 0xb5, 0x66, 0xbb, 0x54, 0x40, 0x99, 0xbe, 0x1b, 0x3e, 0xec, 0x34, 0x63, 0x3d,
    0xf6, 0x26, 0xa8, 0xb2, 0xb6, 0x3b, 0x15, 0xa8, 0x77, 0xb0, 0x8f, 0x35, 0xda, 0x33, 0x9f, 0x34,
    0x5b, 0x3c, 0xc7, 0xba, 0xd2, 0x3d, 0x02, 0xbd, 0x6a, 0xc0, 0x6e, 0xb8, 0x53, 0x3c, 0xdd, 0x2e,
    0x18, 0xbb, 0x45, 0xba, 0x85, 0x37, 0x9a, 0xc0, 0xe5, 0x2c, 0xdd, 0xb8, 0x3f, 0x3a, 0x07, 0xb9,
    0x46, 0xad, 0xed, 0x3c, 0x60, 0xbc, 0xe0, 0x3e, 0x8c, 0x3a, 0x03, 0xb4, 0x3c, 0xbb, 0xd9, 0x35,
    0x2e, 0xbb, 0x5d, 0x3d, 0xff, 0x3e, 0x1e, 0xad, 0x2f, 0xbf, 0xb0, 0x1e, 0xe2, 0x38, 0x56, 0x3a,
    0x47, 0xc1, 0xaa, 0x37, 0xa6, 0xb9, 0x29, 0x27, 0xf6, 0x33, 0xf0, 0x2f, 0x8e, 0x3b, 0xbb, 0xbf,
    0x06, 0xb6, 0xcc, 0x3c, 0x95, 0xba, 0xbe, 0xb9, 0xdb, 0xbc, 0x97, 0xbf, 0xff, 0xbd, 0xd6, 0xbd,
    0x1f, 0x30, 0x7f, 0xb6, 0xe8, 0x39, 0xf6, 0xb8, 0x5d, 0x3e, 0xf5, 0x3a, 0xd4, 0xab, 0x2d, 0x3d,
    0xef, 0x3a, 0x0c, 0xbd, 0x05, 0x35, 0x54, 0xbd, 0x8b, 0xb3, 0xcf, 0x2b, 0x47, 0xbd, 0xdd, 0x3c,
    0xc5, 0x2e, 0x32, 0xb7, 0xb1, 0xbe, 0x47, 0xb3, 0x9d, 0xbc, 0x19, 0x3a, 0xe3, 0x31, 0x20, 0x39,
    0xfb, 0x3a, 0x2f, 0xa1, 0xf9, 0xb5, 0xb3, 0x41, 0xa7, 0x32, 0x62, 0xbe, 0x8b, 0x37, 0x71, 0xb0,
    0x36, 0x3a, 0x2a, 0xbd, 0x5a, 0x3c, 0x18, 0xb1, 0xcc, 0x39, 0x67, 0xbe, 0xc7, 0x2d, 0x56, 0xbb,
    0x30, 0x3c, 0x5f, 0x3c, 0x6d, 0xbc, 0x21, 0x2f, 0x09, 0x3a, 0x18, 0xbc, 0x91, 0x3c, 0x7c, 0x3d,
    0x7d, 0x3a, 0x61, 0x3d, 0x15, 0xbb, 0xb5, 0xbd, 0x2e, 0x3e, 0x1c, 0xb4, 0x97, 0x39, 0x1d, 0xb8,
    0x2e, 0xb8, 0x97, 0x38, 0xb9, 0xae, 0xb9, 0xc1, 0x80, 0xb4, 0x20, 0xbb, 0x1c, 0xbd, 0xd2, 0x30,
    0xa1, 0x38, 0xaf, 0x3e, 0x39, 0xbd, 0xc9, 0xbf, 0x80, 0xb4, 0xad, 0x3a, 0x7c, 0xbb, 0xf8, 0xb9,
    0xd4, 0xba, 0xa6, 0x39, 0x65, 0x28, 0xc9, 0xb9, 0xc4, 0xbb, 0xe1, 0x33, 0x36, 0xb8, 0xbb, 0x3e,
    0x11, 0x31, 0x5c, 0x3d, 0x15, 0x1f, 0x53, 0x36, 0xed, 0x28, 0x38, 0xbf, 0xd6, 0xbd, 0x60, 0x34,
    0xfd, 0x36, 0x8f, 0xbb, 0x98, 0x3d, 0x29, 0x3d, 0xbb, 0xbc, 0x68, 0xbc, 0xd5, 0xbc, 0x72, 0x2d,
    0x0d, 0xba, 0x4e, 0xc0, 0x97, 0x39, 0x29, 0x39, 0x98, 0xb9, 0x31, 0x32, 0x96, 0x33, 0x6c, 0xb9,
    0x4e, 0xb5, 0xfe, 0xb4, 0x4d, 0x22, 0x7b, 0xb5, 0x53, 0x3b, 0x49, 0x38, 0x48, 0xb1, 0x49, 0x3c,
    0xb5, 0x3c, 0x98, 0xb9, 0x6b, 0xb8, 0xf7, 0x38, 0xb6, 0x2a, 0x58, 0xc1, 0xf4, 0x37, 0xd3, 0xb8,
    0x1e, 0x3b, 0x9a, 0xb4, 0x87, 0x3e, 0x21, 0x3a, 0x90, 0xbc, 0x7e, 0xba, 0xa5, 0x33, 0xe7, 0xae,
    0x00, 0x38, 0xdc, 0xb0, 0x43, 0x3a, 0x88, 0x3c, 0x57, 0x3c, 0x69, 0xb3, 0xda, 0xb4, 0xfa, 0xb8,
    0x95, 0xbc, 0x31, 0xbe, 0x6c, 0xbd, 0x3d, 0x3a, 0x0a, 0xc1, 0x48, 0xb8, 0x12, 0xbc, 0x9d, 0x33,
    0x87, 0x3d, 0xc4, 0x32, 0xa3, 0x3f, 0xcf, 0xb6, 0xb9, 0x30, 0x17, 0xba, 0x27, 0x38, 0xbd, 0x38,
    0xa8, 0xba, 0x05, 0x2d, 0x0e, 0x35, 0x62, 0x3d, 0x97, 0x38, 0xdc, 0x3a, 0xf4, 0x3e, 0xc2, 0x37,
    0xbd, 0xb9, 0x3c, 0x40, 0x83, 0xb6, 0xe1, 0x3b, 0x99, 0xb7, 0xcd, 0x39, 0x44, 0xbc, 0x6f, 0x3d,
    0x5c, 0xbf, 0x46, 0xb8, 0xb9, 0x3c, 0x1c, 0xb6, 0xa8, 0xbd, 0x32, 0x3c, 0x63, 0xbf, 0xe9, 0x3d,
    0xf0, 0xb9, 0x26, 0x3c, 0x0a, 0x37, 0x1e, 0xbc, 0x5e, 0x3f, 0x60, 0xba, 0xce, 0x3b, 0x9b, 0xb9,
    0x09, 0xc0, 0xcf, 0x39, 0x2e, 0x3c, 0x37, 0xb8, 0xb8, 0x20, 0x89, 0xbc, 0x33, 0x3c, 0xd3, 0x3a,
    0x26, 0xbd, 0x62, 0x3c, 0xe2, 0x3c, 0x1a, 0x3a, 0x39, 0x35, 0x2c, 0xb5, 0x36, 0x33, 0x1f, 0xbd,
    0x8a, 0x3f, 0xf2, 0x40, 0x6b, 0x35, 0x56, 0xaf, 0xa0, 0x41, 0x9b, 0x3f, 0xd4, 0xbb, 0xee, 0x2a,
    0x5c, 0xb7, 0x6c, 0xaf, 0x02, 0x3d, 0x83, 0x3c, 0xee, 0x3e, 0xad, 0xb5, 0xaf, 0xb3, 0x34, 0x2f,
    0x95, 0x32, 0xe6, 0x3d, 0xec, 0xba, 0xb1, 0x3a, 0xe8, 0x31, 0x4d, 0xb8, 0x64, 0x3a, 0x0c, 0xbc,
    0x9d, 0xb7, 0x30, 0x33, 0x56, 0xbc, 0xfc, 0x3c, 0x41, 0xb7, 0x0e, 0xba, 0x66, 0xae, 0x4d, 0xbe,
    0x20, 0xbc, 0xa5, 0xb8, 0x62, 0xaf, 0x93, 0xbc, 0x8f, 0x3e, 0x01, 0xbc, 0x0e, 0x36, 0xa0, 0xbd,
    0x84, 0x3b, 0xdf, 0xb3, 0x39, 0x3e, 0x8f, 0x3a, 0x22, 0xbb, 0x21, 0xbe, 0xc9, 0x40, 0x0b, 0xbe,
    0xaf, 0x39, 0xd4, 0x3c, 0x66, 0x28, 0xc2, 0xb0, 0x73, 0x36, 0x4d, 0x3f, 0x31, 0x34, 0x93, 0xb0,
    0xf3, 0x3f, 0xb2, 0x3c, 0x91, 0xc0, 0x9e, 0xb4, 0xa2, 0xa2, 0x4a, 0xbc, 0x1e, 0x34, 0x6d, 0x3f,
    0x52, 0x31, 0x4d, 0x38, 0x9d, 0xaf, 0xa4, 0x39, 0x6b, 0xae, 0x33, 0x33, 0x35, 0x39, 0xf5, 0x32,
    0xe1, 0xad, 0xe9, 0xb9, 0xed, 0x36, 0x9e, 0x3f, 0xd0, 0x3e, 0x82, 0xbd, 0x57, 0x3b, 0x8c, 0xbb,
    0xc3, 0xbb, 0x9f, 0xb2, 0x0c, 0x38, 0x1f, 0xc0, 0xe2, 0x3b, 0x34, 0xb5, 0xae, 0x3e, 0x65, 0x41,
    0x67, 0x3c, 0xb6, 0x31, 0x31, 0x3e, 0x0b, 0xb0, 0xf1, 0x30, 0x06, 0x39, 0x28, 0xb8, 0x28, 0x35,
    0x96, 0xba, 0x34, 0x2d, 0x11, 0x2e, 0xae, 0x39, 0x40, 0xba, 0xa5, 0x3f, 0xb1, 0x3a, 0x0b, 0xbd,
    0xb6, 0xab, 0x4d, 0x3b, 0xc8, 0xae, 0x18, 0xbc, 0x45, 0x3d, 0x2d, 0x3c, 0x71, 0xbc, 0x99, 0x3d,
    0xad, 0xbc, 0x78, 0x40, 0xb1, 0xb2, 0xc9, 0xbc, 0x1d, 0xb9, 0xc0, 0x39, 0xb2, 0xbc, 0x66, 0x34,
    0x36, 0x36, 0xe2, 0x38, 0xa9, 0xb9, 0x47, 0xb7, 0x06, 0x3c, 0xf8, 0x3f, 0x53, 0xb8, 0xb2, 0xbd,
    0x73, 0xbb, 0x50, 0x39, 0x70, 0x3e, 0x1e, 0x38, 0x2f, 0x39, 0x21, 0x38, 0xed, 0x37, 0xb6, 0xbb,
    0x66, 0x39, 0xef, 0x3b, 0x43, 0x30, 0xfa, 0xbe, 0xae, 0xa5, 0x81, 0xbe, 0x8c, 0xbc, 0x65, 0x34,
    0x04, 0x2c, 0xe7, 0x2d, 0x0e, 0x3f, 0x7e, 0xbc, 0x50, 0xb7, 0xf8, 0xbc, 0xb9, 0x35, 0x17, 0x40,
    0x4b, 0xad, 0xa0, 0x37, 0xa0, 0x35, 0xad, 0x3e, 0x40, 0xbe, 0x82, 0xa9, 0xc4, 0x3d, 0x2a, 0x33,
    0x4d, 0xad, 0x15, 0x3f, 0x53, 0x35, 0x1c, 0xab, 0x1d, 0xb6, 0x5d, 0xbb, 0x05, 0xbd, 0x0d, 0x33,
    0x8b, 0x3d, 0x47, 0xc0, 0x8e, 0xc2, 0xb2, 0xb7, 0x22, 0x3c, 0x0f, 0xbf, 0xaf, 0x39, 0x7d, 0xb6,
    0x8a, 0xbc, 0xc1, 0x2d, 0x11, 0x3d, 0xb2, 0xb5, 0x8e, 0xba, 0x21, 0xb0, 0xd5, 0x3d, 0x5f, 0xb5,
    0x77, 0x3e, 0xd6, 0x2a, 0x86, 0xb2, 0x67, 0x3c, 0xf5, 0x3c, 0xeb, 0x36, 0x76, 0x34, 0x37, 0xb9,
    0x1c, 0xbc, 0x1a, 0x40, 0xa7, 0xc0, 0xea, 0xb6, 0x7a, 0xb0, 0x0e, 0xbd, 0xf1, 0x3d, 0x88, 0xb7,
    0xdf, 0xbc, 0x54, 0xb9, 0x17, 0x35, 0xf5, 0x35, 0x76, 0xba, 0xa0, 0x3d, 0xdf, 0xb1, 0x8c, 0xbf,
    0xb6, 0xae, 0x85, 0x3c, 0x98, 0xb2, 0x35, 0xb5, 0x22, 0x1c, 0x1f, 0x3c, 0xb9, 0xbf, 0x6d, 0xb7,
    0x7e, 0xb8, 0xcd, 0xbb, 0x4b, 0x3c, 0xd9, 0x2e, 0x87, 0xbd, 0x70, 0xbf, 0xe8, 0xb8, 0x17, 0xc1,
    0x38, 0x3b, 0x6e, 0xbb, 0x9b, 0x38, 0x03, 0x3c, 0x37, 0xbd, 0x30, 0xbe, 0x0b, 0xb7, 0xb4, 0x20,
    0x32, 0x37, 0x28, 0xb4, 0xcc, 0xb8, 0xba, 0xbd, 0x46, 0xa1, 0x22, 0xbb, 0x1e, 0xb6, 0xf4, 0xb1,
    0x64, 0xb9, 0x96, 0xc0, 0x68, 0xba, 0x61, 0xbb, 0x86, 0xb2, 0xd1, 0x3c, 0x12, 0xa7, 0x19, 0x9d,
    0xf8, 0xb9, 0x16, 0xbf, 0x59, 0xab, 0xfb, 0xaf, 0x86, 0x3e, 0xad, 0x3d, 0xea, 0x2d, 0x62, 0x30,
    0x81, 0xbe, 0x35, 0xb6, 0x70, 0x36, 0xf7, 0x3c, 0x4c, 0x38, 0x0d, 0x25, 0x6d, 0x3e, 0x5f, 0x38,
    0xc0, 0x35, 0xe6, 0xb4, 0x92, 0x38, 0xe9, 0x3c, 0x5e, 0x34, 0x48, 0xbe, 0x30, 0x3c, 0x70, 0xbf,
    0x37, 0x3c, 0x70, 0x40, 0xea, 0x2c, 0x0c, 0x34, 0x21, 0xbc, 0xbc, 0x3f, 0xe4, 0x3c, 0x82, 0xbd,
    0xc8, 0x36, 0xe0, 0x3e, 0x59, 0xbe, 0x7f, 0xb9, 0x35, 0x28, 0x12, 0x2b, 0x8d, 0x3b, 0x67, 0xbd,
    0x94, 0x3b, 0x0b, 0x30, 0xc4, 0x2e, 0x27, 0xb0, 0x49, 0x20, 0xa5, 0xbb, 0x07, 0x39, 0x8a, 0x3b,
    0x64, 0xbe, 0x8f, 0x3c, 0x4b, 0x3f, 0x0a, 0x30, 0xb6, 0x3d, 0x57, 0xbe, 0x47, 0x28, 0x30, 0xbc,
    0xe4, 0x3e, 0xb1, 0x3c, 0xbb, 0x3e, 0xcc, 0xba, 0x88, 0x2e, 0x21, 0xbf, 0x90, 0xbe, 0xab, 0xc2,
    0xda, 0x3a, 0x18, 0xb4, 0xd0, 0x36, 0xcd, 0x31, 0x93, 0x38, 0x9e, 0x30, 0x8b, 0xb0, 0xf6, 0xbc,
    0xee, 0x2a, 0x01, 0xba, 0x9d, 0xbb, 0xbe, 0x3a, 0x1f, 0x3c, 0x90, 0x3d, 0x93, 0x3e, 0x5e, 0x39,
    0x59, 0xac, 0x09, 0x3c, 0x7b, 0x3c, 0x31, 0x3a, 0x3e, 0xa6, 0x3f, 0xbe, 0x23, 0x2a, 0xfb, 0x2e,
    0x7c, 0xbe, 0x48, 0x38, 0xd0, 0xb5, 0xa1, 0xa8, 0x25, 0xb8, 0x09, 0x31, 0x36, 0xbd, 0x3d, 0xbd,
    0xde, 0x3a, 0x33, 0x3b, 0x36, 0x34, 0xac, 0xba, 0x8e, 0x38, 0xa7, 0x34, 0x87, 0x3f, 0x56, 0xbd,
    0x58, 0xb8, 0x76, 0x38, 0x06, 0xb9, 0xc7, 0x3a, 0x87, 0x28, 0x39, 0xb8, 0x50, 0x38, 0x27, 0x3a,
    0xe6, 0xbc, 0x79, 0x34, 0xa0, 0x31, 0x60, 0xbe, 0x13, 0x3d, 0x35, 0xbb, 0xb7, 0xbc, 0x4a, 0xb6,
    0x5a, 0xbe, 0xbb, 0xbc, 0xe8, 0x39, 0xb0, 0xbb, 0xd2, 0x31, 0x02, 0x3c, 0x6b, 0x3c, 0x7c, 0x40,
    0xff, 0xa5, 0xf9, 0x3d, 0x9c, 0x3f, 0xfe, 0xb5, 0x85, 0x36, 0x80, 0xb6, 0xcd, 0x3e, 0xbc, 0x39,
    0x76, 0xbc, 0xe7, 0x1c, 0x63, 0xb8, 0xc6, 0xbc, 0x4b, 0xb7, 0xed, 0xbd, 0x73, 0xbc, 0x3b, 0xb3,
    0x2a, 0xba, 0x84, 0xaa, 0x7c, 0xc0, 0xdc, 0x37, 0x23, 0x33, 0x3f, 0x3b, 0x5b, 0x35, 0x37, 0x29,
    0xea, 0xac, 0xbf, 0x2f, 0x9a, 0x34, 0x30, 0xb8, 0x9a, 0xbc, 0xa8, 0xbe, 0xd6, 0xbc, 0x00, 0x39,
    0xed, 0x35, 0xec, 0x32, 0x2e, 0xb5, 0x55, 0xbc, 0xcf, 0x38, 0x98, 0x26, 0x08, 0x29, 0x5a, 0x40,
    0xde, 0x33, 0xf5, 0xb3, 0xf2, 0xb0, 0x35, 0xb9, 0x31, 0xb2, 0xaa, 0xb4, 0xd0, 0x35, 0x34, 0xa7,
    0x55, 0xbc, 0x6f, 0xb2, 0x68, 0x35, 0xf8, 0xb5, 0x7f, 0x39, 0x0c, 0x33, 0xa1, 0x3c, 0x60, 0xc0,
    0xaf, 0xad, 0x41, 0x3d, 0xd2, 0xb9, 0x60, 0x3c, 0x0c, 0xb8, 0xeb, 0x3e, 0x17, 0xc1, 0xc6, 0xb8,
    0x44, 0x3a, 0x3d, 0x37, 0xca, 0xbc, 0x62, 0xbe, 0x8d, 0xb4, 0xc5, 0xb7, 0x24, 0x30, 0x2c, 0xb9,
    0x77, 0xad, 0xe1, 0xbc, 0x99, 0xb9, 0xc0, 0x3d, 0xdf, 0x40, 0x8b, 0x12, 0x61, 0xbd, 0xdb, 0xb8,
    0xcf, 0x2a, 0x15, 0x32, 0x66, 0xac, 0xee, 0xb6, 0x49, 0xbd, 0xc8, 0xbf, 0x8c, 0x37, 0x6f, 0xb5,
    0xa5, 0x2d, 0x56, 0xb9, 0x0a, 0xbe, 0x37, 0x36, 0x45, 0xb8, 0x73, 0xc0, 0xca, 0x40, 0x1e, 0x34,
    0x3e, 0x37, 0x04, 0xbc, 0x22, 0xad, 0x26, 0xb1, 0xd1, 0x38, 0x7d, 0x3a, 0x59, 0xbe, 0x50, 0x3d,
    0xb0, 0x3b, 0xbd, 0x3a, 0xc0, 0x34, 0x34, 0x2e, 0x62, 0x3a, 0x6d, 0xbc, 0x65, 0xb2, 0x99, 0x23,
    0x1e, 0x32, 0x0c, 0xae, 0xcd, 0xb8, 0x32, 0xb7, 0x04, 0xb9, 0xb1, 0x3b, 0x40, 0x39, 0xa2, 0x3c,
    0x20, 0xb7, 0xb9, 0xb8, 0x1c, 0x38, 0xbc, 0x37, 0x2e, 0xba, 0xa9, 0xb7, 0x17, 0xbc, 0x16, 0x3f,
    0x9c, 0xbb, 0x14, 0xb9, 0x6c, 0x3c, 0xb8, 0x3a, 0x89, 0xb9, 0xb3, 0xa6, 0x42, 0xb7, 0x4f, 0xbd,
    0xdf, 0x33, 0xee, 0xac, 0x85, 0xbc, 0xe6, 0x30, 0x42, 0xb6, 0x3c, 0x3c, 0x1f, 0x35, 0x81, 0x37,
    0xc4, 0xb4, 0x2c, 0x3e, 0x90, 0xbc, 0x1a, 0x38, 0xfb, 0xbd, 0xbd, 0xbe, 0x06, 0xb7, 0x9f, 0x3c,
    0xa6, 0xb9, 0xc3, 0x38, 0x5e, 0x3c, 0x9b, 0x38, 0xc2, 0xae, 0xbb, 0x38, 0x9e, 0xb9, 0x15, 0x2e,
    0x0b, 0xb7, 0x59, 0xb2, 0xaa, 0xbd, 0x74, 0x3a, 0xa7, 0x3b, 0x32, 0xb4, 0xa0, 0xbd, 0xbc, 0xbc,
    0x52, 0x2e, 0xd3, 0x36, 0x5d, 0x3a, 0x29, 0xb7, 0xf2, 0xbd, 0x75, 0x29, 0x60, 0x3c, 0xeb, 0xbe,
    0x0f, 0xbc, 0xd6, 0x37, 0xe4, 0x38, 0x1d, 0x33, 0x77, 0x38, 0x98, 0x3b, 0x66, 0xc1, 0x80, 0x3c,
    0x7e, 0x37, 0xc2, 0x3d, 0x3b, 0x3a, 0x4d, 0x38, 0x83, 0x37, 0x89, 0x34, 0x03, 0xbc, 0x26, 0xb1,
    0x69, 0xb0, 0x7d, 0x37, 0x35, 0x39, 0xd7, 0xbd, 0x0d, 0xb4, 0x34, 0x3b, 0x5a, 0x34, 0x59, 0x36,
    0x0d, 0x39, 0x2f, 0xb5, 0x64, 0xad, 0x89, 0xb7, 0xd5, 0xbb, 0x8c, 0x30, 0x5e, 0x37, 0x0e, 0x3a,
    0x19, 0x36, 0xd0, 0x35, 0x70, 0xbd, 0x4e, 0x38, 0xfa, 0xbb, 0x39, 0x3c, 0x5f, 0x95, 0x47, 0x40,
    0x3d, 0xb1, 0xeb, 0x36, 0x39, 0x35, 0xfb, 0x3b, 0x2c, 0xb1, 0x71, 0xa0, 0x4b, 0x30, 0xfd, 0xa8,
    0xf2, 0x36, 0xf8, 0x3a, 0xf7, 0x34, 0xcb, 0x3d, 0x07, 0x3c, 0x37, 0x3a, 0x8e, 0xa8, 0xc1, 0xb6,
    0x0e, 0xbd, 0x2b, 0x30, 0x51, 0x39, 0x23, 0xba, 0x15, 0x39, 0x37, 0x38, 0x8d, 0xb6, 0x53, 0x3e,
    0xc7, 0x35, 0x95, 0x38, 0x2a, 0xb6, 0x7c, 0xbc, 0xc5, 0x3a, 0xec, 0xb9, 0xc6, 0x38, 0x7e, 0xb9,
    0x55, 0x39, 0x08, 0xb9, 0x33, 0xbd, 0x64, 0xbc, 0x43, 0xa9, 0x01, 0x37, 0x94, 0x39, 0xd6, 0xbb,
    0x03, 0xbe, 0xd2, 0xc1, 0x33, 0x3a, 0xb6, 0x36, 0x71, 0xb5, 0x8a, 0x31, 0x48, 0xb8, 0x27, 0xbe,
    0xb3, 0x36, 0x7b, 0xb7, 0x6a, 0x37, 0x6b, 0x3d, 0x09, 0xbb, 0x09, 0x3c, 0x02, 0x22, 0x45, 0xb9,
    0x6b, 0x3e, 0xf9, 0xb9, 0x2d, 0x2f, 0x85, 0xa9, 0x28, 0x32, 0x34, 0x38, 0x52, 0xb7, 0x68, 0xb9,
    0x7c, 0xb7, 0x25, 0x39, 0xfb, 0xbf, 0xb4, 0xac, 0x81, 0x26, 0xb3, 0x1e, 0x03, 0xbb, 0xb5, 0x40,
    0x0e, 0xb2, 0x5c, 0x32, 0xb4, 0xbe, 0x44, 0x3f, 0x3f, 0xb8, 0x5e, 0x3e, 0x07, 0x2e, 0x04, 0xb4,
    0x66, 0x3f, 0x7b, 0x37, 0x99, 0xb8, 0x8a, 0x31, 0x0d, 0xbd, 0x5d, 0x3d, 0x2d, 0xb6, 0xd5, 0x35,
    0x66, 0xb0, 0x75, 0x37, 0xf9, 0x36, 0xbb, 0x36, 0xf5, 0xb2, 0xfb, 0xbb, 0xcb, 0x41, 0xbf, 0xb0,
    0x03, 0x41, 0xe6, 0xb9, 0x1d, 0xbd, 0x05, 0xb4, 0xfd, 0x3c, 0xf9, 0xb2, 0xc7, 0x30, 0xe1, 0x31,
    0x82, 0x3c, 0xc2, 0xaa, 0x08, 0x39, 0xe2, 0xb2, 0x82, 0xbc, 0x47, 0x34, 0x20, 0x38, 0xf0, 0xbc,
    0x66, 0x39, 0x74, 0x3a, 0x51, 0x3d, 0x07, 0xac, 0x2b, 0xbb, 0x76, 0x37, 0x87, 0xb4, 0x0a, 0xbc,
    0xb9, 0x3d, 0x65, 0x3c, 0x52, 0xb5, 0xa2, 0x3a, 0xde, 0xbb, 0x54, 0xba, 0xac, 0xb6, 0x76, 0xb8,
    0xd8, 0xb1, 0x1d, 0x3a, 0xa7, 0xb0, 0x3a, 0xba, 0xce, 0xbd, 0x67, 0xbd, 0xd4, 0xbc, 0xfd, 0xb4,
    0x8f, 0x40, 0xac, 0xb6, 0x9b, 0xbb, 0x9d, 0xb5, 0xaa, 0xb1, 0x79, 0x3a, 0x01, 0xbc, 0x55, 0x31,
    0x17, 0xbb, 0xcd, 0xaa, 0x14, 0x37, 0x0e, 0xbd, 0x13, 0xc1, 0x5a, 0xb5, 0x40, 0x3e, 0x31, 0xb8,
    0x1d, 0x38, 0xac, 0xbc, 0x20, 0x2a, 0x6c, 0x3c, 0xc8, 0x40, 0xbc, 0xbd, 0x53, 0x14, 0x49, 0x3a,
    0xa9, 0xb9, 0xdc, 0x3a, 0xb8, 0xbb, 0x6f, 0x37, 0x58, 0xb5, 0x4f, 0x3c, 0xef, 0x18, 0x35, 0xba,
    0x26, 0x3f, 0x9b, 0x3c, 0xaf, 0x3d, 0xd6, 0xab, 0x97, 0x3f, 0x6c, 0xbd, 0xe6, 0x3c, 0x21, 0xb9,
    0xe4, 0x33, 0x27, 0x2e, 0x50, 0xb2, 0xf2, 0x34, 0x0c, 0x3f, 0x10, 0xb8, 0x05, 0x3a, 0x20, 0x3a,
    0x0c, 0xbc, 0x1a, 0xbc, 0x53, 0xb6, 0xe1, 0x3a, 0xaf, 0x32, 0xef, 0xb1, 0xe6, 0x39, 0xac, 0x39,
    0xf1, 0xb2, 0x44, 0xb8, 0x3d, 0xbb, 0x85, 0x3a, 0x14, 0xb9, 0x5c, 0x3f, 0xfd, 0xbe, 0x00, 0x3e,
    0x8c, 0x3d, 0x0f, 0x3a, 0xe8, 0x32, 0xf9, 0xb8, 0x8f, 0xac, 0x74, 0x3f, 0x56, 0xba, 0x88, 0xbc,
    0x06, 0xb8, 0xa7, 0xb8, 0x76, 0x3a, 0x56, 0xb6, 0xf3, 0x2a, 0x3d, 0x32, 0x1f, 0xad, 0xac, 0x3b,
    0x37, 0xb4, 0x24, 0x2a, 0xbc, 0x2e, 0x94, 0x39, 0xc8, 0xb0, 0xd7, 0x39, 0x3b, 0x3c, 0x94, 0x3c,
    0x85, 0xbe, 0x89, 0x3b, 0xf5, 0xb1, 0x7d, 0xc1, 0x6f, 0xbf, 0xab, 0xc0, 0xa1, 0xbc, 0xcb, 0x38,
    0x0a, 0x35, 0xea, 0xb4, 0xb9, 0xa9, 0xe4, 0x37, 0xd4, 0xbb, 0x68, 0x3b, 0x1c, 0x23, 0x9a, 0x38,
    0x9a, 0xb9, 0x8e, 0xb4, 0xdd, 0x3c, 0x52, 0xbd, 0x7d, 0xc0, 0x8b, 0x30, 0x3b, 0x3c, 0xdf, 0xbd,
    0x78, 0x36, 0x2c, 0x38, 0x93, 0x3a, 0x72, 0x3a, 0x52, 0x34, 0x29, 0x34, 0x4b, 0xb7, 0xba, 0xb0,
    0x4a, 0xbe, 0x2a, 0x39, 0x4d, 0xb8, 0x4b, 0xb9, 0xaf, 0x3a, 0x50, 0x3d, 0x3d, 0xbd, 0xfc, 0xad,
    0x5c, 0x38, 0xf0, 0xba, 0x9a, 0xb4, 0x48, 0xbb, 0xa7, 0xb8, 0x78, 0xb9, 0x94, 0x2b, 0x28, 0x39,
    0x0b, 0xb8, 0xb8, 0xb8, 0x1c, 0xaa, 0xd1, 0x3f, 0xbf, 0x2e, 0x02, 0x3c, 0xce, 0xba, 0x37, 0xb2,
    0x39, 0xba, 0x37, 0x35, 0x27, 0xb8, 0x37, 0x2e, 0xb9, 0xb8, 0xea, 0xb7, 0xc0, 0x0a, 0x33, 0x36,
    0x80, 0xba, 0xaa, 0x34, 0x9f, 0xbc, 0x38, 0x35, 0x13, 0xb0, 0x74, 0x39, 0xb8, 0x30, 0x31, 0xb1,
    0x69, 0x39, 0x55, 0xba, 0x26, 0x30, 0x0a, 0xbf, 0x76, 0x3e, 0x07, 0x37, 0xf5, 0x38, 0x34, 0xa7,
    0x09, 0x3a, 0xc3, 0x33, 0xeb, 0x35, 0xb7, 0x3e, 0xc9, 0x38, 0xbe, 0x3b, 0x24, 0xbc, 0x4c, 0xa4,
    0x0c, 0xb8, 0x95, 0xb2, 0x0b, 0xae, 0x36, 0xba, 0xb7, 0xb8, 0x17, 0xb3, 0x14, 0xba, 0x13, 0xbc,
    0x40, 0xb3, 0xd7, 0xb4, 0x2e, 0xbc, 0xbc, 0x35, 0x66, 0xba, 0x76, 0xb1, 0x46, 0x3d, 0xdd, 0xbb,
    0x65, 0xbe, 0xd2, 0xb3, 0x07, 0x34, 0x6e, 0x37, 0x64, 0xb0, 0xdb, 0xa5, 0x1f, 0x3b, 0x6d, 0xa8,
    0x97, 0xa9, 0x80, 0x3e, 0x63, 0x3a, 0xbd, 0x3b, 0xb3, 0x38, 0x6c, 0xba, 0xf9, 0x38, 0x56, 0x30,
    0x36, 0xb0, 0x69, 0xac, 0x83, 0xb9, 0x84, 0x40, 0x8e, 0xb4, 0xc9, 0xb1, 0xfb, 0x37, 0x30, 0x38,
    0x61, 0x2e, 0x55, 0x3c, 0x88, 0xba, 0x45, 0x3c, 0x81, 0x2f, 0xf6, 0xb9, 0xda, 0x35, 0xbd, 0xc0,
    0xb1, 0x3d, 0xcc, 0x3c, 0xec, 0xb0, 0x0a, 0x3c, 0x4a, 0xb8, 0x4b, 0x31, 0x89, 0xae, 0xe9, 0x3b,
    0x2d, 0xba, 0xdd, 0x34, 0x9d, 0xbb, 0xf2, 0x39, 0xe8, 0x3c, 0xbe, 0xb7, 0x63, 0xb3, 0x93, 0xb7,
    0x07, 0xc0, 0x78, 0xbd, 0x33, 0xa4, 0x1f, 0x37, 0xe8, 0xb9, 0xe3, 0xb7, 0xf4, 0x3c, 0x0b, 0xb8,
    0xdc, 0x3f, 0x09, 0xad, 0x02, 0x3b, 0x1d, 0x38, 0x03, 0x36, 0xb9, 0x34, 0xdf, 0x31, 0x02, 0xbd,
    0x71, 0x37, 0xeb, 0xb6, 0x3e, 0x39, 0xcf, 0x3f, 0xda, 0xb5, 0x35, 0xb9, 0x10, 0xbe, 0x2a, 0xc0,
    0x51, 0xb2, 0x17, 0xbc, 0x9b, 0x3c, 0xf7, 0xa6, 0xb5, 0xbb, 0x95, 0xb7, 0xdd, 0x23, 0x23, 0xb8,
    0x76, 0x39, 0xe7, 0x34, 0x77, 0xb1, 0xc3, 0xb4, 0xbc, 0xbd, 0x47, 0x37, 0xa2, 0x3c, 0xa2, 0x34,
    0x55, 0xad, 0x79, 0x3c, 0x3f, 0x36, 0x42, 0xbc, 0x1e, 0x2d, 0x37, 0xbe, 0x86, 0x3e, 0xc8, 0xb6,
    0x43, 0xbe, 0x1b, 0x3d, 0xdd, 0xb6, 0x74, 0xbc, 0x65, 0x3d, 0xea, 0x37, 0x02, 0xb2, 0x95, 0xb8,
    0x7b, 0x3d, 0x8c, 0xb3, 0x6a, 0x33, 0x65, 0x38, 0x68, 0x3f, 0x78, 0xae, 0x1b, 0xb7, 0x27, 0x3e,
    0xe0, 0xb8, 0x09, 0x39, 0xda, 0x34, 0x4e, 0x3c, 0xa0, 0x38, 0xea, 0xb4, 0xfc, 0xaf, 0xd3, 0x39,
    0xd1, 0x35, 0xb4, 0x36, 0x5a, 0x3a, 0x0c, 0xb4, 0xe7, 0xb3, 0x8a, 0xb9, 0x22, 0xc1, 0x13, 0xaf,
    0x3c, 0xbe, 0xad, 0x3a, 0x95, 0xb4, 0x6b, 0x3c, 0x6b, 0xbe, 0x2e, 0x38, 0x7a, 0xc0, 0x69, 0x29,
    0x38, 0xbd, 0x92, 0x38, 0x73, 0x37, 0xe7, 0xb6, 0xdf, 0xa9, 0x1f, 0xb5, 0xbd, 0xac, 0x5a, 0x31,
    0xec, 0xba, 0xde, 0xb8, 0xd4, 0x37, 0xe4, 0x3d, 0x4c, 0xa2, 0x53, 0xb2, 0x85, 0x33, 0x18, 0x3b,
    0x6a, 0xb7, 0x4e, 0xc0, 0x5c, 0x42, 0xaa, 0xbc, 0x6c, 0x39, 0xb7, 0x2b, 0xf7, 0xbd, 0x92, 0x39,
    0xd5, 0x34, 0x71, 0xbf, 0xb7, 0x3d, 0xb6, 0x3e, 0x57, 0x3a, 0x2b, 0xbc, 0xae, 0xba, 0x91, 0x39,
    0x15, 0xba, 0x9d, 0x3d, 0x1f, 0x3c, 0x6d, 0x2c, 0x3e, 0xb6, 0xa2, 0x3a, 0x59, 0xbc, 0xe0, 0x3a,
    0x1d, 0xbd, 0x02, 0x30, 0x99, 0x3a, 0xb2, 0x3c, 0x45, 0xb7, 0x70, 0xb8, 0x11, 0x3d, 0xc7, 0x28,
    0x11, 0xbf, 0x68, 0x3c, 0x6f, 0xbd, 0x73, 0x38, 0x1a, 0xb2, 0xd4, 0x35, 0x47, 0xb9, 0x0e, 0xc1,
    0x67, 0xb8, 0x7f, 0xbc, 0x3e, 0x41, 0x37, 0x36, 0x4f, 0x3c, 0xce, 0x31, 0x7e, 0xb3, 0xcc, 0x3c,
    0x0f, 0xb7, 0x4b, 0xbb, 0x89, 0x3c, 0x99, 0x3c, 0x99, 0xb6, 0xfd, 0xbd, 0x69, 0xbd, 0x27, 0xbf,
    0x40, 0x3a, 0x83, 0xb8, 0x9a, 0xbd, 0x97, 0x30, 0x9f, 0xbc, 0xb2, 0x35, 0xc1, 0xbc, 0x54, 0x34,
    0xca, 0xbb, 0xf7, 0xb4, 0x8c, 0x3e, 0x88, 0xb8, 0x17, 0x2e, 0xb1, 0x36, 0x60, 0xac, 0xe3, 0xb6,
    0x4a, 0xc0, 0x6c, 0xba, 0x57, 0xac, 0xb9, 0x3d, 0xaf, 0xae, 0x5c, 0xbe, 0x2b, 0xbe, 0x8d, 0xbd,
    0x27, 0x36, 0x11, 0x38, 0xf5, 0x31, 0x97, 0x3c, 0xe7, 0xbe, 0xc0, 0xba, 0x18, 0x29, 0x62, 0x3e,
    0x86, 0x35, 0xd1, 0xbb, 0x3f, 0xb8, 0x77, 0x3c, 0x05, 0xbf, 0x42, 0xb8, 0x86, 0x2e, 0x42, 0xb9,
    0x4e, 0x28, 0x33, 0xa8, 0x83, 0x39, 0x40, 0x3d, 0x2c, 0xbf, 0x0b, 0xb8, 0x3d, 0x15, 0x4f, 0x2c,
    0x6c, 0xb7, 0x4f, 0x3d, 0xb4, 0xb9, 0xe3, 0x34, 0xe0, 0xbb, 0x01, 0xbd, 0x29, 0xbc, 0x8d, 0x3c,
    0x95, 0x33, 0xf6, 0x35, 0x62, 0xb4, 0x0b, 0xba, 0x06, 0x3c, 0x5f, 0x3b, 0x31, 0xaf, 0x37, 0xbb,
    0x6f, 0xbe, 0xab, 0xa9, 0x1a, 0xac, 0xcb, 0xba, 0x48, 0xbc, 0x0a, 0xa8, 0x76, 0xbc, 0xb5, 0xbd,
    0x85, 0x3d, 0x8b, 0x3b, 0x74, 0xb6, 0xdd, 0xb2, 0x9f, 0x3b, 0x4c, 0x39, 0x5d, 0xbc, 0x6c, 0xb5,
    0x6a, 0xc0, 0xd9, 0x3e, 0x63, 0x40, 0x3d, 0x3d, 0x7b, 0x3d, 0x32, 0xba, 0x5b, 0x34, 0xc8, 0x3d,
    0x57, 0x3e, 0xa4, 0x3e, 0xa4, 0x21, 0xab, 0x3e, 0x38, 0x38, 0x33, 0x3d, 0x88, 0xb7, 0x25, 0xa3,
    0x15, 0xbb, 0x5e, 0xb6, 0x5c, 0x3d, 0x75, 0xac, 0x60, 0xbc, 0x0e, 0x37, 0x96, 0xbb, 0x4a, 0xbd,
    0x94, 0xbe, 0x09, 0x2e, 0x6e, 0xb5, 0xe2, 0xba, 0x22, 0xb7, 0x1e, 0x31, 0xfb, 0x3c, 0x40, 0x3c,
    0x81, 0xb5, 0xc1, 0xb8, 0xd8, 0x3c, 0xc0, 0xbd, 0xb6, 0xbd, 0x70, 0xb6, 0x49, 0xbe, 0xef, 0xb5,
    0xca, 0xac, 0xb0, 0xbb, 0x81, 0x3f, 0x40, 0x37, 0x5f, 0x37, 0x05, 0xbd, 0x71, 0x3b, 0xe1, 0xbb,
    0x24, 0x38, 0x13, 0xbc, 0x05, 0x38, 0x3b, 0xbe, 0x97, 0xb5, 0x92, 0x3f, 0x5a, 0xb8, 0x34, 0xb9,
    0x1b, 0x3d, 0x7b, 0x2f, 0xac, 0xbd, 0xb2, 0x2e, 0xfc, 0xb8, 0xea, 0x38, 0xae, 0xb8, 0x5e, 0xb7,
    0x87, 0x39, 0xde, 0xb9, 0x95, 0xb7, 0xc0, 0x39, 0x3f, 0x3f, 0xe7, 0x30, 0xda, 0x3b, 0xc3, 0x29,
    0x6f, 0xbc, 0xa6, 0x3d, 0x86, 0x40, 0x92, 0xbe, 0x71, 0x27, 0xd5, 0xb3, 0x79, 0xbc, 0x3a, 0xaf,
    0xef, 0xb8, 0xe1, 0x38, 0x68, 0x32, 0x4d, 0xc0, 0xd7, 0x35, 0x38, 0x36, 0xcb, 0x3d, 0xf2, 0x3b,
    0x8f, 0x3d, 0x78, 0x38, 0xb4, 0xb9, 0x5f, 0xba, 0xcf, 0x31, 0x59, 0xba, 0xfa, 0xbd, 0xf9, 0x28,
    0xf5, 0xb8, 0xfe, 0x37, 0x94, 0x3d, 0xf0, 0xbb, 0x89, 0x3a, 0x58, 0x40, 0xa3, 0x3f, 0x01, 0xba,
    0xfe, 0x29, 0x63, 0xbb, 0x8e, 0x3c, 0x17, 0x33, 0x12, 0x34, 0xc0, 0x3e, 0xba, 0x37, 0x57, 0xbd,
    0xe1, 0x33, 0xde, 0xba, 0x48, 0xbc, 0x4c, 0x31, 0x61, 0x38, 0xc7, 0xaf, 0x95, 0xba, 0x1b, 0xbc,
    0x58, 0xb1, 0x69, 0xb6, 0xa5, 0xb7, 0x97, 0x40, 0xdf, 0x36, 0x31, 0xb9, 0x24, 0x30, 0x9d, 0x37,
    0x1d, 0xbd, 0x27, 0x35, 0x3d, 0x38, 0x68, 0x31, 0x8e, 0x2a, 0x0f, 0xb3, 0xa1, 0x37, 0x5d, 0x34,
    0x89, 0x36, 0xc8, 0xbe, 0xbf, 0xbe, 0x93, 0xbe, 0x90, 0xb0, 0x51, 0x3d, 0x15, 0x40, 0x0e, 0x21,
    0xed, 0xb7, 0x10, 0xb7, 0x13, 0xbd, 0xe4, 0x3a, 0x61, 0xb7, 0x73, 0x3f, 0xdb, 0x3c, 0x4b, 0x39,
    0xc2, 0xb8, 0x6f, 0x3c, 0x4f, 0xc1, 0x13, 0x38, 0x62, 0x29, 0xad, 0x3c, 0x00, 0xb8, 0x3e, 0xbc,
    0x56, 0x35, 0x1c, 0xb4, 0x09, 0x32, 0x97, 0x36, 0x1c, 0x3c, 0x2d, 0x35, 0x08, 0xc0, 0x54, 0xb7,
    0x7b, 0xbb, 0xea, 0xba, 0x51, 0xbd, 0x62, 0x38, 0x18, 0xbd, 0xb8, 0xba, 0x24, 0x31, 0xf7, 0xbf,
    0x97, 0x35, 0xb1, 0xb0, 0x80, 0x3a, 0xe5, 0x3b, 0x74, 0xbc, 0x61, 0xbb, 0x4d, 0xb5, 0xb5, 0x36,
    0x2a, 0xac, 0xf7, 0xbd, 0xd6, 0x39, 0x77, 0x3f, 0x69, 0x1c, 0xb9, 0xb4, 0xdc, 0xb7, 0x7d, 0x30,
    0x42, 0xb8, 0x58, 0xb9, 0x77, 0xab, 0x6e, 0xbb, 0x9f, 0xb8, 0x80, 0xbd, 0xa9, 0xa9, 0xc0, 0x3c,
    0x32, 0xb0, 0xfe, 0x3d, 0xf3, 0xc1, 0x63, 0xb8, 0x19, 0xb9, 0xfe, 0xb4, 0x9d, 0x2d, 0x24, 0x39,
    0x6a, 0xb6, 0xae, 0x40, 0xca, 0x35, 0x04, 0x36, 0x34, 0xbe, 0x00, 0xbd, 0x7a, 0xb7, 0x27, 0x38,
    0x6a, 0x39, 0x45, 0x34, 0xf4, 0x38, 0x3d, 0x40, 0x75, 0x3d, 0xbc, 0x38, 0xac, 0x3e, 0x87, 0xc0,
    0x1c, 0x2f, 0xc3, 0xb5, 0x9e, 0xbe, 0x66, 0x39, 0x09, 0xb8, 0xc2, 0x35, 0x63, 0xa0, 0x41, 0xb5,
    0x69, 0x3b, 0x6a, 0xb8, 0x97, 0xbd, 0x01, 0x38, 0x26, 0x33, 0xe2, 0xb8, 0x9f, 0xb2, 0xcb, 0xbe,
    0x35, 0xb0, 0xa1, 0x3a, 0x00, 0x40, 0x29, 0xa9, 0x4d, 0x3d, 0xe6, 0x38, 0xc7, 0x37, 0x67, 0xb3,
    0xa8, 0xb8, 0x90, 0xb4, 0x06, 0xb7, 0xa4, 0x32, 0xa9, 0xba, 0x6c, 0xb9, 0xd2, 0xb7, 0x0a, 0x3c,
    0x23, 0x35, 0xb9, 0xb6, 0xff, 0x3f, 0x1b, 0xbb, 0x2f, 0x35, 0x4a, 0x3b, 0xb3, 0xc1, 0xfd, 0xaf,
    0x1c, 0x31, 0x17, 0x3d, 0x4e, 0xb5, 0x66, 0xba, 0x02, 0x38, 0xdd, 0x39, 0x54, 0xac, 0x9b, 0xb8,
    0x82, 0x2d, 0xf2, 0xb9, 0x6c, 0x39, 0x5c, 0x39, 0x24, 0xb3, 0x09, 0xb8, 0xed, 0xb4, 0x6b, 0xb9,
    0xc7, 0xb9, 0xe9, 0x3b, 0x76, 0x30, 0x61, 0xbd, 0x3b, 0xba, 0x7a, 0x2f, 0x46, 0xb5, 0x82, 0xbe,
    0xb9, 0xb5, 0xe1, 0x33, 0xca, 0xbc, 0xe1, 0x9c, 0xaf, 0x3d, 0xa5, 0xb8, 0x50, 0x34, 0x00, 0xbc,
    0xae, 0xb4, 0xc8, 0x3e, 0x80, 0x36, 0xd0, 0x24, 0x73, 0xbf, 0xfb, 0xb6, 0x18, 0xbf, 0x28, 0xbb,
    0x25, 0x3b, 0x2a, 0x38, 0x28, 0xbc, 0x02, 0xb8, 0x9a, 0x3f, 0x04, 0xc0, 0x9c, 0xbb, 0xf3, 0xb6,
    0x39, 0xbd, 0x17, 0xbc, 0x27, 0xbc, 0x4f, 0xba, 0xe5, 0xb9, 0x44, 0x40, 0x40, 0x35, 0x6b, 0xbd,
    0x12, 0xb2, 0x0d, 0x39, 0x9c, 0x3b, 0x54, 0xbf, 0x9d, 0xb1, 0x51, 0xba, 0xd5, 0x3a, 0x05, 0x2f,
    0xd5, 0xb8, 0xa0, 0xbd, 0x75, 0x40, 0x72, 0xb1, 0x17, 0xb4, 0xe9, 0x2a, 0xcf, 0x32, 0x8f, 0xb2,
    0x9c, 0x32, 0x92, 0x2c, 0x69, 0x35, 0xd7, 0xb4, 0xf3, 0xba, 0x30, 0xb8, 0x17, 0xb7, 0xad, 0xbe,
    0xb7, 0x3b, 0x91, 0x3c, 0xc3, 0xb3, 0x55, 0x2a, 0x68, 0xbd, 0x66, 0x34, 0x47, 0x2d, 0x36, 0x40,
    0x6e, 0x34, 0x03, 0x35, 0xe9, 0x28, 0xca, 0x3c, 0xfc, 0xb8, 0x5a, 0x3b, 0xb9, 0xb9, 0xc9, 0xb5,
    0x48, 0xb1, 0x73, 0xb8, 0x62, 0xa9, 0xf4, 0xbc, 0x0e, 0x3b, 0x45, 0xb8, 0x63, 0x39, 0x16, 0xba,
    0xba, 0xbe, 0x64, 0xba, 0x62, 0x3d, 0x43, 0xb4, 0x8a, 0x2d, 0x33, 0x37, 0x88, 0x3d, 0xd3, 0xc1,
    0x8d, 0xba, 0x2e, 0x3b, 0x34, 0x3c, 0xa5, 0x39, 0xa0, 0xb9, 0x70, 0x38, 0x6d, 0x2f, 0xc7, 0xba,
    0xae, 0xb4, 0x1b, 0x34, 0x0c, 0x38, 0xe8, 0xae, 0x69, 0x34, 0xfc, 0xb5, 0x76, 0x3c, 0xcc, 0x37,
    0x05, 0x3c, 0xe9, 0xb8, 0xaa, 0x35, 0x48, 0xb9, 0x4b, 0xbc, 0x1b, 0xbe, 0xee, 0x2f, 0x81, 0xbc,
    0x4b, 0x39, 0xb0, 0x3c, 0x5b, 0xb4, 0xb5, 0xbd, 0xa7, 0xae, 0xec, 0xb7, 0xc3, 0xb5, 0xf4, 0x39,
    0xb4, 0xac, 0x18, 0x32, 0xa8, 0xb1, 0x1a, 0xb5, 0xb0, 0x3a, 0xdf, 0xb8, 0x11, 0xb8, 0x2c, 0x2f,
    0xe6, 0xa8, 0x69, 0x37, 0x5e, 0xc0, 0xc2, 0x33, 0x6f, 0xbb, 0x71, 0xb9, 0x8d, 0xc0, 0x1d, 0xb0,
    0x98, 0x3e, 0x6c, 0x3a, 0x89, 0x39, 0xd5, 0x3c, 0xcd, 0xb3, 0xec, 0xb4, 0xd5, 0x37, 0x5c, 0x3b,
    0x63, 0xbd, 0x07, 0x3a, 0xd2, 0xc1, 0x7d, 0xb4, 0x80, 0x3b, 0x91, 0xba, 0x6d, 0xb1, 0xbe, 0xba,
    0x6c, 0x32, 0xb3, 0x36, 0xa5, 0xbe, 0xd9, 0xb0, 0x77, 0x3c, 0xc0, 0xb7, 0x20, 0x3e, 0x17, 0x36,
    0x5f, 0xbf, 0xf8, 0x40, 0xbe, 0x35, 0x87, 0xb8, 0x8c, 0xb7, 0x94, 0x36, 0xad, 0x90, 0x7c, 0xb3,
    0x11, 0xc1, 0x86, 0xbc, 0x79, 0x30, 0x70, 0x2e, 0x39, 0xb8, 0x7c, 0x3c, 0xfe, 0x39, 0xa3, 0x39,
    0x10, 0x25, 0x6e, 0x2e, 0xef, 0x2b, 0x09, 0x38, 0x49, 0x36, 0x84, 0x34, 0xec, 0x29, 0x6c, 0xa9,
    0xed, 0xbd, 0x74, 0xb4, 0xfc, 0xb4, 0xfe, 0x30, 0x31, 0xba, 0xd9, 0xb8, 0x2e, 0x40, 0x58, 0xba,
    0x98, 0x3c, 0x05, 0xb9, 0x7f, 0x37, 0x27, 0xb4, 0x07, 0x2e, 0x9e, 0xb7, 0xb1, 0xa8, 0xe1, 0x23,
    0x20, 0xb4, 0xcd, 0x37, 0x21, 0xac, 0xdf, 0x33, 0xad, 0x3b, 0x39, 0xbb, 0xe9, 0x39, 0x79, 0x37,
    0x60, 0xb5, 0xa4, 0xaf, 0x56, 0xb7, 0x63, 0x39, 0xa5, 0xba, 0x3f, 0xbd, 0x2a, 0xb9, 0x75, 0xb8,
    0x5e, 0x3e, 0x43, 0xb5, 0xf6, 0x3b, 0xb4, 0xbe, 0x17, 0xb9, 0x35, 0xb8, 0xd1, 0xb7, 0x88, 0xba,
    0x1c, 0x3c, 0xc6, 0x34, 0x9d, 0x3c, 0xf1, 0x2c, 0xeb, 0xba, 0x7d, 0xbc, 0xe7, 0xb9, 0x96, 0x32,
    0x51, 0x37, 0x81, 0xbb, 0x8f, 0x3e, 0xe3, 0x39, 0x1b, 0x1a, 0x42, 0x37, 0xde, 0x3e, 0x2b, 0x3c,
    0xe9, 0x3c, 0x03, 0xbb, 0x87, 0xc0, 0x4a, 0xbc, 0x95, 0xb9, 0xdf, 0xbc, 0x16, 0x3c, 0xf2, 0xbc,
    0x92, 0x2e, 0x94, 0x3c, 0x1b, 0x3f, 0x8c, 0xbd, 0x61, 0x33, 0x89, 0xb5, 0xa5, 0xb5, 0xa0, 0x3c,
    0x99, 0xb1, 0xf4, 0x29, 0x5d, 0x3f, 0xd3, 0x34, 0xc5, 0xb0, 0xb5, 0x36, 0xd4, 0xbd, 0x46, 0x32,
    0x7c, 0x3a, 0x01, 0xb4, 0x9e, 0x34, 0x07, 0x33, 0x62, 0xbc, 0x7f, 0x3a, 0x8e, 0x39, 0x93, 0xb4,
    0x77, 0xc0, 0x6d, 0xbf, 0xe2, 0x39, 0xdb, 0x3d, 0x8b, 0xbc, 0x64, 0x3d, 0x31, 0xbc, 0x27, 0xb2,
    0xb2, 0xb9, 0xd1, 0xbc, 0x8d, 0xb9, 0x0c, 0x3e, 0xec, 0x31, 0x0d, 0x30, 0x42, 0x2d, 0xcf, 0xba,
    0x66, 0xb5, 0xcf, 0x3e, 0xfe, 0x3e, 0x87, 0x26, 0x9f, 0x35, 0x81, 0x21, 0xf3, 0x2c, 0x2f, 0x40,
    0xec, 0xa6, 0xde, 0xb8, 0x8c, 0xbc, 0x45, 0xb8, 0xed, 0x2e, 0x64, 0xbd, 0x87, 0x33, 0x99, 0x3c,
    0x95, 0xba, 0xfa, 0x33, 0x5d, 0x3a, 0x17, 0x40, 0x2a, 0xb0, 0x49, 0xb8, 0x49, 0x25, 0x20, 0xc0,
    0xb3, 0xb2, 0x52, 0xb9, 0xf9, 0x33, 0x8f, 0xbc, 0x5b, 0x3c, 0x9b, 0xb8, 0x90, 0xb5, 0x16, 0xb6,
    0x8c, 0xbc, 0xdc, 0x36, 0x0b, 0xb9, 0x42, 0xb6, 0x96, 0xb4, 0xfc, 0x3b, 0x75, 0xbc, 0x85, 0xbd,
    0xf5, 0x3f, 0x6d, 0xae, 0xc2, 0xbd, 0x35, 0x3e, 0x4f, 0x42, 0xaf, 0xbc, 0xce, 0xb4, 0x12, 0xc0,
    0x97, 0xbd, 0x7f, 0xb7, 0x08, 0xc0, 0x0d, 0x39, 0x75, 0xb6, 0xcf, 0x39, 0xcb, 0xb7, 0x39, 0xb2,
    0x0a, 0x3d, 0x7a, 0xb2, 0x66, 0xbd, 0x3d, 0xbd, 0xcd, 0x30, 0x59, 0x39, 0xc1, 0xbc, 0xb4, 0xb5,
    0x0f, 0xb5, 0x32, 0x33, 0xe6, 0x34, 0xd8, 0x3a, 0xac, 0xba, 0x0e, 0xc0, 0x69, 0x38, 0x2c, 0xb7,
    0x2d, 0x3f, 0xba, 0x3a, 0xa4, 0x38, 0x7d, 0x33, 0xb7, 0x3e, 0x6a, 0xbc, 0xd5, 0x38, 0xae, 0xb8,
    0x4e, 0xb7, 0x00, 0xbb, 0x54, 0x35, 0xb6, 0xbb, 0xc0, 0x3c, 0x0f, 0xc0, 0x19, 0xb3, 0x2b, 0xb8,
    0x67, 0xb9, 0xa1, 0xbb, 0x49, 0xb7, 0xb0, 0xbd, 0x28, 0xb7, 0x3b, 0xb1, 0xed, 0x31, 0xb1, 0x38,
    0xd9, 0xba, 0xaa, 0x39, 0x5e, 0xbd, 0x54, 0xbb, 0xba, 0x33, 0x4b, 0xb1, 0x9c, 0xbd, 0xba, 0xb9,
    0x11, 0x41, 0x44, 0xbd, 0x08, 0x41, 0xf1, 0x35, 0x21, 0x2b, 0x83, 0x3e, 0x34, 0x3c, 0xce, 0x34,
    0x19, 0xbc, 0xac, 0xb8, 0x10, 0xbd, 0x6a, 0xc0, 0x9f, 0x42, 0x2b, 0xb1, 0x50, 0x30, 0xee, 0x39,
    0xc6, 0xb2, 0x69, 0x32, 0x5d, 0xb6, 0xc9, 0xbd, 0xc7, 0x3e, 0xfa, 0x3d, 0x7e, 0xb4, 0x3a, 0xb8,
    0x36, 0x24, 0x89, 0xb8, 0xd9, 0x2d, 0xd9, 0xbd, 0x6f, 0x2c, 0xe3, 0xb6, 0xd4, 0xba, 0x93, 0xbb,
    0x1a, 0xb5, 0x22, 0xbd, 0xd4, 0x38, 0xaa, 0xaf, 0xe3, 0x39, 0x6a, 0xbc, 0x52, 0xb7, 0x8f, 0xbc,
    0x31, 0x35, 0x41, 0xbc, 0x88, 0xbb, 0xee, 0xb8, 0x65, 0x28, 0xfc, 0xb9, 0x4c, 0xb9, 0x17, 0xb9,
    0x85, 0xc0, 0x46, 0xbe, 0x95, 0xb9, 0x5d, 0xb3, 0xde, 0xb9, 0xc9, 0x3d, 0x1e, 0x3d, 0x89, 0x22,
    0x36, 0x39, 0x7e, 0x3b, 0xb5, 0x38, 0xcb, 0x40, 0x86, 0xb9, 0xac, 0xb3, 0x53, 0xbd, 0x22, 0x33,
    0x38, 0xb2, 0x70, 0xb6, 0x97, 0xbf, 0x3f, 0xbd, 0x1e, 0x3e, 0x8e, 0xbe, 0x87, 0xbd, 0x9e, 0xbd,
    0x74, 0x36, 0x08, 0xba, 0x8b, 0xba, 0x52, 0xb5, 0x5f, 0x3b, 0xf4, 0xb5, 0x96, 0xb5, 0xad, 0xbd,
    0x4a, 0x3c, 0x91, 0x3a, 0x33, 0x3a, 0xd8, 0xbd, 0x09, 0x38, 0x48, 0xb8, 0xe7, 0xb6, 0x48, 0xbd,
    0x17, 0x39, 0x66, 0xba, 0x97, 0x38, 0x2e, 0x3b, 0x1c, 0xb8, 0x96, 0x3e, 0xcf, 0xbe, 0x06, 0xb4,
    0x38, 0x3b, 0x97, 0x34, 0xd5, 0x3b, 0xef, 0x3c, 0x7c, 0x37, 0x73, 0x36, 0xe1, 0xba, 0xff, 0x36,
    0x9a, 0x3c, 0xff, 0x35, 0xcc, 0x39, 0x45, 0xa3, 0x3e, 0x35, 0x1a, 0xb0, 0xf4, 0x33, 0x70, 0xbc,
    0xf3, 0xb8, 0xea, 0xbb, 0x3f, 0x3c, 0x37, 0x39, 0x55, 0x2d, 0x1a, 0xb8, 0x7f, 0x3c, 0x8d, 0x30,
    0xc7, 0x31, 0x8e, 0x3f, 0x5f, 0x38, 0x1e, 0xb6, 0xd4, 0x3c, 0xfc, 0xb8, 0x4d, 0xbc, 0xf9, 0x3c,
    0x5e, 0xbd, 0x30, 0xb6, 0x09, 0x35, 0x28, 0xbc, 0xaf, 0xb8, 0x58, 0x39, 0xf6, 0xb4, 0x5a, 0xbe,
    0xec, 0xb6, 0x66, 0x32, 0xdf, 0xb8, 0xcf, 0x3b, 0xf8, 0xbd, 0x6f, 0x29, 0x65, 0xc1, 0x9f, 0xbe,
    0x5a, 0xba, 0xee, 0x9a, 0x78, 0xab, 0xf1, 0x3d, 0xe5, 0xbc, 0x00, 0x3b, 0x15, 0x3b, 0x41, 0xbe,
    0x10, 0xae, 0x98, 0x3b, 0xef, 0xb4, 0xf4, 0x30, 0x09, 0x3c, 0x86, 0xb7, 0x71, 0x3b, 0xab, 0xaa,
    0x61, 0x36, 0x5f, 0x36, 0x23, 0xb9, 0xa7, 0xba, 0xec, 0x3c, 0xb9, 0xbb, 0xc2, 0x34, 0xf5, 0x34,
    0xaf, 0xb9, 0x7b, 0x35, 0x2b, 0xb8, 0x10, 0x3a, 0x6d, 0x3c, 0x84, 0xac, 0x39, 0x35, 0x33, 0xbb,
    0x56, 0xbd, 0x43, 0x3a, 0xc9, 0xbf, 0xd4, 0xbc, 0xff, 0x39, 0x13, 0xb4, 0x88, 0x39, 0x20, 0x3a,
    0xac, 0x39, 0x3b, 0xb2, 0x3f, 0xbe, 0x2e, 0x3c, 0x09, 0xb9, 0x7a, 0x3a, 0x01, 0x9e, 0x68, 0x3f,
    0x6d, 0x3e, 0xa5, 0x3d, 0x68, 0xba, 0x7a, 0x3c, 0x83, 0x3e, 0x9a, 0x3a, 0x52, 0x3b, 0x3b, 0xba,
    0x2e, 0xb7, 0x1d, 0x3c, 0xd4, 0xbc, 0x24, 0x39, 0x65, 0x3a, 0xa0, 0xb2, 0xce, 0xb7, 0xac, 0x34,
    0x7a, 0x35, 0x9f, 0xbb, 0xb8, 0x39, 0x8d, 0x3c, 0x7d, 0x37, 0x33, 0xc0, 0x7c, 0x31, 0xd9, 0xb7,
    0xb2, 0x2f, 0x87, 0x36, 0x07, 0xbc, 0x13, 0xb1, 0xb8, 0x3a, 0x73, 0xbb, 0xa0, 0xb8, 0x60, 0x3c,
    0xa5, 0xbf, 0x2c, 0xb8, 0x7c, 0xa8, 0x1e, 0x27, 0x78, 0xbd, 0x4d, 0x3e, 0x84, 0x3a, 0x1e, 0x34,
    0x61, 0xbf, 0x09, 0xb4, 0x3a, 0x34, 0x5b, 0x34, 0xe4, 0x3b, 0x98, 0x3c, 0x5e, 0xb4, 0x6b, 0x37,
    0x0b, 0x38, 0xf2, 0x3c, 0x2f, 0xc1, 0x28, 0xa6, 0xc3, 0x3c, 0xe3, 0x39, 0x67, 0xbe, 0x60, 0x3c,
    0x20, 0xac, 0x24, 0xbc, 0xdd, 0xb9, 0xbd, 0xb9, 0x69, 0x2e, 0xd1, 0xb6, 0x9c, 0xbb, 0x02, 0x41,
    0xe1, 0x3b, 0x8e, 0x3d, 0x61, 0x36, 0xe9, 0xc1, 0x68, 0x36, 0x52, 0xc0, 0x57, 0xbc, 0xe9, 0xb1,
    0x11, 0x3c, 0x43, 0x3b, 0x7d, 0x3c, 0x54, 0x3b, 0x66, 0xb3, 0x1c, 0x3e, 0x89, 0xbb, 0xc4, 0x3d,
    0x4c, 0xbc, 0x41, 0x31, 0x24, 0x32, 0xb0, 0x2a, 0x05, 0x38, 0xca, 0x2a, 0x5c, 0xbc, 0x6a, 0xb9,
    0xd0, 0xb8, 0x1d, 0x3c, 0x42, 0xbe, 0x39, 0xb1, 0x0e, 0x31, 0x0d, 0xba, 0x05, 0x41, 0xc2, 0x3a,
    0x5b, 0x37, 0x9d, 0x3a, 0x67, 0xb0, 0x43, 0xbc, 0x1b, 0xbb, 0x25, 0xbf, 0xf3, 0x38, 0xff, 0x31,
    0x6c, 0x3b, 0x80, 0x33, 0xc9, 0x39, 0x79, 0x3d, 0x7a, 0xb6, 0x1c, 0x31, 0xc3, 0xb6, 0xb4, 0xad,
    0x2e, 0xb1, 0x90, 0x3d, 0xa0, 0xb6, 0x6c, 0xb7, 0x16, 0x38, 0x7c, 0xbf, 0x0e, 0x29, 0x82, 0x38,
    0x9e, 0xb9, 0xbf, 0x33, 0x30, 0xb0, 0x04, 0xba, 0x9c, 0xb7, 0x14, 0x3f, 0x59, 0xb4, 0xb9, 0x32,
    0x8e, 0x35, 0xd1, 0x3d, 0x98, 0x3e, 0xd3, 0x3c, 0xe1, 0x3a, 0x24, 0x40, 0xb7, 0xba, 0x27, 0x38
};

/* input_1: shape=[1, 32, 32], 2048 bytes */
static const unsigned char golden_input_1_data[2048] = {
    0x00, 0x00, 0x00, 0x00, 0x00, 0x00, 0x00, 0x00, 0x00, 0x00, 0x00, 0x00, 0x00, 0x00, 0x00, 0x00,
    0x00, 0x00, 0x00, 0x00, 0x00, 0x00, 0x00, 0x00, 0x00, 0x00, 0x00, 0x00, 0x00, 0x00, 0x00, 0x00,
    0x00, 0x00, 0x00, 0x00, 0x00, 0x00, 0x00, 0x00, 0x00, 0x00, 0x00, 0x00, 0x00, 0x00, 0x00, 0x00,
    0x00, 0x00, 0x00, 0x00, 0x00, 0x00, 0x00, 0x00, 0x00, 0x00, 0x00, 0x00, 0x00, 0x00, 0x00, 0x00,
    0x00, 0x00, 0x00, 0x00, 0x00, 0x00, 0x00, 0x00, 0x00, 0x00, 0x00, 0x00, 0x00, 0x00, 0x00, 0x00,
    0x00, 0x00, 0x00, 0x00, 0x00, 0x00, 0x00, 0x00, 0x00, 0x00, 0x00, 0x00, 0x00, 0x00, 0x00, 0x00,
    0x00, 0x00, 0x00, 0x00, 0x00, 0x00, 0x00, 0x00, 0x00, 0x00, 0x00, 0x00, 0x00, 0x00, 0x00, 0x00,
    0x00, 0x00, 0x00, 0x00, 0x00, 0x00, 0x00, 0x00, 0x00, 0x00, 0x00, 0x00, 0x00, 0x00, 0x00, 0x00,
    0x00, 0x00, 0x00, 0x00, 0x00, 0x00, 0x00, 0x00, 0x00, 0x00, 0x00, 0x00, 0x00, 0x00, 0x00, 0x00,
    0x00, 0x00, 0x00, 0x00, 0x00, 0x00, 0x00, 0x00, 0x00, 0x00, 0x00, 0x00, 0x00, 0x00, 0x00, 0x00,
    0x00, 0x00, 0x00, 0x00, 0x00, 0x00, 0x00, 0x00, 0x00, 0x00, 0x00, 0x00, 0x00, 0x00, 0x00, 0x00,
    0x00, 0x00, 0x00, 0x00, 0x00, 0x00, 0x00, 0x00, 0x00, 0x00, 0x00, 0x00, 0x00, 0x00, 0x00, 0x00,
    0x00, 0x00, 0x00, 0x00, 0x00, 0x00, 0x00, 0x00, 0x00, 0x00, 0x00, 0x00, 0x00, 0x00, 0x00, 0x00,
    0x00, 0x00, 0x00, 0x00, 0x00, 0x00, 0x00, 0x00, 0x00, 0x00, 0x00, 0x00, 0x00, 0x00, 0x00, 0x00,
    0x00, 0x00, 0x00, 0x00, 0x00, 0x00, 0x00, 0x00, 0x00, 0x00, 0x00, 0x00, 0x00, 0x00, 0x00, 0x00,
    0x00, 0x00, 0x00, 0x00, 0x00, 0x00, 0x00, 0x00, 0x00, 0x00, 0x00, 0x00, 0x00, 0x00, 0x00, 0x00,
    0x00, 0x00, 0x00, 0x00, 0x00, 0x00, 0x00, 0x00, 0x00, 0x00, 0x00, 0x00, 0x00, 0x00, 0x00, 0x00,
    0x00, 0x00, 0x00, 0x00, 0x00, 0x00, 0x00, 0x00, 0x00, 0x00, 0x00, 0x00, 0x00, 0x00, 0x00, 0x00,
    0x00, 0x00, 0x00, 0x00, 0x00, 0x00, 0x00, 0x00, 0x00, 0x00, 0x00, 0x00, 0x00, 0x00, 0x00, 0x00,
    0x00, 0x00, 0x00, 0x00, 0x00, 0x00, 0x00, 0x00, 0x00, 0x00, 0x00, 0x00, 0x00, 0x00, 0x00, 0x00,
    0x00, 0x00, 0x00, 0x00, 0x00, 0x00, 0x00, 0x00, 0x00, 0x00, 0x00, 0x00, 0x00, 0x00, 0x00, 0x00,
    0x00, 0x00, 0x00, 0x00, 0x00, 0x00, 0x00, 0x00, 0x00, 0x00, 0x00, 0x00, 0x00, 0x00, 0x00, 0x00,
    0x00, 0x00, 0x00, 0x00, 0x00, 0x00, 0x00, 0x00, 0x00, 0x00, 0x00, 0x00, 0x00, 0x00, 0x00, 0x00,
    0x00, 0x00, 0x00, 0x00, 0x00, 0x00, 0x00, 0x00, 0x00, 0x00, 0x00, 0x00, 0x00, 0x00, 0x00, 0x00,
    0x00, 0x00, 0x00, 0x00, 0x00, 0x00, 0x00, 0x00, 0x00, 0x00, 0x00, 0x00, 0x00, 0x00, 0x00, 0x00,
    0x00, 0x00, 0x00, 0x00, 0x00, 0x00, 0x00, 0x00, 0x00, 0x00, 0x00, 0x00, 0x00, 0x00, 0x00, 0x00,
    0x00, 0x00, 0x00, 0x00, 0x00, 0x00, 0x00, 0x00, 0x00, 0x00, 0x00, 0x00, 0x00, 0x00, 0x00, 0x00,
    0x00, 0x00, 0x00, 0x00, 0x00, 0x00, 0x00, 0x00, 0x00, 0x00, 0x00, 0x00, 0x00, 0x00, 0x00, 0x00,
    0x00, 0x00, 0x00, 0x00, 0x00, 0x00, 0x00, 0x00, 0x00, 0x00, 0x00, 0x00, 0x00, 0x00, 0x00, 0x00,
    0x00, 0x00, 0x00, 0x00, 0x00, 0x00, 0x00, 0x00, 0x00, 0x00, 0x00, 0x00, 0x00, 0x00, 0x00, 0x00,
    0x00, 0x00, 0x00, 0x00, 0x00, 0x00, 0x00, 0x00, 0x00, 0x00, 0x00, 0x00, 0x00, 0x00, 0x00, 0x00,
    0x00, 0x00, 0x00, 0x00, 0x00, 0x00, 0x00, 0x00, 0x00, 0x00, 0x00, 0x00, 0x00, 0x00, 0x00, 0x00,
    0x00, 0x00, 0x00, 0x00, 0x00, 0x00, 0x00, 0x00, 0x00, 0x00, 0x00, 0x00, 0x00, 0x00, 0x00, 0x00,
    0x00, 0x00, 0x00, 0x00, 0x00, 0x00, 0x00, 0x00, 0x00, 0x00, 0x00, 0x00, 0x00, 0x00, 0x00, 0x00,
    0x00, 0x00, 0x00, 0x00, 0x00, 0x00, 0x00, 0x00, 0x00, 0x00, 0x00, 0x00, 0x00, 0x00, 0x00, 0x00,
    0x00, 0x00, 0x00, 0x00, 0x00, 0x00, 0x00, 0x00, 0x00, 0x00, 0x00, 0x00, 0x00, 0x00, 0x00, 0x00,
    0x00, 0x00, 0x00, 0x00, 0x00, 0x00, 0x00, 0x00, 0x00, 0x00, 0x00, 0x00, 0x00, 0x00, 0x00, 0x00,
    0x00, 0x00, 0x00, 0x00, 0x00, 0x00, 0x00, 0x00, 0x00, 0x00, 0x00, 0x00, 0x00, 0x00, 0x00, 0x00,
    0x00, 0x00, 0x00, 0x00, 0x00, 0x00, 0x00, 0x00, 0x00, 0x00, 0x00, 0x00, 0x00, 0x00, 0x00, 0x00,
    0x00, 0x00, 0x00, 0x00, 0x00, 0x00, 0x00, 0x00, 0x00, 0x00, 0x00, 0x00, 0x00, 0x00, 0x00, 0x00,
    0x00, 0x00, 0x00, 0x00, 0x00, 0x00, 0x00, 0x00, 0x00, 0x00, 0x00, 0x00, 0x00, 0x00, 0x00, 0x00,
    0x00, 0x00, 0x00, 0x00, 0x00, 0x00, 0x00, 0x00, 0x00, 0x00, 0x00, 0x00, 0x00, 0x00, 0x00, 0x00,
    0x00, 0x00, 0x00, 0x00, 0x00, 0x00, 0x00, 0x00, 0x00, 0x00, 0x00, 0x00, 0x00, 0x00, 0x00, 0x00,
    0x00, 0x00, 0x00, 0x00, 0x00, 0x00, 0x00, 0x00, 0x00, 0x00, 0x00, 0x00, 0x00, 0x00, 0x00, 0x00,
    0x00, 0x00, 0x00, 0x00, 0x00, 0x00, 0x00, 0x00, 0x00, 0x00, 0x00, 0x00, 0x00, 0x00, 0x00, 0x00,
    0x00, 0x00, 0x00, 0x00, 0x00, 0x00, 0x00, 0x00, 0x00, 0x00, 0x00, 0x00, 0x00, 0x00, 0x00, 0x00,
    0x00, 0x00, 0x00, 0x00, 0x00, 0x00, 0x00, 0x00, 0x00, 0x00, 0x00, 0x00, 0x00, 0x00, 0x00, 0x00,
    0x00, 0x00, 0x00, 0x00, 0x00, 0x00, 0x00, 0x00, 0x00, 0x00, 0x00, 0x00, 0x00, 0x00, 0x00, 0x00,
    0x00, 0x00, 0x00, 0x00, 0x00, 0x00, 0x00, 0x00, 0x00, 0x00, 0x00, 0x00, 0x00, 0x00, 0x00, 0x00,
    0x00, 0x00, 0x00, 0x00, 0x00, 0x00, 0x00, 0x00, 0x00, 0x00, 0x00, 0x00, 0x00, 0x00, 0x00, 0x00,
    0x00, 0x00, 0x00, 0x00, 0x00, 0x00, 0x00, 0x00, 0x00, 0x00, 0x00, 0x00, 0x00, 0x00, 0x00, 0x00,
    0x00, 0x00, 0x00, 0x00, 0x00, 0x00, 0x00, 0x00, 0x00, 0x00, 0x00, 0x00, 0x00, 0x00, 0x00, 0x00,
    0x00, 0x00, 0x00, 0x00, 0x00, 0x00, 0x00, 0x00, 0x00, 0x00, 0x00, 0x00, 0x00, 0x00, 0x00, 0x00,
    0x00, 0x00, 0x00, 0x00, 0x00, 0x00, 0x00, 0x00, 0x00, 0x00, 0x00, 0x00, 0x00, 0x00, 0x00, 0x00,
    0x00, 0x00, 0x00, 0x00, 0x00, 0x00, 0x00, 0x00, 0x00, 0x00, 0x00, 0x00, 0x00, 0x00, 0x00, 0x00,
    0x00, 0x00, 0x00, 0x00, 0x00, 0x00, 0x00, 0x00, 0x00, 0x00, 0x00, 0x00, 0x00, 0x00, 0x00, 0x00,
    0x00, 0x00, 0x00, 0x00, 0x00, 0x00, 0x00, 0x00, 0x00, 0x00, 0x00, 0x00, 0x00, 0x00, 0x00, 0x00,
    0x00, 0x00, 0x00, 0x00, 0x00, 0x00, 0x00, 0x00, 0x00, 0x00, 0x00, 0x00, 0x00, 0x00, 0x00, 0x00,
    0x00, 0x00, 0x00, 0x00, 0x00, 0x00, 0x00, 0x00, 0x00, 0x00, 0x00, 0x00, 0x00, 0x00, 0x00, 0x00,
    0x00, 0x00, 0x00, 0x00, 0x00, 0x00, 0x00, 0x00, 0x00, 0x00, 0x00, 0x00, 0x00, 0x00, 0x00, 0x00,
    0x00, 0x00, 0x00, 0x00, 0x00, 0x00, 0x00, 0x00, 0x00, 0x00, 0x00, 0x00, 0x00, 0x00, 0x00, 0x00,
    0x00, 0x00, 0x00, 0x00, 0x00, 0x00, 0x00, 0x00, 0x00, 0x00, 0x00, 0x00, 0x00, 0x00, 0x00, 0x00,
    0x00, 0x00, 0x00, 0x00, 0x00, 0x00, 0x00, 0x00, 0x00, 0x00, 0x00, 0x00, 0x00, 0x00, 0x00, 0x00,
    0x00, 0x00, 0x00, 0x00, 0x00, 0x00, 0x00, 0x00, 0x00, 0x00, 0x00, 0x00, 0x00, 0x00, 0x00, 0x00,
    0x00, 0x00, 0x00, 0x00, 0x00, 0x00, 0x00, 0x00, 0x00, 0x00, 0x00, 0x00, 0x00, 0x00, 0x00, 0x00,
    0x00, 0x00, 0x00, 0x00, 0x00, 0x00, 0x00, 0x00, 0x00, 0x00, 0x00, 0x00, 0x00, 0x00, 0x00, 0x00,
    0x00, 0x00, 0x00, 0x00, 0x00, 0x00, 0x00, 0x00, 0x00, 0x00, 0x00, 0x00, 0x00, 0x00, 0x00, 0x00,
    0x00, 0x00, 0x00, 0x00, 0x00, 0x00, 0x00, 0x00, 0x00, 0x00, 0x00, 0x00, 0x00, 0x00, 0x00, 0x00,
    0x00, 0x00, 0x00, 0x00, 0x00, 0x00, 0x00, 0x00, 0x00, 0x00, 0x00, 0x00, 0x00, 0x00, 0x00, 0x00,
    0x00, 0x00, 0x00, 0x00, 0x00, 0x00, 0x00, 0x00, 0x00, 0x00, 0x00, 0x00, 0x00, 0x00, 0x00, 0x00,
    0x00, 0x00, 0x00, 0x00, 0x00, 0x00, 0x00, 0x00, 0x00, 0x00, 0x00, 0x00, 0x00, 0x00, 0x00, 0x00,
    0x00, 0x00, 0x00, 0x00, 0x00, 0x00, 0x00, 0x00, 0x00, 0x00, 0x00, 0x00, 0x00, 0x00, 0x00, 0x00,
    0x00, 0x00, 0x00, 0x00, 0x00, 0x00, 0x00, 0x00, 0x00, 0x00, 0x00, 0x00, 0x00, 0x00, 0x00, 0x00,
    0x00, 0x00, 0x00, 0x00, 0x00, 0x00, 0x00, 0x00, 0x00, 0x00, 0x00, 0x00, 0x00, 0x00, 0x00, 0x00,
    0x00, 0x00, 0x00, 0x00, 0x00, 0x00, 0x00, 0x00, 0x00, 0x00, 0x00, 0x00, 0x00, 0x00, 0x00, 0x00,
    0x00, 0x00, 0x00, 0x00, 0x00, 0x00, 0x00, 0x00, 0x00, 0x00, 0x00, 0x00, 0x00, 0x00, 0x00, 0x00,
    0x00, 0x00, 0x00, 0x00, 0x00, 0x00, 0x00, 0x00, 0x00, 0x00, 0x00, 0x00, 0x00, 0x00, 0x00, 0x00,
    0x00, 0x00, 0x00, 0x00, 0x00, 0x00, 0x00, 0x00, 0x00, 0x00, 0x00, 0x00, 0x00, 0x00, 0x00, 0x00,
    0x00, 0x00, 0x00, 0x00, 0x00, 0x00, 0x00, 0x00, 0x00, 0x00, 0x00, 0x00, 0x00, 0x00, 0x00, 0x00,
    0x00, 0x00, 0x00, 0x00, 0x00, 0x00, 0x00, 0x00, 0x00, 0x00, 0x00, 0x00, 0x00, 0x00, 0x00, 0x00,
    0x00, 0x00, 0x00, 0x00, 0x00, 0x00, 0x00, 0x00, 0x00, 0x00, 0x00, 0x00, 0x00, 0x00, 0x00, 0x00,
    0x00, 0x00, 0x00, 0x00, 0x00, 0x00, 0x00, 0x00, 0x00, 0x00, 0x00, 0x00, 0x00, 0x00, 0x00, 0x00,
    0x00, 0x00, 0x00, 0x00, 0x00, 0x00, 0x00, 0x00, 0x00, 0x00, 0x00, 0x00, 0x00, 0x00, 0x00, 0x00,
    0x00, 0x00, 0x00, 0x00, 0x00, 0x00, 0x00, 0x00, 0x00, 0x00, 0x00, 0x00, 0x00, 0x00, 0x00, 0x00,
    0x00, 0x00, 0x00, 0x00, 0x00, 0x00, 0x00, 0x00, 0x00, 0x00, 0x00, 0x00, 0x00, 0x00, 0x00, 0x00,
    0x00, 0x00, 0x00, 0x00, 0x00, 0x00, 0x00, 0x00, 0x00, 0x00, 0x00, 0x00, 0x00, 0x00, 0x00, 0x00,
    0x00, 0x00, 0x00, 0x00, 0x00, 0x00, 0x00, 0x00, 0x00, 0x00, 0x00, 0x00, 0x00, 0x00, 0x00, 0x00,
    0x00, 0x00, 0x00, 0x00, 0x00, 0x00, 0x00, 0x00, 0x00, 0x00, 0x00, 0x00, 0x00, 0x00, 0x00, 0x00,
    0x00, 0x00, 0x00, 0x00, 0x00, 0x00, 0x00, 0x00, 0x00, 0x00, 0x00, 0x00, 0x00, 0x00, 0x00, 0x00,
    0x00, 0x00, 0x00, 0x00, 0x00, 0x00, 0x00, 0x00, 0x00, 0x00, 0x00, 0x00, 0x00, 0x00, 0x00, 0x00,
    0x00, 0x00, 0x00, 0x00, 0x00, 0x00, 0x00, 0x00, 0x00, 0x00, 0x00, 0x00, 0x00, 0x00, 0x00, 0x00,
    0x00, 0x00, 0x00, 0x00, 0x00, 0x00, 0x00, 0x00, 0x00, 0x00, 0x00, 0x00, 0x00, 0x00, 0x00, 0x00,
    0x00, 0x00, 0x00, 0x00, 0x00, 0x00, 0x00, 0x00, 0x00, 0x00, 0x00, 0x00, 0x00, 0x00, 0x00, 0x00,
    0x00, 0x00, 0x00, 0x00, 0x00, 0x00, 0x00, 0x00, 0x00, 0x00, 0x00, 0x00, 0x00, 0x00, 0x00, 0x00,
    0x00, 0x00, 0x00, 0x00, 0x00, 0x00, 0x00, 0x00, 0x00, 0x00, 0x00, 0x00, 0x00, 0x00, 0x00, 0x00,
    0x00, 0x00, 0x00, 0x00, 0x00, 0x00, 0x00, 0x00, 0x00, 0x00, 0x00, 0x00, 0x00, 0x00, 0x00, 0x00,
    0x00, 0x00, 0x00, 0x00, 0x00, 0x00, 0x00, 0x00, 0x00, 0x00, 0x00, 0x00, 0x00, 0x00, 0x00, 0x00,
    0x00, 0x00, 0x00, 0x00, 0x00, 0x00, 0x00, 0x00, 0x00, 0x00, 0x00, 0x00, 0x00, 0x00, 0x00, 0x00,
    0x00, 0x00, 0x00, 0x00, 0x00, 0x00, 0x00, 0x00, 0x00, 0x00, 0x00, 0x00, 0x00, 0x00, 0x00, 0x00,
    0x00, 0x00, 0x00, 0x00, 0x00, 0x00, 0x00, 0x00, 0x00, 0x00, 0x00, 0x00, 0x00, 0x00, 0x00, 0x00,
    0x00, 0x00, 0x00, 0x00, 0x00, 0x00, 0x00, 0x00, 0x00, 0x00, 0x00, 0x00, 0x00, 0x00, 0x00, 0x00,
    0x00, 0x00, 0x00, 0x00, 0x00, 0x00, 0x00, 0x00, 0x00, 0x00, 0x00, 0x00, 0x00, 0x00, 0x00, 0x00,
    0x00, 0x00, 0x00, 0x00, 0x00, 0x00, 0x00, 0x00, 0x00, 0x00, 0x00, 0x00, 0x00, 0x00, 0x00, 0x00,
    0x00, 0x00, 0x00, 0x00, 0x00, 0x00, 0x00, 0x00, 0x00, 0x00, 0x00, 0x00, 0x00, 0x00, 0x00, 0x00,
    0x00, 0x00, 0x00, 0x00, 0x00, 0x00, 0x00, 0x00, 0x00, 0x00, 0x00, 0x00, 0x00, 0x00, 0x00, 0x00,
    0x00, 0x00, 0x00, 0x00, 0x00, 0x00, 0x00, 0x00, 0x00, 0x00, 0x00, 0x00, 0x00, 0x00, 0x00, 0x00,
    0x00, 0x00, 0x00, 0x00, 0x00, 0x00, 0x00, 0x00, 0x00, 0x00, 0x00, 0x00, 0x00, 0x00, 0x00, 0x00,
    0x00, 0x00, 0x00, 0x00, 0x00, 0x00, 0x00, 0x00, 0x00, 0x00, 0x00, 0x00, 0x00, 0x00, 0x00, 0x00,
    0x00, 0x00, 0x00, 0x00, 0x00, 0x00, 0x00, 0x00, 0x00, 0x00, 0x00, 0x00, 0x00, 0x00, 0x00, 0x00,
    0x00, 0x00, 0x00, 0x00, 0x00, 0x00, 0x00, 0x00, 0x00, 0x00, 0x00, 0x00, 0x00, 0x00, 0x00, 0x00,
    0x00, 0x00, 0x00, 0x00, 0x00, 0x00, 0x00, 0x00, 0x00, 0x00, 0x00, 0x00, 0x00, 0x00, 0x00, 0x00,
    0x00, 0x00, 0x00, 0x00, 0x00, 0x00, 0x00, 0x00, 0x00, 0x00, 0x00, 0x00, 0x00, 0x00, 0x00, 0x00,
    0x00, 0x00, 0x00, 0x00, 0x00, 0x00, 0x00, 0x00, 0x00, 0x00, 0x00, 0x00, 0x00, 0x00, 0x00, 0x00,
    0x00, 0x00, 0x00, 0x00, 0x00, 0x00, 0x00, 0x00, 0x00, 0x00, 0x00, 0x00, 0x00, 0x00, 0x00, 0x00,
    0x00, 0x00, 0x00, 0x00, 0x00, 0x00, 0x00, 0x00, 0x00, 0x00, 0x00, 0x00, 0x00, 0x00, 0x00, 0x00,
    0x00, 0x00, 0x00, 0x00, 0x00, 0x00, 0x00, 0x00, 0x00, 0x00, 0x00, 0x00, 0x00, 0x00, 0x00, 0x00,
    0x00, 0x00, 0x00, 0x00, 0x00, 0x00, 0x00, 0x00, 0x00, 0x00, 0x00, 0x00, 0x00, 0x00, 0x00, 0x00,
    0x00, 0x00, 0x00, 0x00, 0x00, 0x00, 0x00, 0x00, 0x00, 0x00, 0x00, 0x00, 0x00, 0x00, 0x00, 0x00,
    0x00, 0x00, 0x00, 0x00, 0x00, 0x00, 0x00, 0x00, 0x00, 0x00, 0x00, 0x00, 0x00, 0x00, 0x00, 0x00,
    0x00, 0x00, 0x00, 0x00, 0x00, 0x00, 0x00, 0x00, 0x00, 0x00, 0x00, 0x00, 0x00, 0x00, 0x00, 0x00,
    0x00, 0x00, 0x00, 0x00, 0x00, 0x00, 0x00, 0x00, 0x00, 0x00, 0x00, 0x00, 0x00, 0x00, 0x00, 0x00,
    0x00, 0x00, 0x00, 0x00, 0x00, 0x00, 0x00, 0x00, 0x00, 0x00, 0x00, 0x00, 0x00, 0x00, 0x00, 0x00,
    0x00, 0x00, 0x00, 0x00, 0x00, 0x00, 0x00, 0x00, 0x00, 0x00, 0x00, 0x00, 0x00, 0x00, 0x00, 0x00,
    0x00, 0x00, 0x00, 0x00, 0x00, 0x00, 0x00, 0x00, 0x00, 0x00, 0x00, 0x00, 0x00, 0x00, 0x00, 0x00,
    0x00, 0x00, 0x00, 0x00, 0x00, 0x00, 0x00, 0x00, 0x00, 0x00, 0x00, 0x00, 0x00, 0x00, 0x00, 0x00,
    0x00, 0x00, 0x00, 0x00, 0x00, 0x00, 0x00, 0x00, 0x00, 0x00, 0x00, 0x00, 0x00, 0x00, 0x00, 0x00,
    0x00, 0x00, 0x00, 0x00, 0x00, 0x00, 0x00, 0x00, 0x00, 0x00, 0x00, 0x00, 0x00, 0x00, 0x00, 0x00,
    0x00, 0x00, 0x00, 0x00, 0x00, 0x00, 0x00, 0x00, 0x00, 0x00, 0x00, 0x00, 0x00, 0x00, 0x00, 0x00
};

/* output_0: shape=[1, 32, 256], 16384 bytes */
static const unsigned char golden_output_0_data[16384] = {
    0x2a, 0x22, 0x90, 0xb7, 0x7d, 0xb4, 0x55, 0x38, 0xa6, 0xb9, 0xf4, 0xb8, 0xee, 0x31, 0x7a, 0xb5,
    0xd4, 0xb8, 0xe2, 0xbb, 0x68, 0x34, 0xb4, 0xc0, 0x82, 0x3c, 0x8f, 0xb9, 0x3e, 0xb0, 0xb2, 0xb9,
    0x5d, 0xbc, 0x91, 0x3b, 0xc7, 0x3b, 0x10, 0x32, 0x77, 0xb0, 0x3a, 0xae, 0xbe, 0x28, 0xe3, 0x3c,
    0xe1, 0xb6, 0x1f, 0x3b, 0x32, 0x33, 0x0d, 0xbd, 0x47, 0x29, 0xc3, 0xa9, 0xbf, 0x3d, 0x2f, 0xb7,
    0xcd, 0xbf, 0x27, 0x36, 0x37, 0xa8, 0x75, 0x29, 0x97, 0x34, 0x93, 0xb9, 0x15, 0x3c, 0xbe, 0xba,
    0xc6, 0x41, 0x0e, 0xb9, 0x34, 0x31, 0x06, 0xad, 0x2d, 0x3e, 0xe2, 0xc0, 0x05, 0xbe, 0xa0, 0x37,
    0xa3, 0xad, 0x89, 0xbd, 0xb8, 0xb8, 0xf7, 0x3e, 0x6f, 0x3f, 0xb1, 0xbc, 0x9e, 0xb5, 0x00, 0x3a,
    0xbd, 0x39, 0xac, 0x3f, 0x5a, 0xc0, 0xa8, 0xbd, 0x59, 0xb4, 0x7f, 0x3b, 0x15, 0x3e, 0x80, 0x38,
    0x77, 0x35, 0x6d, 0xb5, 0xe5, 0x3d, 0xfe, 0xbb, 0x41, 0x3a, 0x13, 0x3c, 0x2c, 0x33, 0x85, 0xba,
    0xf8, 0xbb, 0xd1, 0x3e, 0x95, 0x3d, 0x60, 0xa8, 0xc3, 0x3b, 0xdf, 0xb9, 0xa9, 0xb8, 0xbb, 0xb8,
    0xd9, 0x39, 0xdf, 0xb6, 0xd3, 0xbb, 0x23, 0x38, 0xf7, 0xac, 0x19, 0x2d, 0xe7, 0xb0, 0xfe, 0x3a,
    0xa6, 0xba, 0x07, 0xbc, 0x3d, 0x36, 0xf7, 0x39, 0xee, 0x3f, 0x94, 0xb4, 0x48, 0xbf, 0x24, 0xba,
    0x59, 0x33, 0xb4, 0x35, 0xac, 0x3d, 0xa6, 0xb9, 0x6f, 0x36, 0x63, 0x39, 0x89, 0x3c, 0x62, 0xbd,
    0x5e, 0x3a, 0xa3, 0xbb, 0x04, 0xb4, 0x79, 0xb8, 0xd3, 0x3d, 0xb0, 0xb3, 0x57, 0x33, 0x05, 0xb8,
    0x4e, 0xb3, 0x85, 0x2c, 0x33, 0xba, 0x14, 0xb6, 0xab, 0x3e, 0x45, 0xb8, 0x6c, 0x3d, 0x1f, 0xbb,
    0x22, 0xb6, 0xd0, 0x2f, 0x79, 0xbc, 0xea, 0xb4, 0xc1, 0x3c, 0x07, 0x31, 0x9d, 0xbe, 0x19, 0xbf,
    0xdf, 0xb9, 0xc1, 0x35, 0x65, 0x34, 0x4f, 0xbc, 0x6f, 0xb5, 0x18, 0xbf, 0x14, 0xbd, 0xba, 0xb8,
    0x89, 0x3a, 0x84, 0xb0, 0x9f, 0xb4, 0xb3, 0x3c, 0x51, 0x32, 0x9b, 0xb4, 0x7c, 0x39, 0xa9, 0xbf,
    0x6d, 0xba, 0xe4, 0xb8, 0x4a, 0xbb, 0xfe, 0xbb, 0x0e, 0x3b, 0x45, 0x39, 0x24, 0x34, 0x57, 0x41,
    0x4e, 0xbc, 0x77, 0xb8, 0x43, 0x39, 0xca, 0xad, 0x5c, 0x38, 0x86, 0xb4, 0xf4, 0xbc, 0x09, 0x38,
    0x32, 0xbf, 0xcc, 0xba, 0x8c, 0xb8, 0x82, 0x36, 0x8f, 0x2f, 0x12, 0xb7, 0x4e, 0x41, 0x20, 0xbd,
    0xfe, 0xbc, 0x1f, 0x38, 0x2f, 0xb9, 0x2c, 0x3b, 0x7f, 0xae, 0x8a, 0xb5, 0x2e, 0xba, 0xac, 0xb3,
    0x75, 0xbe, 0x24, 0x24, 0x31, 0x3b, 0xfd, 0xab, 0xed, 0x3e, 0x37, 0xb8, 0x92, 0xbf, 0x45, 0xb6,
    0x76, 0x35, 0xc0, 0x33, 0xcf, 0x3a, 0xb0, 0x38, 0x15, 0xaf, 0x19, 0x36, 0x46, 0x41, 0x6c, 0x3d,
    0xfc, 0xb9, 0x6b, 0x3c, 0xbd, 0x3b, 0x50, 0xbe, 0xca, 0x34, 0x3a, 0x3a, 0x7e, 0x41, 0x56, 0xb9,
    0x66, 0x26, 0x5b, 0xbd, 0x24, 0xb8, 0x78, 0x3c, 0xaa, 0xb7, 0xfc, 0xb9, 0x5d, 0x3d, 0x95, 0xb6,
    0x2e, 0x3b, 0x2a, 0x3f, 0x89, 0x34, 0x8b, 0x2e, 0x97, 0x39, 0xcb, 0xb9, 0x56, 0x31, 0x51, 0xb0,
    0x14, 0x36, 0x29, 0x38, 0xaa, 0xb9, 0x9e, 0xb5, 0xb2, 0x34, 0xc7, 0xb7, 0xa8, 0x3c, 0x41, 0x35,
    0x54, 0xb9, 0x88, 0xb9, 0xfe, 0x3f, 0x22, 0xbf, 0x42, 0x3f, 0x87, 0x3b, 0x9a, 0x2c, 0xb9, 0x33,
    0x42, 0xbc, 0xfd, 0x38, 0xe1, 0x3c, 0x02, 0xbd, 0x35, 0xbd, 0xf9, 0x3c, 0xca, 0xb6, 0xe0, 0x39,
    0x79, 0xbd, 0x0a, 0x39, 0x25, 0x3a, 0xe8, 0xb8, 0xd4, 0xb6, 0xed, 0x37, 0x2c, 0x3b, 0x68, 0x3f,
    0x9d, 0xb7, 0xf9, 0xbc, 0x5a, 0xa8, 0xc7, 0xbf, 0xa0, 0xbd, 0xb4, 0x38, 0x8a, 0x36, 0xf7, 0x34,
    0xd5, 0x3a, 0x2e, 0x3d, 0x9d, 0xbb, 0x7d, 0xbb, 0xad, 0x39, 0x0f, 0x3d, 0x22, 0xb9, 0x28, 0x36,
    0x17, 0x3c, 0xf7, 0xb1, 0xf4, 0xb5, 0xbd, 0xba, 0x1c, 0xb5, 0x41, 0xb8, 0x6c, 0xbf, 0xaa, 0x41,
    0x2d, 0xb0, 0xa6, 0xac, 0x63, 0x3a, 0x6b, 0x2f, 0x6c, 0x3c, 0xc2, 0xc0, 0xd3, 0x3c, 0xb6, 0x40,
    0x7a, 0xb4, 0xc0, 0x37, 0x1e, 0x34, 0x07, 0x3b, 0xd5, 0x3e, 0xa8, 0xbd, 0x0a, 0x3f, 0x38, 0x3c,
    0x03, 0xad, 0xe7, 0x3a, 0x71, 0xb7, 0x92, 0x39, 0x04, 0x35, 0x4e, 0x36, 0xaf, 0xc1, 0xe0, 0xb8,
    0xc3, 0xb6, 0x77, 0xb9, 0xa8, 0xba, 0x68, 0x3e, 0xc8, 0xbb, 0x1a, 0xba, 0x25, 0xb8, 0xc3, 0xb8,
    0x49, 0xbb, 0x2f, 0xb8, 0x19, 0xb7, 0x76, 0xaf, 0x1c, 0xbc, 0x30, 0x3f, 0xd0, 0x38, 0x9d, 0x3c,
    0x9d, 0x38, 0xd1, 0xb0, 0xfa, 0xbe, 0xd8, 0x37, 0x15, 0xbc, 0x7c, 0x37, 0x60, 0x39, 0x35, 0xbc,
    0x42, 0x3b, 0x3a, 0xc0, 0x5a, 0xbe, 0xa5, 0xbe, 0x42, 0xba, 0xcb, 0xb8, 0xdd, 0xb8, 0xa0, 0x39,
    0xa4, 0x3c, 0x58, 0x37, 0x91, 0xbe, 0x09, 0x34, 0x03, 0xb9, 0x5f, 0x37, 0x48, 0xad, 0x9f, 0x42,
    0xd2, 0xbd, 0x23, 0xbb, 0x5c, 0x3c, 0x5e, 0xba, 0xb6, 0xb5, 0x2b, 0x32, 0xcb, 0x3f, 0x28, 0x3b,
    0xdf, 0x30, 0x70, 0x3e, 0x2b, 0x3b, 0x0a, 0x3b, 0x67, 0x3b, 0xe5, 0xb6, 0x78, 0x2e, 0x59, 0xaf,
    0xaf, 0xbd, 0xff, 0x37, 0xbb, 0x3d, 0x3c, 0xc1, 0x47, 0xb8, 0x4d, 0x3d, 0x0d, 0xb1, 0x1f, 0x30,
    0x0a, 0xbb, 0xfb, 0x25, 0x3d, 0x33, 0xb8, 0x2f, 0x02, 0xb5, 0x2f, 0x3b, 0x81, 0x2d, 0x63, 0xbb,
    0xd4, 0xbb, 0x7b, 0xb6, 0xc5, 0x38, 0x5d, 0xbc, 0x67, 0xb8, 0xbc, 0xaf, 0xa9, 0xbe, 0x36, 0xc0,
    0x61, 0x3a, 0x04, 0x35, 0x74, 0xb0, 0xdc, 0xbf, 0xf1, 0xba, 0x0d, 0x39, 0x3c, 0xa5, 0xf8, 0x38,
    0x0a, 0xab, 0x6e, 0x2e, 0xbf, 0xbc, 0xbc, 0xae, 0xf3, 0x2a, 0x05, 0x31, 0x45, 0x3f, 0x09, 0xbf,
    0xad, 0xbc, 0x49, 0x38, 0x5f, 0x40, 0x87, 0xb4, 0x39, 0xb7, 0xcd, 0x3d, 0x78, 0xbe, 0xb6, 0x2f,
    0x0f, 0xb4, 0x4e, 0xb0, 0x56, 0x33, 0x21, 0xbd, 0x9d, 0x31, 0x48, 0xb8, 0x03, 0xb2, 0xab, 0x34,
    0x1d, 0x3d, 0x3f, 0x3a, 0x22, 0x38, 0x98, 0x37, 0x3d, 0xb1, 0xf7, 0xbc, 0xff, 0xb1, 0x05, 0xb9,
    0xce, 0x3c, 0x73, 0x1b, 0x70, 0xb0, 0x11, 0x2a, 0x50, 0x39, 0x3e, 0x3c, 0xc2, 0x3a, 0x2c, 0x3c,
    0xcb, 0x35, 0x95, 0xbf, 0x52, 0x3e, 0xe1, 0x3c, 0xa1, 0xbc, 0x53, 0x3d, 0xd9, 0xba, 0x40, 0xb3,
    0x8a, 0x3b, 0x18, 0xb6, 0xfa, 0x31, 0xf9, 0x3a, 0x8e, 0xbb, 0xe7, 0x2f, 0x14, 0x3d, 0x91, 0x36,
    0xd5, 0x36, 0x66, 0x3d, 0x79, 0x25, 0x53, 0x3b, 0x69, 0xbb, 0x08, 0xbe, 0xd0, 0x37, 0x81, 0xbc,
    0xf6, 0x3d, 0xed, 0x30, 0x6b, 0xaf, 0x11, 0xb9, 0xf2, 0xb9, 0xa7, 0x3a, 0x16, 0x34, 0x30, 0x38,
    0x15, 0xbb, 0x75, 0xb8, 0xdd, 0x3a, 0xd7, 0xb6, 0x5f, 0x2d, 0x99, 0x3b, 0x3d, 0xb5, 0x4c, 0xbc,
    0x15, 0xb8, 0xdb, 0x3d, 0x6f, 0xbc, 0x5d, 0x3c, 0x92, 0x9b, 0x3a, 0x38, 0x91, 0xb5, 0xe7, 0xc0,
    0xf2, 0x31, 0x13, 0xba, 0x7d, 0xbd, 0x0a, 0x2e, 0xfc, 0xb8, 0xc7, 0x32, 0x82, 0x37, 0xde, 0xad,
    0x02, 0xba, 0x9b, 0xa8, 0x1f, 0xb0, 0x2d, 0x40, 0x54, 0x3d, 0x92, 0xb4, 0x38, 0x34, 0x31, 0xbe,
    0xfc, 0x2d, 0x29, 0x37, 0x86, 0xb2, 0x7a, 0x3e, 0x60, 0xb1, 0xf6, 0xb8, 0xbe, 0xad, 0xed, 0xb8,
    0x14, 0x33, 0x4b, 0xbf, 0xe3, 0x36, 0xea, 0x3c, 0x70, 0x3a, 0x38, 0xb9, 0xd2, 0xb6, 0xd0, 0xb3,
    0xbf, 0xb6, 0x4f, 0x3e, 0x1e, 0xbc, 0x24, 0xbd, 0xe2, 0xb7, 0x66, 0xba, 0x4e, 0x3d, 0xd2, 0x39,
    0x3d, 0x35, 0x8d, 0x39, 0xbe, 0x3b, 0x6c, 0xba, 0xc5, 0x32, 0x4a, 0x36, 0xd8, 0x39, 0xf9, 0xbd,
    0x46, 0xb9, 0x81, 0x1d, 0x9d, 0xba, 0x2f, 0x37, 0xfc, 0xbf, 0x52, 0xc0, 0x27, 0xbd, 0x0a, 0xb9,
    0x61, 0x2b, 0x13, 0x32, 0xe4, 0xbf, 0x04, 0xba, 0x9d, 0x32, 0xdf, 0x3e, 0xdd, 0x3d, 0x8e, 0x3e,
    0x24, 0x35, 0x62, 0x1a, 0x80, 0x40, 0xa8, 0xb6, 0x94, 0xbc, 0x4e, 0xb7, 0xe5, 0x3c, 0xd7, 0xbe,
    0x5e, 0xb6, 0x5b, 0xb9, 0xb6, 0x40, 0x94, 0xbc, 0x09, 0x3e, 0xa7, 0x37, 0xf1, 0x38, 0x73, 0xba,
    0x3b, 0xbe, 0x65, 0xb8, 0xdb, 0x34, 0x81, 0x9c, 0xa3, 0xc0, 0xe7, 0x3c, 0xc1, 0xbe, 0x18, 0x30,
    0x5a, 0x35, 0x42, 0xb7, 0xf3, 0x3d, 0x10, 0x3a, 0x5d, 0x3c, 0xff, 0x31, 0x14, 0xb6, 0xcb, 0xb5,
    0xd8, 0x31, 0x50, 0x40, 0x4f, 0xb5, 0x60, 0xb8, 0xa5, 0xb8, 0xa0, 0xb7, 0x96, 0x35, 0x1a, 0x3e,
    0x33, 0x3a, 0x8e, 0x2d, 0x2a, 0x37, 0x27, 0x39, 0xa9, 0xb9, 0x16, 0xbc, 0x7d, 0x3f, 0xa5, 0x38,
    0xa1, 0xb9, 0xd4, 0xac, 0x20, 0xb8, 0x30, 0x39, 0xdc, 0x39, 0x3a, 0xbc, 0xd0, 0x3d, 0x56, 0xba,
    0x2c, 0x39, 0x75, 0x3c, 0x8a, 0xbc, 0x7f, 0xac, 0xd4, 0xbc, 0x32, 0x36, 0x85, 0x3a, 0x31, 0x2f,
    0x41, 0xb1, 0x15, 0x3c, 0x7d, 0x2c, 0xb1, 0xae, 0x3d, 0x39, 0x9f, 0xb8, 0x73, 0x94, 0xd8, 0xbe,
    0x1b, 0x37, 0x84, 0xb6, 0xee, 0xbb, 0xfb, 0xbd, 0x32, 0x28, 0x43, 0xbf, 0x16, 0x3c, 0xd6, 0x2f,
    0x3f, 0x2d, 0x82, 0x3c, 0x4f, 0xb4, 0x20, 0x3a, 0x53, 0xbd, 0x7a, 0x3f, 0xcc, 0xb8, 0x5d, 0x91,
    0x67, 0xbc, 0xbb, 0x3b, 0x5f, 0xba, 0x93, 0xb8, 0x7b, 0x9f, 0x7b, 0xad, 0xdf, 0xb3, 0x0c, 0x3d,
    0xb3, 0xbf, 0xa9, 0x38, 0x77, 0x39, 0xdb, 0x28, 0xd5, 0x3b, 0xa8, 0xbd, 0x92, 0x39, 0xe7, 0xc0,
    0xee, 0xbc, 0x46, 0xbc, 0x37, 0xb5, 0x72, 0x29, 0x3b, 0xb7, 0x89, 0x38, 0xeb, 0xb7, 0xe0, 0xbe,
    0xd1, 0x39, 0xe4, 0x35, 0x31, 0x30, 0x36, 0x3c, 0x1c, 0xb8, 0x02, 0xb3, 0x9c, 0x30, 0x8e, 0x3c,
    0x6f, 0xb6, 0x09, 0xb2, 0x74, 0xc0, 0xd1, 0x2f, 0x64, 0xb9, 0x56, 0xac, 0x6d, 0x3d, 0x8b, 0xb2,
    0xf5, 0xb9, 0x8f, 0xbb, 0x91, 0x35, 0x7c, 0xbb, 0x22, 0xbf, 0x59, 0xb8, 0x81, 0xbe, 0x3b, 0x3e,
    0xf6, 0x31, 0x27, 0xb9, 0x98, 0xae, 0x01, 0x3f, 0x3d, 0xbb, 0xfa, 0x3f, 0xb3, 0xbd, 0x35, 0x3e,
    0x33, 0x40, 0xfd, 0x32, 0x74, 0x3b, 0xfc, 0x38, 0x05, 0x39, 0x43, 0x3d, 0x91, 0xb3, 0xcd, 0x3b,
    0x08, 0xa4, 0x0f, 0xb4, 0x06, 0x38, 0xde, 0xbe, 0x02, 0x35, 0xf2, 0xb7, 0xb5, 0xbd, 0x76, 0x3b,
    0x59, 0xb4, 0x35, 0xae, 0x5d, 0x3b, 0xd5, 0xb6, 0x6f, 0xbc, 0x71, 0xbc, 0xe5, 0x32, 0x58, 0xbb,
    0x2d, 0x38, 0x06, 0x2b, 0x5a, 0x3f, 0x98, 0x36, 0x29, 0x41, 0xef, 0x40, 0x2b, 0x34, 0xc3, 0xb8,
    0x33, 0x3c, 0x2e, 0xb8, 0xf0, 0xb0, 0x08, 0xb2, 0x41, 0x38, 0xdd, 0x33, 0x62, 0xa7, 0x78, 0xb4,
    0xd2, 0xab, 0xbe, 0xbc, 0x7e, 0xc3, 0x6e, 0xb9, 0x3a, 0x2a, 0x0c, 0xbb, 0x4e, 0xb8, 0x6a, 0x39,
    0x88, 0x39, 0x3a, 0xa8, 0xa2, 0xbe, 0x0a, 0x3b, 0xc2, 0xa5, 0xde, 0x3a, 0x5d, 0xbf, 0x33, 0x37,
    0x94, 0x36, 0xe9, 0x33, 0x1a, 0x35, 0xfc, 0x39, 0x8e, 0x3b, 0xcd, 0xad, 0xd5, 0x3a, 0xb1, 0x3b,
    0x2e, 0x2b, 0xe1, 0xaf, 0x18, 0x3a, 0x81, 0xbc, 0xfd, 0x30, 0x22, 0x22, 0xd4, 0xb7, 0x0b, 0x3d,
    0xfd, 0xa4, 0xd6, 0xb6, 0x02, 0x38, 0xb2, 0x3f, 0xbf, 0xb2, 0x28, 0x36, 0x04, 0x37, 0x47, 0xb5,
    0xaf, 0x2a, 0xc2, 0x3a, 0x45, 0x3a, 0x9c, 0xb7, 0x1c, 0xbe, 0x1b, 0xa7, 0x02, 0x3c, 0x11, 0xb8,
    0x48, 0x33, 0x2f, 0x3e, 0xea, 0x30, 0x3d, 0xb7, 0x49, 0x39, 0x82, 0x38, 0xd4, 0x3c, 0x2b, 0xb8,
    0x4c, 0x3c, 0x26, 0xb6, 0x8e, 0xaa, 0x1f, 0x24, 0xe5, 0x30, 0x5c, 0x31, 0x7c, 0x3c, 0x26, 0xbd,
    0x0c, 0x38, 0x22, 0xb9, 0xf4, 0x35, 0x7c, 0xa3, 0x83, 0x3c, 0xf5, 0xb6, 0x0d, 0x3a, 0x15, 0x36,
    0xb1, 0xb5, 0x6b, 0xb9, 0x34, 0x30, 0x0e, 0x29, 0x1b, 0xb3, 0x52, 0xb7, 0xed, 0x3b, 0x2c, 0xbc,
    0x34, 0xbb, 0x62, 0x35, 0x73, 0x38, 0xaf, 0xb8, 0x5e, 0xb9, 0xcf, 0xb4, 0xa8, 0x34, 0x14, 0x3d,
    0x65, 0x35, 0x55, 0x32, 0xa7, 0x39, 0xcb, 0xb9, 0xce, 0x40, 0xe9, 0x3b, 0x19, 0xc1, 0x69, 0xc0,
    0xe0, 0x38, 0x1f, 0xbc, 0x76, 0xb9, 0xa3, 0x39, 0x16, 0x3b, 0x67, 0x3e, 0x04, 0xc0, 0xe5, 0xb5,
    0x59, 0x3e, 0xad, 0x3f, 0x3d, 0x37, 0xaf, 0x35, 0x23, 0xbd, 0xf6, 0xb9, 0x87, 0x3b, 0x06, 0x40,
    0xc9, 0xaf, 0x8b, 0xbd, 0x2b, 0xc0, 0x48, 0x3d, 0x9a, 0xad, 0x4e, 0xb8, 0x34, 0x3a, 0xef, 0x35,
    0xba, 0x39, 0x10, 0x38, 0xf5, 0xc0, 0x76, 0xbc, 0xeb, 0xb5, 0xd3, 0xbe, 0xda, 0x35, 0xfe, 0xb8,
    0xb1, 0xbc, 0x5c, 0x40, 0x84, 0x3d, 0xb0, 0x38, 0x18, 0x3f, 0x76, 0x36, 0x97, 0xb3, 0x23, 0x30,
    0xb7, 0xb8, 0x87, 0xbd, 0x44, 0xba, 0xcb, 0xb5, 0x16, 0x3d, 0xc7, 0x3c, 0xb7, 0xbe, 0x4f, 0x38,
    0x54, 0xb9, 0xe4, 0x1a, 0xe7, 0xbd, 0xfe, 0x3f, 0x53, 0xc1, 0x8e, 0xa1, 0x1f, 0x34, 0x83, 0xb6,
    0x5f, 0xa9, 0x0d, 0xbd, 0x16, 0xbc, 0x04, 0x38, 0x95, 0x3a, 0x21, 0xbd, 0x90, 0x35, 0xc1, 0x38,
    0xbb, 0x3c, 0xad, 0xb7, 0x94, 0xbd, 0x47, 0x3c, 0x88, 0x35, 0xf5, 0x31, 0x00, 0x3d, 0xc8, 0xb2,
    0xe9, 0xb4, 0xb2, 0xbf, 0x8d, 0xbe, 0xe2, 0x38, 0x72, 0xbe, 0x35, 0xb9, 0x3f, 0xaa, 0xca, 0x2d,
    0x24, 0x35, 0x04, 0xbb, 0xf3, 0x3c, 0x13, 0xb6, 0xc5, 0x31, 0xa1, 0xb8, 0xc1, 0xc1, 0x74, 0xbc,
    0xb5, 0xb5, 0x37, 0xbc, 0x19, 0xba, 0xc6, 0x30, 0x16, 0x34, 0xae, 0x3c, 0x9d, 0xb6, 0x25, 0xaf,
    0x63, 0xc0, 0x1f, 0x38, 0xc9, 0x36, 0x1e, 0x2c, 0x6d, 0xb5, 0x8c, 0x3d, 0x1f, 0xaa, 0x6d, 0xbf,
    0xc2, 0xb5, 0x58, 0xbb, 0x75, 0x31, 0x4e, 0x36, 0xb9, 0x38, 0x45, 0x2b, 0x05, 0xbd, 0x0f, 0x31,
    0x5f, 0xb8, 0xc6, 0xaf, 0xe8, 0xac, 0x31, 0x38, 0x38, 0x3c, 0xa4, 0xaa, 0xf7, 0x38, 0xb0, 0x32,
    0xd7, 0xbe, 0xd3, 0x3b, 0x31, 0x35, 0xec, 0x3b, 0x2c, 0xb8, 0x7d, 0xb8, 0x4e, 0x3c, 0xfb, 0x3e,
    0xb6, 0xb5, 0x26, 0xba, 0x63, 0x3d, 0x81, 0x3d, 0x5c, 0xb1, 0xb9, 0x31, 0x07, 0x3b, 0x4a, 0x3c,
    0xa7, 0xb9, 0x1c, 0xb4, 0x2d, 0xbf, 0x58, 0x2d, 0x3f, 0x3d, 0x74, 0xb4, 0x36, 0xc0, 0xec, 0x3e,
    0x6e, 0xba, 0xd4, 0x37, 0x38, 0x38, 0xe2, 0x2e, 0x5a, 0x3d, 0x3a, 0xbf, 0xf9, 0x31, 0xa4, 0x39,
    0xd8, 0xbd, 0xf0, 0xbc, 0xab, 0x2c, 0xa3, 0xa4, 0x4c, 0x3d, 0xa9, 0x31, 0xc3, 0x35, 0x51, 0x3a,
    0x11, 0xc0, 0x0e, 0xb8, 0x35, 0x37, 0xac, 0x38, 0x28, 0x3d, 0x3b, 0x38, 0x3b, 0x3e, 0xfc, 0x36,
    0xa7, 0xb6, 0x2b, 0x3a, 0x00, 0xa7, 0x2d, 0x36, 0x4c, 0xb4, 0x5f, 0x39, 0x28, 0xaf, 0x9d, 0x3a,
    0x3d, 0xba, 0x0d, 0x3c, 0x69, 0xb5, 0x97, 0xb8, 0x07, 0xbc, 0x1b, 0x40, 0x0a, 0x38, 0xef, 0xbb,
    0x60, 0x37, 0x5d, 0xb4, 0xcb, 0x2c, 0x8e, 0x39, 0x0c, 0xbe, 0x74, 0x2d, 0x11, 0xbf, 0xe8, 0xbc,
    0xd4, 0x37, 0x2f, 0x38, 0xa8, 0x37, 0x38, 0x3c, 0xa4, 0x3d, 0x90, 0xb8, 0x88, 0xb9, 0x37, 0xbc,
    0x6a, 0xbc, 0x9e, 0x37, 0xef, 0xbb, 0x91, 0x3c, 0xe7, 0x37, 0xa8, 0x3d, 0x4d, 0xb9, 0x07, 0x3e,
    0x73, 0xbc, 0x98, 0x38, 0xf5, 0xb2, 0xcf, 0xbf, 0x3f, 0xc0, 0x49, 0x38, 0xac, 0x3d, 0x37, 0x3c,
    0x3e, 0xb4, 0xac, 0x37, 0x55, 0x3d, 0x25, 0xb9, 0x23, 0x3c, 0xa3, 0x34, 0x34, 0x38, 0xa6, 0xb4,
    0x00, 0xb8, 0x6a, 0x34, 0x5e, 0xba, 0x80, 0x33, 0x3b, 0xb9, 0xbe, 0x34, 0x0e, 0x35, 0xb8, 0xb5,
    0x4b, 0x38, 0xf4, 0xbb, 0xe6, 0x35, 0xcd, 0x41, 0x3f, 0x38, 0x5d, 0x3a, 0xef, 0xba, 0x65, 0x35,
    0xe6, 0xc0, 0x55, 0xad, 0xe7, 0x3a, 0x04, 0x3a, 0xcf, 0xbe, 0x75, 0xbd, 0x4f, 0x35, 0x7e, 0x39,
    0x93, 0x2c, 0xe5, 0xad, 0x22, 0xb9, 0x31, 0x38, 0x81, 0xba, 0x98, 0xb6, 0x2b, 0xb9, 0xf2, 0x29,
    0x25, 0x33, 0xde, 0x2f, 0x78, 0xb7, 0xac, 0x3b, 0xfc, 0x30, 0x28, 0xbc, 0x6b, 0x2b, 0x1a, 0x39,
    0x9d, 0x3f, 0x74, 0x3e, 0x97, 0xb6, 0xf4, 0xb9, 0xce, 0xb3, 0xad, 0x38, 0x73, 0xb2, 0x48, 0xbe,
    0xf6, 0xa9, 0x78, 0xb1, 0xc8, 0x3b, 0xd4, 0x2d, 0xd6, 0x24, 0xa3, 0x3d, 0x08, 0xb8, 0x13, 0xbd,
    0x48, 0xb0, 0x40, 0x32, 0xb6, 0xa8, 0xdd, 0xb9, 0x21, 0x3c, 0x2d, 0xac, 0xf1, 0x3e, 0x7d, 0xb6,
    0x3d, 0xbe, 0x60, 0xb4, 0x28, 0xba, 0x87, 0xb6, 0x71, 0x3c, 0x0f, 0x39, 0x1c, 0x26, 0x72, 0x3a,
    0x23, 0xb8, 0xd3, 0x40, 0x37, 0x39, 0xdc, 0x2d, 0xe7, 0x39, 0x62, 0xb9, 0xf3, 0xb4, 0xc3, 0xb9,
    0x63, 0x3e, 0x03, 0x34, 0x61, 0x3f, 0x5d, 0x38, 0xd2, 0xb6, 0xdb, 0x38, 0x4f, 0x3e, 0x5b, 0xb9,
    0x35, 0x1f, 0x09, 0x3c, 0xaa, 0xbc, 0x8b, 0xc0, 0xc5, 0xb8, 0xf3, 0xb7, 0x7b, 0x2a, 0x1f, 0xbc,
    0x19, 0x3b, 0x83, 0x36, 0x21, 0xb7, 0xd2, 0x3d, 0x17, 0x2f, 0x96, 0xb6, 0x4f, 0xb7, 0x96, 0x1e,
    0x94, 0xb4, 0x6c, 0xb9, 0x04, 0xbe, 0x0b, 0xb4, 0xf4, 0xb7, 0xc4, 0x39, 0x8f, 0xb5, 0xbc, 0x2e,
    0x11, 0xbc, 0xf7, 0xb4, 0xdc, 0x3f, 0x1c, 0xba, 0x23, 0xc0, 0xc1, 0xb4, 0x17, 0x3a, 0x6f, 0xba,
    0x37, 0xa8, 0x5b, 0xa0, 0xec, 0xad, 0x0f, 0xbf, 0x98, 0xbc, 0xe5, 0x3d, 0xf6, 0xb4, 0x71, 0xb5,
    0x12, 0x3c, 0x07, 0xb4, 0x97, 0xbf, 0x03, 0xc0, 0x64, 0x22, 0x52, 0xab, 0x33, 0x34, 0x7f, 0x36,
    0xaa, 0x3c, 0x5b, 0xba, 0xf4, 0x34, 0x0a, 0xb8, 0x0f, 0xad, 0x87, 0xbd, 0x68, 0xbe, 0x22, 0x39,
    0x58, 0x3c, 0xbd, 0xb4, 0x76, 0x30, 0x8d, 0xb6, 0x1d, 0xb5, 0xcc, 0x39, 0xd0, 0xb2, 0xcf, 0xba,
    0xaa, 0x3c, 0xe1, 0x43, 0xe8, 0xbe, 0x1f, 0x3e, 0x71, 0x38, 0xe0, 0xb1, 0x23, 0xba, 0x99, 0x3a,
    0x89, 0xc1, 0x11, 0xbe, 0x4d, 0x3c, 0x57, 0x3d, 0x1c, 0x3f, 0xaf, 0x3d, 0x9f, 0x3f, 0x48, 0xba,
    0x0b, 0x3c, 0x0a, 0x40, 0x6a, 0xb9, 0xe6, 0xb4, 0xb0, 0x39, 0x84, 0xb5, 0x19, 0xbf, 0x6a, 0x32,
    0x63, 0xb4, 0x40, 0xb9, 0xbf, 0x36, 0xc0, 0xbe, 0xc9, 0xb7, 0x51, 0xbd, 0xd6, 0x3b, 0xcc, 0x37,
    0x5f, 0x3b, 0xae, 0x38, 0xda, 0xbd, 0x56, 0xbd, 0x99, 0xbc, 0x8e, 0x39, 0x39, 0xb7, 0x0a, 0xba,
    0xcc, 0x3c, 0x0f, 0xbd, 0x4d, 0xab, 0xba, 0xb2, 0xfb, 0x3a, 0xf5, 0xbb, 0xaa, 0xb9, 0xa5, 0x36,
    0x21, 0x36, 0xe8, 0x35, 0x35, 0x40, 0xd5, 0xbd, 0x33, 0x3c, 0xf2, 0x3d, 0x18, 0xad, 0x7f, 0x25,
    0x84, 0xb7, 0xd5, 0x30, 0x86, 0x3c, 0x03, 0x38, 0x5f, 0xb3, 0x19, 0x3e, 0xaf, 0xba, 0x1e, 0x38,
    0x81, 0x3c, 0xfa, 0x3c, 0xb3, 0x3a, 0x79, 0xb6, 0x67, 0xb2, 0x0f, 0x38, 0xf2, 0xba, 0x51, 0xb8,
    0x9c, 0xb8, 0xc3, 0x34, 0x56, 0x36, 0xe5, 0x39, 0xd9, 0x39, 0xb3, 0xad, 0xe4, 0xba, 0x87, 0xbf,
    0xf5, 0x38, 0x2a, 0x36, 0x46, 0xbe, 0x64, 0xbd, 0x72, 0x3c, 0xaf, 0xba, 0x72, 0xbd, 0xc5, 0x3b,
    0xf1, 0x38, 0xd9, 0x35, 0x74, 0xba, 0xca, 0x2d, 0x66, 0xb8, 0xc8, 0xbf, 0x9f, 0x3e, 0xd1, 0x38,
    0x5c, 0xac, 0xe7, 0xbc, 0xdb, 0xbc, 0x1e, 0xb1, 0x2c, 0xaa, 0x17, 0x3d, 0xd3, 0xa7, 0xc4, 0x31,
    0x36, 0x3c, 0x68, 0x38, 0xd9, 0x3c, 0x3d, 0x3d, 0xbf, 0x38, 0x92, 0xb9, 0x06, 0x36, 0xff, 0xba,
    0x3e, 0x38, 0x8a, 0xb8, 0xeb, 0x39, 0x2f, 0x37, 0x56, 0x35, 0xd4, 0x3d, 0x1b, 0x38, 0x42, 0xbb,
    0x1f, 0xbc, 0xa4, 0x34, 0xec, 0x30, 0xa3, 0xb6, 0x65, 0x3f, 0xad, 0x38, 0x43, 0xbe, 0x74, 0x3f,
    0x36, 0xbd, 0x7d, 0xb8, 0xa2, 0xbc, 0xdf, 0x24, 0x05, 0x3a, 0xc0, 0x3b, 0x0e, 0x39, 0x9c, 0x3a,
    0x42, 0x3a, 0x99, 0xbc, 0x45, 0x3a, 0xfc, 0xbb, 0x0f, 0xb3, 0x82, 0x40, 0x3f, 0xba, 0x1c, 0xae,
    0x1d, 0x36, 0xa1, 0xbc, 0x36, 0x3e, 0x7f, 0xb8, 0x41, 0x34, 0x08, 0x2e, 0x53, 0x3b, 0x6b, 0xc0,
    0x17, 0x3e, 0x9c, 0x2c, 0xe2, 0xb1, 0x7b, 0x38, 0x32, 0xbb, 0xb3, 0xbf, 0x2d, 0xbe, 0xef, 0x3a,
    0x3c, 0xbe, 0x7c, 0xb5, 0x97, 0xb9, 0x5a, 0xb0, 0x39, 0xb3, 0xc1, 0xa1, 0x37, 0xb9, 0xf3, 0xb8,
    0xab, 0x37, 0x06, 0xbc, 0xc3, 0x35, 0xea, 0x3c, 0x95, 0x39, 0x64, 0xbc, 0x34, 0x40, 0x22, 0xb9,
    0x66, 0x2a, 0xf1, 0x35, 0x4b, 0xbe, 0x41, 0x2c, 0x99, 0xb6, 0x0b, 0x3a, 0x74, 0xbc, 0xfb, 0xbb,
    0x65, 0x39, 0xda, 0xb8, 0x5b, 0x3c, 0xda, 0xad, 0x90, 0xb1, 0x74, 0x38, 0x69, 0x2b, 0x69, 0xb9,
    0x28, 0x35, 0x1c, 0xb3, 0xc8, 0xbb, 0xa8, 0xae, 0x17, 0x3a, 0x95, 0xbf, 0x33, 0xba, 0x84, 0x3a,
    0xb9, 0x3c, 0x07, 0xbc, 0x30, 0x3b, 0x34, 0x37, 0x45, 0xb7, 0x81, 0xb5, 0x81, 0x3d, 0xa5, 0x38,
    0xc0, 0xbb, 0x70, 0xa4, 0x82, 0x35, 0x34, 0x3a, 0x0d, 0x34, 0x5c, 0xbc, 0x3f, 0xbc, 0x22, 0xab,
    0xcc, 0xbc, 0x93, 0xb4, 0x24, 0x10, 0x6d, 0xbb, 0x58, 0x3c, 0x62, 0x37, 0xe2, 0xbc, 0x5f, 0xb7,
    0x7e, 0xb9, 0x7d, 0x3a, 0x50, 0xb9, 0x28, 0xae, 0x72, 0x3c, 0x30, 0xb9, 0xd3, 0x33, 0x55, 0xb4,
    0xb1, 0x38, 0x7f, 0x3b, 0xe2, 0xbb, 0x66, 0x38, 0xa4, 0xb2, 0xd7, 0x28, 0xac, 0xb8, 0x06, 0xbb,
    0x50, 0xb5, 0xe7, 0xbb, 0xeb, 0xb4, 0x71, 0xbd, 0xf3, 0xb1, 0xda, 0xbc, 0x00, 0xbe, 0x7b, 0xac,
    0x4c, 0x3a, 0xf7, 0x3d, 0x6c, 0xbc, 0x60, 0xb5, 0x6b, 0x39, 0xc0, 0x2c, 0x63, 0xc0, 0x13, 0xbd,
    0x14, 0x41, 0x7c, 0x39, 0x15, 0xb0, 0x31, 0x27, 0x4f, 0xae, 0x8d, 0x3c, 0xc8, 0xb1, 0xc7, 0x39,
    0x6e, 0xbb, 0x8e, 0x39, 0x8d, 0xbe, 0x4b, 0x3b, 0x04, 0x35, 0x24, 0xb4, 0x89, 0xb5, 0x04, 0xbc,
    0xd3, 0x37, 0x9b, 0xbc, 0x0a, 0x3a, 0x56, 0x39, 0x43, 0x40, 0xea, 0x39, 0x49, 0x35, 0x2c, 0x40,
    0xb9, 0xb3, 0x2d, 0x3d, 0x98, 0x41, 0x68, 0xaa, 0x45, 0x3d, 0xb2, 0xbe, 0xb3, 0x29, 0x52, 0xc0,
    0x41, 0xab, 0x5c, 0x3e, 0xb2, 0x41, 0x5e, 0x36, 0x31, 0xb5, 0xd0, 0xba, 0x1c, 0x3c, 0x56, 0xba,
    0xd0, 0xb7, 0xb6, 0xc0, 0x68, 0xba, 0x0d, 0xbb, 0x1e, 0x38, 0xae, 0x3d, 0xc2, 0x39, 0x30, 0xb3,
    0xbc, 0x31, 0x97, 0xbf, 0x06, 0x38, 0xc0, 0x31, 0xe6, 0x3c, 0xf4, 0x37, 0xe8, 0xb9, 0xcc, 0xb4,
    0xed, 0xb5, 0xe5, 0x3c, 0xdb, 0xb9, 0xfa, 0x3e, 0xd8, 0x3c, 0x91, 0x3d, 0xbe, 0x36, 0x16, 0xba,
    0x06, 0xb8, 0x95, 0x34, 0xb7, 0xb5, 0x54, 0x3b, 0x52, 0xbc, 0xfa, 0x3b, 0x9b, 0x38, 0x6e, 0xbf,
    0xa3, 0x38, 0x35, 0xbb, 0xf3, 0x39, 0x6c, 0xba, 0x71, 0x39, 0xa6, 0x41, 0x99, 0xb8, 0x15, 0xbd,
    0x27, 0xbc, 0x39, 0xc0, 0xa9, 0x39, 0xa5, 0xbb, 0xa8, 0xba, 0x03, 0xbd, 0x75, 0x3e, 0xbd, 0xb4,
    0xf9, 0xba, 0x51, 0x34, 0xa6, 0xbb, 0xdd, 0xc0, 0x54, 0x38, 0x98, 0x3a, 0xb4, 0x36, 0xe3, 0x3d,
    0x18, 0x3a, 0x61, 0xbd, 0x86, 0xb9, 0x2c, 0x3a, 0xf0, 0xae, 0xe1, 0xb6, 0x30, 0x32, 0x1e, 0xbc,
    0x75, 0xa8, 0xc6, 0xb0, 0x05, 0xb9, 0xc6, 0x3d, 0x58, 0x36, 0x76, 0x22, 0x96, 0xbc, 0x69, 0x30,
    0x0b, 0xb7, 0x30, 0x3c, 0x23, 0xb9, 0x7a, 0xb7, 0xc1, 0x2a, 0x2e, 0x40, 0x06, 0x3b, 0xb2, 0x38,
    0x08, 0xb8, 0x7a, 0xc1, 0x11, 0x3e, 0xbd, 0x3d, 0xf0, 0x37, 0x7c, 0x34, 0xbe, 0x38, 0x39, 0x3a,
    0x08, 0x3d, 0x4e, 0x40, 0xc9, 0x2b, 0x70, 0xbe, 0xf0, 0xb1, 0xc8, 0x3a, 0xe4, 0x34, 0xaf, 0x37,
    0x71, 0xbc, 0x23, 0xbd, 0xa7, 0xb9, 0x7a, 0x31, 0x6a, 0x3b, 0xd0, 0x3e, 0x0d, 0xbb, 0x3b, 0x3c,
    0x5c, 0xb5, 0x4f, 0xb1, 0x8f, 0x3b, 0x58, 0xb8, 0x20, 0xba, 0x27, 0x32, 0x13, 0xb9, 0xa5, 0x37,
    0x82, 0x3e, 0xb8, 0x36, 0xa8, 0x36, 0x19, 0xa4, 0x24, 0xba, 0x2a, 0xb3, 0x6c, 0x3e, 0x5c, 0x36,
    0xa4, 0x30, 0xf2, 0x3b, 0x14, 0x3a, 0x49, 0xba, 0xb3, 0xb1, 0xf8, 0x3a, 0x4d, 0x3a, 0xf4, 0x37,
    0x01, 0xbe, 0xe2, 0x3e, 0xe2, 0x34, 0x8c, 0x39, 0xab, 0x34, 0x40, 0xbd, 0xb6, 0x3e, 0xce, 0x3a,
    0x9d, 0x30, 0xd0, 0xbc, 0x8a, 0xa9, 0x9a, 0xbc, 0x2e, 0xaf, 0xf5, 0x40, 0x9d, 0xbf, 0xf7, 0x3e,
    0xb2, 0xb5, 0xff, 0x2c, 0x61, 0xba, 0x11, 0x38, 0x36, 0xb3, 0x1f, 0xb1, 0x7d, 0xa9, 0x86, 0x35,
    0x21, 0x38, 0x5d, 0x3c, 0x70, 0x28, 0x3f, 0xbc, 0x4a, 0xbc, 0x83, 0x2c, 0x65, 0xbb, 0xe1, 0x3d,
    0x55, 0xbf, 0xec, 0xb9, 0x18, 0xbc, 0x96, 0x35, 0x55, 0x3b, 0xad, 0x36, 0xac, 0x31, 0xc1, 0xb6,
    0x6d, 0xb8, 0x21, 0xb5, 0x3b, 0xbd, 0x3f, 0x32, 0xaa, 0xbc, 0xe8, 0xbc, 0x3d, 0x36, 0x27, 0xb8,
    0x2c, 0x3a, 0xb6, 0xb2, 0x84, 0x3e, 0xc6, 0xb7, 0x38, 0x39, 0x9b, 0xb1, 0x4d, 0x38, 0x3e, 0xad,
    0x52, 0xbb, 0x46, 0x35, 0xb5, 0x2e, 0xb8, 0x2d, 0x29, 0x24, 0x01, 0xb6, 0xe1, 0x2e, 0xdb, 0xb5,
    0x1b, 0xb5, 0xf9, 0x2b, 0x4c, 0xbc, 0x34, 0xa4, 0xcd, 0xbf, 0x3c, 0xad, 0x24, 0xb7, 0xcd, 0x3f,
    0xdc, 0xb3, 0xfa, 0x32, 0x16, 0x39, 0x44, 0x3c, 0x2e, 0x3b, 0x94, 0x3d, 0x45, 0xbb, 0x93, 0xba,
    0x4b, 0xbf, 0x63, 0x3b, 0x22, 0x3c, 0xb3, 0xbd, 0x8a, 0xb8, 0x0f, 0x3e, 0xc3, 0x3a, 0xce, 0x35,
    0x6f, 0xba, 0x5d, 0x36, 0xbd, 0x3a, 0x64, 0x40, 0x71, 0xbc, 0xf5, 0x39, 0xb5, 0xb8, 0x64, 0xb9,
    0x7d, 0xbe, 0xff, 0xb7, 0xad, 0xc0, 0xb2, 0xb9, 0xfd, 0xb6, 0x42, 0x3c, 0xd1, 0x3c, 0x3f, 0xc1,
    0x39, 0x3b, 0x88, 0xb5, 0xdf, 0xbc, 0xb7, 0x38, 0x51, 0x38, 0x10, 0x19, 0x40, 0xa3, 0x52, 0xb9,
    0x35, 0xc0, 0x2d, 0xbb, 0x8d, 0xb9, 0xfd, 0x35, 0xea, 0x34, 0x5b, 0xc0, 0x9d, 0xb8, 0x90, 0x3a,
    0xb4, 0x33, 0xa6, 0xb9, 0xe1, 0x38, 0x09, 0x2b, 0x84, 0xbf, 0x01, 0x3b, 0xf5, 0xb4, 0xeb, 0xa5,
    0x70, 0x39, 0x87, 0xb6, 0x5a, 0x38, 0x94, 0xa4, 0xe5, 0xb6, 0x8c, 0x38, 0x66, 0x37, 0x31, 0x35,
    0x1b, 0xba, 0xc1, 0x3c, 0x9e, 0x38, 0xff, 0x3e, 0x0f, 0x36, 0x3a, 0x3c, 0x51, 0xbc, 0x82, 0x37,
    0x88, 0xb9, 0x20, 0xbc, 0x04, 0xc0, 0x3b, 0xb4, 0xf4, 0x38, 0xb9, 0x3e, 0x06, 0x3c, 0xdd, 0xa9,
    0xb1, 0x30, 0xed, 0x3c, 0x87, 0xb9, 0xfb, 0xb8, 0x0e, 0xc0, 0xd1, 0x38, 0x37, 0x3d, 0x21, 0xbe,
    0x29, 0x3d, 0x0e, 0x3d, 0x4b, 0xc0, 0xed, 0xba, 0xe0, 0xb9, 0x8b, 0x40, 0xd6, 0xb7, 0x0e, 0xbd,
    0xf9, 0xb5, 0xe2, 0x3d, 0x96, 0xc0, 0xa1, 0xa9, 0x1a, 0x35, 0x29, 0x3c, 0xe4, 0xbd, 0x63, 0x39,
    0x6c, 0xb6, 0x82, 0x37, 0x11, 0xbd, 0xad, 0xb7, 0x2c, 0xb6, 0x84, 0x2c, 0xa5, 0x33, 0xd9, 0xb7,
    0x2f, 0x35, 0x22, 0xa7, 0x5c, 0xbb, 0xe8, 0x3d, 0xc3, 0xbc, 0x81, 0x3a, 0x40, 0xbf, 0x27, 0xbc,
    0xc1, 0x37, 0xe8, 0xa2, 0x89, 0xb4, 0xce, 0xbb, 0x40, 0xbe, 0xb5, 0xb2, 0xca, 0xb1, 0xca, 0x3c,
    0xa0, 0x36, 0x0f, 0x40, 0x48, 0xad, 0x93, 0x3b, 0xcc, 0x39, 0x17, 0x3c, 0x54, 0xae, 0x4b, 0xbf,
    0x77, 0x2d, 0x6b, 0xb0, 0xce, 0xb5, 0xa4, 0x39, 0x31, 0x3b, 0xb6, 0x35, 0x9f, 0x40, 0xb7, 0x39,
    0x2d, 0xbc, 0xa0, 0x24, 0xbc, 0x3a, 0xee, 0xb7, 0xa8, 0xab, 0x9f, 0xaa, 0xf5, 0xb6, 0x62, 0x33,
    0x55, 0x35, 0xb5, 0x3b, 0x61, 0x3c, 0x9d, 0xb3, 0xf9, 0x33, 0x7d, 0x3c, 0x92, 0xbe, 0xd3, 0xbc,
    0xab, 0xb9, 0x9e, 0x3a, 0x06, 0x42, 0x2c, 0xb8, 0x70, 0x31, 0x35, 0xc0, 0xd7, 0xbf, 0xc2, 0x31,
    0x00, 0xba, 0x11, 0x39, 0x07, 0xbf, 0xd1, 0x35, 0x9d, 0x3d, 0x34, 0x3f, 0xce, 0xbd, 0xef, 0x38,
    0x3a, 0xb8, 0x00, 0xb9, 0xd9, 0xbc, 0xc0, 0xb5, 0x41, 0x40, 0x6a, 0x38, 0xf7, 0x2d, 0x0c, 0x3d,
    0x24, 0x3e, 0x64, 0x3c, 0x8d, 0xc0, 0xc2, 0xba, 0xe1, 0xb6, 0xc9, 0xb4, 0x99, 0x3c, 0xd5, 0x3d,
    0xea, 0xb9, 0x2b, 0xbf, 0x17, 0xbd, 0x91, 0xba, 0x97, 0x3b, 0x64, 0xbd, 0xd6, 0xb5, 0x8c, 0xb4,
    0x97, 0x33, 0xf6, 0x37, 0xcd, 0x33, 0x9c, 0xbd, 0x84, 0xb8, 0x1f, 0xa6, 0xca, 0xb4, 0x24, 0xb9,
    0x2f, 0xbb, 0x7f, 0x26, 0x1f, 0x37, 0x24, 0x31, 0xc5, 0x3b, 0x87, 0x38, 0xb4, 0x32, 0x35, 0x35,
    0x42, 0x2b, 0x49, 0x39, 0x4c, 0xbe, 0x5b, 0x2d, 0x5d, 0xbc, 0x03, 0xb6, 0x9f, 0xbd, 0x63, 0xb5,
    0x8d, 0xbb, 0x18, 0x34, 0xef, 0xb9, 0x71, 0xb3, 0x3c, 0xb8, 0x00, 0x31, 0x58, 0xbd, 0xfa, 0xb4,
    0x69, 0x3b, 0xc4, 0x34, 0x45, 0x37, 0xbc, 0x3e, 0x38, 0xb5, 0x8d, 0x35, 0x74, 0xb9, 0x47, 0x39,
    0x71, 0x36, 0xa8, 0xba, 0xf2, 0x39, 0x4a, 0x3c, 0x8b, 0x3b, 0xc9, 0x2d, 0x16, 0x36, 0xae, 0xb9,
    0xd5, 0x3b, 0xa3, 0xb7, 0xbd, 0xba, 0x7f, 0xbf, 0xdc, 0xbb, 0x7d, 0x3c, 0xe1, 0x3d, 0xf9, 0xaa,
    0x49, 0xbc, 0x1b, 0x36, 0x2d, 0x37, 0x79, 0xba, 0x38, 0x3a, 0x2c, 0xbd, 0x87, 0xbf, 0x24, 0xb9,
    0x65, 0x3a, 0xf3, 0xba, 0x12, 0x3b, 0xa9, 0x39, 0xdf, 0x40, 0x8c, 0xbb, 0x80, 0x36, 0x6f, 0x38,
    0xd9, 0xb6, 0x9b, 0xb9, 0x46, 0xb1, 0x24, 0xbc, 0x10, 0xc0, 0x37, 0xbd, 0xdc, 0xb6, 0x82, 0x3a,
    0x67, 0xbb, 0x21, 0xb4, 0x01, 0x41, 0xdc, 0xb8, 0x68, 0x35, 0x6b, 0xbe, 0x6d, 0xb4, 0xc0, 0x33,
    0x94, 0x3c, 0x68, 0x3a, 0x70, 0xb8, 0x5d, 0x2d, 0x7c, 0xb9, 0x53, 0x31, 0x73, 0xbd, 0xae, 0x31,
    0x32, 0xc0, 0xd0, 0x2c, 0x9e, 0x3d, 0x74, 0x3d, 0x4d, 0x39, 0xca, 0xb7, 0xf2, 0x3c, 0x07, 0xbe,
    0xb1, 0x40, 0x76, 0xba, 0xba, 0xb6, 0xef, 0xa6, 0x27, 0xb0, 0xbd, 0x39, 0xeb, 0x23, 0x35, 0x31,
    0xec, 0xb1, 0x74, 0xbb, 0xc4, 0x33, 0x17, 0x3d, 0x81, 0x3a, 0x9a, 0xbc, 0x6e, 0xbd, 0x29, 0x3a,
    0x9e, 0xaf, 0xc8, 0x3c, 0xbb, 0x35, 0x90, 0x36, 0x4d, 0x40, 0x11, 0x3a, 0x2e, 0xb4, 0x17, 0x35,
    0x34, 0xbc, 0x09, 0xbb, 0xdb, 0x3f, 0x11, 0x40, 0x06, 0xbc, 0x11, 0xb1, 0x2b, 0x36, 0xb2, 0x2f,
    0xdc, 0x37, 0x61, 0xa7, 0x59, 0x3a, 0x27, 0x3d, 0xcd, 0xb4, 0x51, 0x3b, 0x0a, 0xc0, 0xad, 0xba,
    0xe6, 0xb5, 0x10, 0x3d, 0xef, 0xb9, 0xda, 0x3a, 0x18, 0xb4, 0x6b, 0x40, 0xe8, 0xb8, 0xaa, 0xb9,
    0xf0, 0x40, 0x64, 0xbc, 0x35, 0xbb, 0xc7, 0x39, 0x6e, 0x3c, 0x95, 0xac, 0x34, 0xad, 0x3d, 0xbc,
    0x97, 0xb1, 0x1e, 0x3d, 0xfc, 0x39, 0xf2, 0xc0, 0x88, 0x37, 0x08, 0xbe, 0x02, 0x3f, 0x44, 0xb8,
    0xe3, 0xbf, 0xb0, 0x3b, 0x44, 0x3e, 0x83, 0x3c, 0x48, 0x36, 0xc8, 0xb4, 0xb3, 0x38, 0xb7, 0x3d,
    0x9e, 0xba, 0xb5, 0x39, 0x51, 0x38, 0xcc, 0xbc, 0x65, 0xb1, 0x64, 0xb6, 0x74, 0xb8, 0xf2, 0xb8,
    0x5c, 0x34, 0x30, 0xb8, 0x12, 0x3c, 0xb6, 0x36, 0xda, 0x3d, 0xbb, 0x39, 0x95, 0xb3, 0x77, 0x40,
    0x99, 0x3d, 0x4e, 0x3b, 0xc0, 0xbe, 0x68, 0xbc, 0x4b, 0x39, 0xca, 0xb3, 0x0e, 0xb5, 0xed, 0x39,
    0x95, 0xc0, 0xe2, 0x3d, 0x1d, 0xbc, 0x39, 0xb8, 0x11, 0x39, 0x7e, 0x3d, 0xa2, 0xb7, 0x67, 0x3e,
    0x06, 0x19, 0x77, 0xbe, 0xba, 0xbc, 0xf7, 0x3e, 0xbb, 0x3c, 0x2d, 0x2d, 0x9c, 0x39, 0x39, 0xb9,
    0xbc, 0xbc, 0x44, 0x3e, 0xc7, 0xb4, 0xb1, 0x2a, 0x7e, 0xb7, 0x6f, 0x39, 0x57, 0xbd, 0x52, 0xb7,
    0x35, 0xc1, 0xfc, 0x35, 0x29, 0x38, 0xf6, 0xbf, 0xcc, 0xba, 0x8e, 0xba, 0x6f, 0x38, 0x79, 0xbb,
    0x1b, 0x33, 0xe4, 0xbc, 0xcf, 0x34, 0x9e, 0xb9, 0xe7, 0x39, 0x24, 0xb9, 0x93, 0xac, 0x8f, 0x3c,
    0x63, 0x3a, 0x56, 0xbc, 0x84, 0x38, 0x23, 0xbc, 0x7d, 0xb7, 0x77, 0x35, 0xb1, 0x3e, 0x3c, 0x29,
    0x58, 0x38, 0xc0, 0xba, 0xf4, 0x38, 0x9d, 0xbc, 0xf8, 0x37, 0x88, 0xb9, 0x57, 0xb5, 0xa9, 0x3c,
    0x75, 0xb8, 0x20, 0xb5, 0x67, 0x3e, 0xe5, 0xb0, 0x02, 0xb9, 0x6e, 0x3f, 0x36, 0x38, 0x9f, 0x3c,
    0x71, 0x3d, 0x87, 0xad, 0xdd, 0x38, 0x15, 0xba, 0xe6, 0xba, 0xad, 0x33, 0xd4, 0xbb, 0x89, 0x2b,
    0xae, 0x2d, 0x74, 0x3a, 0x88, 0xbc, 0x95, 0xb6, 0xdc, 0xb6, 0xba, 0x39, 0x8f, 0xba, 0x86, 0xb4,
    0xca, 0xac, 0x78, 0x39, 0xbb, 0xbd, 0x91, 0x3e, 0x46, 0xb9, 0xe7, 0xbc, 0xa0, 0x3a, 0x9d, 0x3f,
    0x2a, 0x39, 0x78, 0x3c, 0xbe, 0xae, 0x72, 0xb9, 0x0a, 0x3d, 0x86, 0xb0, 0x11, 0x3e, 0xbb, 0x2d,
    0x8f, 0xba, 0x6f, 0xb8, 0x40, 0x39, 0xf7, 0x3b, 0xbc, 0xb4, 0x90, 0x31, 0x05, 0xbb, 0x87, 0x3d,
    0x0d, 0xb1, 0x86, 0x38, 0xac, 0xb5, 0x2f, 0x3b, 0x9b, 0x3d, 0x04, 0x1a, 0x95, 0xbf, 0x5f, 0xba,
    0x49, 0x32, 0xe5, 0x3c, 0xca, 0x35, 0xf0, 0xbf, 0x4d, 0x24, 0xa3, 0xb8, 0xe8, 0x39, 0x23, 0x35,
    0x6b, 0x33, 0x78, 0x37, 0x3d, 0x2e, 0x8e, 0xae, 0x88, 0x39, 0x75, 0xb9, 0x2f, 0xb0, 0x40, 0xbb,
    0x07, 0xb4, 0x68, 0xbc, 0x11, 0xc0, 0xc6, 0x38, 0x0c, 0xbf, 0x1e, 0xc0, 0x5a, 0x35, 0x01, 0x3c,
    0xb0, 0xb0, 0x15, 0x3c, 0x53, 0xb5, 0xc2, 0x31, 0x08, 0xad, 0x98, 0x3f, 0x90, 0x3f, 0x44, 0xb8,
    0x0d, 0xba, 0xba, 0xbe, 0x88, 0xb8, 0x14, 0x3c, 0x16, 0xbe, 0xf0, 0x3a, 0x14, 0xbd, 0xe1, 0x38,
    0xf8, 0xbd, 0x87, 0x40, 0xc0, 0xbd, 0x8a, 0x33, 0x03, 0xbd, 0x34, 0xb6, 0x56, 0x3a, 0xae, 0x30,
    0xdf, 0xae, 0x6e, 0x3c, 0x4c, 0xbf, 0x20, 0x3b, 0x8c, 0xb8, 0x48, 0xb9, 0x8e, 0x32, 0xbb, 0xa8,
    0x0d, 0xb8, 0xe7, 0xb6, 0x26, 0xbd, 0xb6, 0xbe, 0xf9, 0xb4, 0x6c, 0xbc, 0x96, 0x3c, 0x1b, 0x37,
    0xd8, 0x3e, 0xe5, 0xbb, 0x7e, 0xb1, 0x92, 0x2a, 0x35, 0x3c, 0x94, 0x3b, 0x16, 0xb4, 0x6f, 0xb4,
    0x7a, 0xbd, 0x28, 0x3e, 0xf4, 0x3c, 0x2b, 0x3c, 0x9f, 0xbc, 0xc6, 0x3d, 0x10, 0x3b, 0x98, 0x36,
    0xde, 0x3c, 0x60, 0xb5, 0xb3, 0x34, 0xd7, 0xbd, 0xbb, 0xbd, 0x45, 0xbb, 0x2e, 0x3d, 0x76, 0x38,
    0x48, 0x36, 0xfa, 0xba, 0x46, 0xb0, 0x3b, 0x3b, 0xcb, 0xbd, 0xf0, 0xb5, 0x14, 0x3e, 0x65, 0xbc,
    0x06, 0xab, 0x12, 0x3b, 0x81, 0xbc, 0xd9, 0xb5, 0x41, 0xad, 0x55, 0xb0, 0x72, 0x2d, 0x5a, 0xbb,
    0x0a, 0xb8, 0xd8, 0xbe, 0x60, 0x36, 0xbd, 0xb9, 0xe7, 0x3e, 0x9a, 0xb6, 0x7f, 0xad, 0x32, 0x3e,
    0x6e, 0x38, 0x11, 0xbc, 0x41, 0xbc, 0xb8, 0x2e, 0x75, 0xb5, 0xd1, 0xae, 0x71, 0xbf, 0xb6, 0x37,
    0x2c, 0x3b, 0x1c, 0x3e, 0xa1, 0x3d, 0x3e, 0xba, 0x20, 0x34, 0x08, 0x3f, 0xf6, 0x3b, 0x7b, 0x1d,
    0xdc, 0xb9, 0x87, 0xbd, 0x1e, 0x3c, 0xc4, 0xc1, 0xcf, 0x38, 0x99, 0x3e, 0x50, 0xbd, 0x2b, 0xbe,
    0xd0, 0xb9, 0xf9, 0xba, 0xee, 0x3c, 0x95, 0x3e, 0x4d, 0x2e, 0x27, 0x39, 0x11, 0x2b, 0x55, 0xb7,
    0xb0, 0xb4, 0xee, 0x3e, 0x19, 0xbc, 0x6c, 0xb6, 0x84, 0x37, 0x81, 0xbd, 0x7e, 0x35, 0x47, 0x33,
    0xeb, 0xb1, 0x39, 0x26, 0xba, 0xb2, 0x4c, 0x35, 0xde, 0x3f, 0x3c, 0x34, 0xc1, 0x37, 0x90, 0x35,
    0xeb, 0xbf, 0x97, 0x3c, 0x73, 0x40, 0xa7, 0xb6, 0x86, 0xbb, 0xca, 0xbd, 0x69, 0x39, 0x87, 0x40,
    0xb1, 0x20, 0xf0, 0x28, 0x51, 0xb9, 0x1d, 0x3c, 0xe9, 0x36, 0x9d, 0x3b, 0x16, 0xb8, 0x37, 0xb8,
    0xfb, 0x2f, 0x87, 0xb9, 0x44, 0xa3, 0x93, 0xbd, 0x99, 0x3b, 0x66, 0xb7, 0x3b, 0xbf, 0x5f, 0x2d,
    0x93, 0xbd, 0x1c, 0x3c, 0x38, 0x3d, 0xaa, 0x3c, 0x64, 0x38, 0xce, 0x35, 0xaf, 0xb8, 0x7e, 0xbc,
    0xdd, 0xbc, 0x17, 0xb9, 0x8f, 0x36, 0x51, 0xaf, 0xda, 0x30, 0xbc, 0x39, 0x6c, 0x30, 0xd3, 0x35,
    0x26, 0xbc, 0x0b, 0x35, 0x7f, 0xba, 0xcf, 0x34, 0xa9, 0x3d, 0x69, 0xba, 0xa7, 0xbc, 0x5a, 0x35,
    0x52, 0x3c, 0x11, 0xbc, 0x68, 0x2c, 0x84, 0x3b, 0x20, 0x3c, 0xbc, 0x37, 0xf9, 0xb4, 0x45, 0x39,
    0x4c, 0xbe, 0x10, 0xa4, 0x47, 0x35, 0x42, 0x39, 0x7c, 0x3a, 0xa8, 0xbc, 0x28, 0xac, 0x02, 0xbc,
    0xec, 0xba, 0x4a, 0x3b, 0x0a, 0x3d, 0x9d, 0xb9, 0x62, 0xb8, 0x6f, 0xbd, 0xa3, 0xbb, 0x50, 0x40,
    0xc9, 0xb8, 0x1f, 0xbf, 0xe3, 0x35, 0x0e, 0x2b, 0x10, 0xbd, 0xfa, 0xbd, 0x41, 0xbb, 0x56, 0x36,
    0x92, 0xae, 0xb2, 0xb7, 0xea, 0x3f, 0x90, 0x32, 0x59, 0x39, 0xca, 0xad, 0x68, 0x3c, 0xbc, 0xb8,
    0xd4, 0x3f, 0x9b, 0xbb, 0x74, 0xb5, 0xeb, 0x36, 0xfb, 0xa2, 0x66, 0xbb, 0x50, 0xad, 0x6b, 0xb9,
    0xf1, 0x34, 0xe2, 0x32, 0x90, 0x3e, 0x79, 0xba, 0x6d, 0xb4, 0xd6, 0x37, 0x71, 0xb7, 0x46, 0x3c,
    0x38, 0xbd, 0xbf, 0x3c, 0xc3, 0x3b, 0x15, 0xc0, 0xb6, 0xb2, 0x65, 0xc1, 0xe9, 0x3e, 0x17, 0xb7,
    0x55, 0x3b, 0xdf, 0xa5, 0xc1, 0x3e, 0xa4, 0xb8, 0xdc, 0xb5, 0xf8, 0xba, 0x86, 0xb9, 0x83, 0xb0,
    0x90, 0xb8, 0x0e, 0xb9, 0xff, 0xbc, 0xc8, 0xae, 0xe5, 0xbb, 0x6d, 0xbc, 0x8d, 0xb5, 0x51, 0xb5,
    0xe4, 0xbb, 0xdd, 0xb2, 0x2d, 0xb7, 0x15, 0xb8, 0xe9, 0x38, 0x81, 0x3d, 0xe1, 0xb4, 0x2c, 0xb6,
    0x77, 0x3b, 0x7e, 0xb5, 0xfd, 0x3b, 0x3d, 0xb7, 0xbf, 0xbc, 0xb0, 0x3b, 0x2d, 0xaf, 0x67, 0xb9,
    0xa0, 0x38, 0x7e, 0xb5, 0x40, 0xba, 0x2b, 0x3d, 0xfa, 0xb9, 0x07, 0x39, 0x97, 0xa2, 0x0f, 0x34,
    0x61, 0x2d, 0xb4, 0x40, 0x5d, 0x3e, 0x6f, 0xbf, 0xd9, 0xb7, 0xc4, 0xb5, 0x0f, 0xbf, 0xa4, 0x3e,
    0x91, 0xab, 0x47, 0x3b, 0x9d, 0x3b, 0x80, 0xc1, 0x04, 0x3c, 0xf7, 0x3c, 0x1d, 0x30, 0x79, 0x3f,
    0x2c, 0xa8, 0x0a, 0x3d, 0x5a, 0x30, 0x7b, 0xbb, 0x1b, 0x3a, 0x20, 0x37, 0x05, 0xb8, 0xb1, 0xac,
    0x30, 0x3c, 0x04, 0xbb, 0x50, 0xbe, 0x0b, 0x3c, 0x00, 0xba, 0x58, 0xb8, 0x3a, 0x24, 0x60, 0x2e,
    0x9e, 0xb1, 0x2e, 0x3f, 0x6a, 0xb9, 0x03, 0xb7, 0x52, 0x3d, 0xcc, 0xb7, 0xc0, 0x38, 0x0d, 0x40,
    0x15, 0xbb, 0x63, 0xbc, 0x72, 0x32, 0x22, 0xb8, 0xf1, 0x31, 0x5d, 0x31, 0xcb, 0x3d, 0x33, 0xba,
    0x43, 0x3e, 0xf4, 0x2b, 0x4f, 0xb8, 0x0c, 0x35, 0xc4, 0x32, 0x58, 0xb6, 0xa2, 0x3b, 0xb5, 0x30,
    0xc6, 0x36, 0x76, 0xba, 0xed, 0xb4, 0xff, 0x36, 0x0f, 0x37, 0xd9, 0xb6, 0x48, 0x40, 0x5c, 0x3b,
    0x27, 0x3b, 0xd5, 0xaf, 0x31, 0xbc, 0x15, 0xb4, 0xf3, 0xba, 0x41, 0xbb, 0xd6, 0x34, 0x73, 0xb7,
    0x56, 0x3d, 0xe2, 0xad, 0x9d, 0x3e, 0x05, 0x3d, 0x6c, 0x42, 0xe9, 0x3b, 0x55, 0x3c, 0x91, 0xbb,
    0x22, 0x2d, 0xcb, 0xae, 0x34, 0xbc, 0x4d, 0xab, 0x5b, 0xb2, 0x2a, 0x3b, 0xbe, 0xbb, 0xac, 0x38,
    0x1d, 0x3c, 0x3f, 0xbb, 0x45, 0xb9, 0x30, 0xba, 0x10, 0xb7, 0x9f, 0x36, 0xbb, 0x38, 0xe1, 0x39,
    0xdf, 0x3b, 0x56, 0x35, 0x63, 0xb1, 0xb1, 0x3c, 0xb8, 0x3a, 0x1d, 0xbd, 0x0c, 0xbd, 0x1f, 0x36,
    0x8e, 0xbd, 0x19, 0x31, 0x37, 0x40, 0x15, 0x3d, 0xeb, 0xb1, 0x66, 0x3f, 0x42, 0xa9, 0x5d, 0x40,
    0x19, 0x39, 0x14, 0xb9, 0xde, 0xb6, 0x18, 0x3a, 0x7a, 0x38, 0x91, 0xbd, 0xe9, 0xad, 0xbd, 0xbc,
    0x4a, 0x3f, 0x82, 0x34, 0x10, 0xbc, 0xce, 0x38, 0x00, 0x37, 0x5b, 0xac, 0xac, 0x28, 0xa7, 0xbd,
    0x13, 0x3f, 0xde, 0xb9, 0x71, 0xbc, 0xe3, 0x37, 0xf3, 0xb2, 0x34, 0xbe, 0xdb, 0xac, 0x37, 0xad,
    0x53, 0x36, 0xa5, 0x38, 0x00, 0xbb, 0x64, 0x34, 0xba, 0xb1, 0xf9, 0xae, 0xef, 0xb1, 0xdc, 0x37,
    0xc9, 0xb3, 0x07, 0x30, 0xa5, 0xb8, 0x31, 0x3c, 0x05, 0xb8, 0x77, 0x35, 0xbc, 0x36, 0xad, 0xb4,
    0x84, 0x41, 0x38, 0xbe, 0xa3, 0xb2, 0x89, 0x3e, 0x4a, 0x38, 0xd5, 0x30, 0x2d, 0xbc, 0xb8, 0xb6,
    0x7d, 0x3f, 0x0f, 0x3c, 0xa7, 0x3b, 0x97, 0xbe, 0x6f, 0xc0, 0x24, 0x35, 0x05, 0xbe, 0x23, 0x3c,
    0x11, 0xc0, 0x68, 0xc0, 0x44, 0x37, 0xe0, 0xb8, 0xb7, 0xbd, 0xc6, 0xbe, 0xcb, 0x3e, 0xe0, 0xb7,
    0xba, 0x38, 0x9f, 0x3c, 0x9c, 0x36, 0x5e, 0x2b, 0x47, 0xb7, 0xf2, 0x3d, 0x5e, 0x33, 0xe1, 0x3c,
    0x5c, 0xc0, 0x33, 0x3b, 0xfb, 0xb6, 0x1c, 0x3b, 0x20, 0x37, 0xca, 0x39, 0x61, 0xbb, 0xc7, 0x32,
    0xe9, 0xc0, 0x50, 0xb0, 0xd0, 0x3e, 0xb3, 0x3c, 0xfd, 0x34, 0x94, 0xbb, 0x3e, 0x30, 0x7b, 0x3a,
    0x15, 0xae, 0x41, 0x29, 0x1a, 0x2c, 0xd2, 0xb0, 0x0d, 0xa6, 0xdd, 0x31, 0xcb, 0xbd, 0x97, 0xb8,
    0x4f, 0x38, 0x5e, 0x34, 0x9e, 0xbc, 0x11, 0xb6, 0x2a, 0xbb, 0x8c, 0x3f, 0xb0, 0xb6, 0xc5, 0xbb,
    0x1a, 0x38, 0xe5, 0xaa, 0xf3, 0xb3, 0x7e, 0x3b, 0xa5, 0x36, 0xaa, 0xb7, 0xe9, 0x2e, 0x66, 0xb9,
    0xc7, 0x3c, 0x4f, 0x1d, 0xdc, 0x32, 0x4e, 0x3b, 0x70, 0xba, 0x21, 0x3b, 0xdc, 0x36, 0x66, 0xc0,
    0x39, 0x35, 0xb1, 0x3c, 0x1a, 0xb9, 0x2a, 0x3d, 0x06, 0xc0, 0xf0, 0xba, 0x0a, 0xb8, 0x03, 0xb1,
    0x3b, 0xa3, 0x47, 0xbf, 0x91, 0xb0, 0x85, 0x36, 0xfb, 0xb8, 0x91, 0x3c, 0xf9, 0xb4, 0x08, 0xbc,
    0xe4, 0xb7, 0x8b, 0x3c, 0x48, 0xae, 0x23, 0x2f, 0xbf, 0xbf, 0xcb, 0x38, 0xae, 0xb8, 0xfc, 0x31,
    0xac, 0xbd, 0xfb, 0xb5, 0xff, 0xbc, 0x52, 0xbe, 0x24, 0xaa, 0x40, 0x22, 0x31, 0x35, 0xdc, 0x38,
    0x28, 0x2a, 0xad, 0xaf, 0xbe, 0x3c, 0xcc, 0xbc, 0x76, 0x37, 0xd4, 0x38, 0x9b, 0xba, 0x3b, 0x32,
    0x4b, 0xb6, 0x65, 0xbb, 0x0f, 0xaf, 0xd3, 0xaf, 0xec, 0xb7, 0xb0, 0x3b, 0x8e, 0x31, 0x7a, 0xb0,
    0x7a, 0x36, 0x11, 0x3e, 0x3f, 0x3c, 0xea, 0xbb, 0x61, 0xbd, 0x00, 0xbb, 0x3f, 0x9c, 0x49, 0xb6,
    0x28, 0xb9, 0x9d, 0x31, 0xc8, 0x37, 0xd7, 0x40, 0xc3, 0x39, 0x3e, 0xbb, 0xea, 0xc1, 0x64, 0xbe,
    0xbf, 0xb7, 0x7b, 0x39, 0x14, 0x36, 0xb6, 0x40, 0xe8, 0xb5, 0x4f, 0xbe, 0xf5, 0xbd, 0x33, 0xbc,
    0x55, 0xbd, 0x33, 0xb1, 0xa1, 0x39, 0xf0, 0x35, 0x8d, 0x35, 0xcb, 0x35, 0x1d, 0x3e, 0xd7, 0x2e,
    0x5e, 0x26, 0xa2, 0x3c, 0x43, 0x23, 0x1f, 0x3b, 0x4e, 0x30, 0x05, 0xb2, 0x1b, 0x39, 0xac, 0x39,
    0xbe, 0xbb, 0xbe, 0x3d, 0x4f, 0xbe, 0x91, 0xb9, 0xc2, 0x3e, 0x70, 0xad, 0x5d, 0xb8, 0xd9, 0xbd,
    0xd4, 0xb8, 0x14, 0x2e, 0x10, 0xb4, 0x7e, 0xc1, 0x7a, 0xb0, 0x74, 0xb6, 0x5c, 0xbc, 0x6c, 0xbf,
    0x06, 0xbd, 0xf2, 0x31, 0x2c, 0x36, 0xb4, 0x37, 0x9b, 0xbf, 0xe6, 0xbb, 0x56, 0xbd, 0x6f, 0x31,
    0x76, 0xad, 0xfc, 0xb3, 0x4e, 0xb4, 0x15, 0xb6, 0x26, 0x3b, 0xa8, 0x35, 0x15, 0xb9, 0xf9, 0x3c,
    0x78, 0xb5, 0x98, 0x3a, 0x24, 0xb9, 0xa3, 0xbc, 0xdb, 0x3b, 0x11, 0x30, 0xda, 0xbd, 0xc4, 0x9a,
    0xaa, 0x2f, 0x50, 0x38, 0x07, 0xbc, 0xab, 0xbb, 0x9c, 0xba, 0x21, 0xb6, 0x2e, 0x3c, 0x17, 0x38,
    0x29, 0x3e, 0xef, 0x3d, 0x87, 0x35, 0x29, 0x3d, 0x99, 0xc0, 0x99, 0x39, 0x1d, 0x35, 0x84, 0x35,
    0x6d, 0xb6, 0x37, 0xbe, 0xef, 0xad, 0x91, 0x3d, 0xa5, 0x30, 0x68, 0xbc, 0xbb, 0xb6, 0xa9, 0x39,
    0x30, 0xbd, 0x41, 0xb7, 0x87, 0x3d, 0x85, 0xac, 0xcc, 0xb9, 0x89, 0xb7, 0x18, 0x35, 0x37, 0x3f,
    0x0a, 0x34, 0x41, 0x2d, 0x94, 0x38, 0x1e, 0xc0, 0x99, 0x3a, 0x95, 0x3c, 0x62, 0x38, 0x86, 0xb2,
    0x02, 0x3e, 0x3d, 0xb9, 0x81, 0x2b, 0xa9, 0xbc, 0x66, 0x3b, 0x9f, 0xb4, 0xe1, 0x41, 0xd5, 0xa0,
    0x9f, 0xbc, 0x60, 0x34, 0xcc, 0x3c, 0xb0, 0x3c, 0x92, 0xbb, 0x9d, 0xc2, 0x39, 0x33, 0xff, 0xb2,
    0x25, 0x3b, 0xd2, 0xba, 0xd7, 0x3c, 0x76, 0xb6, 0x9d, 0x39, 0x5c, 0x3c, 0xc8, 0x2d, 0x83, 0x35,
    0xcf, 0xbc, 0xc9, 0x3a, 0x28, 0xb8, 0x7b, 0x3b, 0xc4, 0x3f, 0xfe, 0xc0, 0x27, 0xb1, 0x5c, 0xb5,
    0xdb, 0x3f, 0xfb, 0xba, 0xd6, 0x3b, 0x8e, 0x2d, 0xd7, 0x33, 0x4f, 0x35, 0x39, 0x2b, 0x2d, 0x3c,
    0x0d, 0xb6, 0x35, 0xb2, 0x6a, 0x29, 0x1c, 0x31, 0x29, 0x3b, 0x50, 0x3e, 0x62, 0xab, 0xa5, 0xbb,
    0x14, 0xbb, 0x46, 0xb8, 0x79, 0x3b, 0xc2, 0xbf, 0x0d, 0x3d, 0x5c, 0xb1, 0x4c, 0xb9, 0xfb, 0x38,
    0x2d, 0x3b, 0xf7, 0xac, 0x99, 0xba, 0x2c, 0xb1, 0x6e, 0x3e, 0xb1, 0x3d, 0xbe, 0xba, 0x25, 0x36,
    0xd7, 0x36, 0x9d, 0x38, 0x09, 0xb5, 0xf2, 0xc1, 0x30, 0x30, 0x03, 0x41, 0x0c, 0x3c, 0xe6, 0xae,
    0x30, 0x38, 0x3b, 0xbf, 0x25, 0x3c, 0x74, 0xbc, 0x60, 0xb2, 0xef, 0xb2, 0xb5, 0xbb, 0xf5, 0x38,
    0x69, 0xbd, 0x94, 0xb1, 0x10, 0xb8, 0x3d, 0xaf, 0xab, 0x2c, 0x0b, 0x36, 0x01, 0xbd, 0xa0, 0xb5,
    0xb9, 0x3d, 0xb2, 0x31, 0xd9, 0x2d, 0x2e, 0x2f, 0xad, 0x34, 0x87, 0xb9, 0x19, 0x40, 0x23, 0xbc,
    0x40, 0xbc, 0x01, 0x39, 0x3a, 0x34, 0xe1, 0x3d, 0x32, 0xa9, 0xe9, 0xb9, 0xba, 0x39, 0x4a, 0x33,
    0xe3, 0x38, 0xb9, 0xbc, 0x81, 0x34, 0xc8, 0x3e, 0xcc, 0x3a, 0xe2, 0xc0, 0x47, 0xb7, 0x13, 0xb9,
    0xb7, 0xbc, 0x08, 0xb7, 0x95, 0x3b, 0x96, 0xbb, 0xfb, 0x3c, 0x1c, 0x38, 0xef, 0x30, 0x6f, 0xa7,
    0x43, 0x32, 0x50, 0x39, 0x8a, 0x39, 0x55, 0xba, 0x38, 0x3b, 0x0a, 0xbb, 0xbe, 0xbb, 0xef, 0x39,
    0x4d, 0xbd, 0x9c, 0xb1, 0x5c, 0x1f, 0xbb, 0xb5, 0xd4, 0x38, 0x35, 0x38, 0xc9, 0x3a, 0xd4, 0x3e,
    0x47, 0x3f, 0x31, 0xb6, 0x21, 0x35, 0x45, 0xb4, 0xd8, 0xba, 0x2d, 0xb6, 0x67, 0x3c, 0x60, 0x29,
    0xf1, 0x39, 0xcd, 0xba, 0xcc, 0x30, 0x99, 0x3a, 0x70, 0xbd, 0xd5, 0x39, 0xb0, 0x3b, 0x58, 0x3c,
    0xd5, 0xbe, 0x0f, 0xbf, 0xe2, 0xbd, 0xab, 0xab, 0x27, 0xbd, 0xf3, 0xbd, 0x95, 0xb7, 0x07, 0x3a,
    0x57, 0x2d, 0x13, 0x36, 0xb7, 0x37, 0x53, 0x3a, 0xa8, 0x2d, 0x64, 0x38, 0x74, 0x3e, 0x37, 0x3a,
    0x4a, 0xb4, 0x5e, 0xbb, 0x45, 0x34, 0x61, 0x3c, 0x3f, 0xb7, 0x71, 0xb5, 0xe8, 0x3c, 0x15, 0x3d,
    0x30, 0xba, 0x7d, 0xba, 0x65, 0x3f, 0x5c, 0xb7, 0x0d, 0x2e, 0x31, 0x38, 0x13, 0x23, 0xb3, 0xbe,
    0x0d, 0xbb, 0x6c, 0xbd, 0x4a, 0x2c, 0xbd, 0xbc, 0x47, 0xb2, 0x8c, 0x3c, 0xd3, 0xbb, 0x92, 0x38,
    0x10, 0xba, 0x45, 0x38, 0x76, 0x2e, 0xca, 0x33, 0x84, 0xbc, 0x7c, 0xbb, 0xd2, 0x39, 0x6e, 0x3d,
    0x65, 0x38, 0xa0, 0xb9, 0xbc, 0x3e, 0x6d, 0x39, 0xef, 0xbd, 0xd9, 0xb8, 0xf9, 0x3f, 0x32, 0xbe,
    0x01, 0xbe, 0x68, 0x3d, 0x9e, 0xb8, 0xf4, 0xb1, 0x1b, 0xbc, 0xdb, 0x3a, 0xb9, 0x3f, 0x7a, 0x31,
    0xfa, 0xc0, 0xf2, 0x33, 0x70, 0xbc, 0xe2, 0xb8, 0x63, 0x32, 0x02, 0x39, 0xf1, 0x3b, 0x6d, 0xba,
    0xd6, 0x37, 0x08, 0xbc, 0x6f, 0xba, 0x8d, 0x3c, 0x14, 0xb9, 0x6b, 0x3f, 0x93, 0xba, 0x71, 0xbc,
    0x18, 0xbb, 0x70, 0x41, 0xcf, 0xb8, 0xab, 0xb5, 0xb4, 0x3c, 0x88, 0xb4, 0x0a, 0xaf, 0x80, 0xad,
    0x57, 0x3f, 0x1d, 0x3a, 0x4c, 0x3e, 0x5c, 0x3f, 0x7c, 0x39, 0x9d, 0x29, 0xa6, 0x39, 0xad, 0xb7,
    0x6e, 0x3c, 0x75, 0xb1, 0x5d, 0x41, 0xfc, 0x9e, 0x77, 0x3a, 0x51, 0x3c, 0x6f, 0x3f, 0x15, 0xba,
    0x8e, 0xb9, 0xb5, 0xb8, 0x0c, 0x3a, 0x54, 0xb9, 0xc8, 0x35, 0x27, 0xbb, 0xf0, 0x3e, 0xf4, 0x38,
    0xa6, 0xb5, 0x11, 0xb9, 0x03, 0x40, 0xa5, 0x3f, 0x31, 0x39, 0xec, 0x3c, 0xe1, 0x35, 0x07, 0xbe,
    0x46, 0x37, 0x35, 0xbb, 0xef, 0xb9, 0x27, 0xbe, 0x01, 0xbe, 0x49, 0xba, 0x42, 0xb3, 0x7e, 0x3c,
    0x62, 0x39, 0x79, 0xb6, 0x19, 0x3c, 0x3b, 0x2d, 0xf8, 0x3a, 0x7d, 0x3c, 0x14, 0x38, 0xc6, 0x3c,
    0xaf, 0xbc, 0xff, 0x35, 0xab, 0x36, 0xd4, 0xbc, 0x4e, 0x32, 0x52, 0xba, 0xb7, 0xb4, 0xb6, 0xaf,
    0x29, 0xc0, 0x7b, 0xaa, 0xcf, 0x2b, 0x32, 0x3c, 0xfe, 0xb0, 0x0a, 0x3c, 0x20, 0x3c, 0x05, 0xbb,
    0xdd, 0x3e, 0x1a, 0x3c, 0x45, 0x33, 0x32, 0xba, 0x98, 0xc0, 0x67, 0xbc, 0x73, 0xb2, 0x57, 0x3b,
    0x11, 0xbc, 0x3a, 0x38, 0x17, 0xb0, 0xfb, 0x2e, 0x61, 0x2c, 0x9d, 0xb8, 0xd1, 0x3b, 0x5a, 0xb1,
    0x89, 0xb9, 0xf0, 0xb4, 0x2d, 0xbc, 0x6a, 0xb2, 0xc9, 0xbd, 0xc1, 0x3c, 0xb0, 0x3f, 0xc1, 0x3e,
    0x0d, 0x31, 0x7c, 0x2a, 0xfc, 0x37, 0x20, 0xbe, 0xc3, 0xbb, 0xf0, 0xbd, 0x92, 0xbc, 0xc6, 0xb7,
    0x4f, 0x39, 0x65, 0x39, 0x94, 0x3b, 0xed, 0xa7, 0x24, 0x3b, 0x19, 0xb8, 0xb9, 0x31, 0x16, 0x3e,
    0xac, 0x39, 0x0f, 0x32, 0x13, 0xbb, 0x78, 0x39, 0xb3, 0x3e, 0x37, 0xb8, 0x61, 0x35, 0x33, 0xb7,
    0x00, 0xbb, 0xa0, 0xbc, 0x15, 0x3c, 0x0c, 0x21, 0x6b, 0xb8, 0x87, 0x37, 0x14, 0xb8, 0xa8, 0xb9,
    0x15, 0xa8, 0x3c, 0xb8, 0x09, 0xb6, 0xe7, 0xb7, 0xaf, 0xc0, 0x79, 0xb0, 0x12, 0x38, 0xf5, 0x3d,
    0x08, 0xb3, 0x04, 0xbc, 0x1a, 0x37, 0x6b, 0xb4, 0x5b, 0xb9, 0xe4, 0xb8, 0x64, 0x38, 0x0f, 0xb6,
    0x9d, 0x3f, 0x32, 0x3d, 0xd4, 0xb8, 0x15, 0xb3, 0x48, 0xbe, 0x21, 0xab, 0x39, 0xb5, 0x0b, 0x3a,
    0x0e, 0x2a, 0xc2, 0xb8, 0xb4, 0xbd, 0x57, 0xb8, 0x33, 0xb7, 0x31, 0xb4, 0xb5, 0xbf, 0xde, 0xb6,
    0xfc, 0xb0, 0x01, 0x3b, 0x25, 0xbc, 0x8c, 0xb3, 0x9e, 0xad, 0x09, 0xb8, 0x4c, 0xc2, 0x6e, 0xb7,
    0xbb, 0xba, 0x29, 0x3e, 0x67, 0x3b, 0xc8, 0x32, 0xdc, 0xb0, 0x8e, 0xb8, 0xf9, 0xac, 0xb3, 0xb7,
    0xcd, 0xbc, 0xaa, 0x38, 0x50, 0x35, 0x23, 0xbe, 0xc8, 0xbf, 0xcd, 0xb9, 0x38, 0x3c, 0x98, 0xbd,
    0xa0, 0x3c, 0x9c, 0xb9, 0xf4, 0xb9, 0x46, 0x34, 0x31, 0xbc, 0x7c, 0xb6, 0xf1, 0x3a, 0xee, 0x3b,
    0xc3, 0x36, 0x4a, 0xba, 0x13, 0xbf, 0x94, 0xb4, 0x5e, 0xb5, 0xa1, 0xbd, 0xdd, 0x3b, 0xf4, 0x39,
    0x50, 0xba, 0x06, 0xbe, 0x20, 0x3e, 0x5d, 0x35, 0xc5, 0x32, 0xea, 0xb8, 0x1c, 0x3c, 0xbf, 0xb0,
    0xbd, 0xb5, 0x72, 0xc0, 0xb2, 0xb6, 0x2c, 0x3c, 0x58, 0x39, 0x42, 0xac, 0x8f, 0x37, 0x39, 0xbc,
    0x1d, 0xbc, 0xd6, 0x3c, 0x1d, 0x33, 0x9b, 0x38, 0x3f, 0x35, 0xf6, 0xbc, 0x11, 0xb2, 0x9b, 0xb5,
    0xb4, 0xa4, 0x52, 0xba, 0x1e, 0x3d, 0xa9, 0x37, 0x89, 0xb5, 0x38, 0xb8, 0x4b, 0xbd, 0xc7, 0x39,
    0x69, 0xb9, 0x5f, 0x3c, 0xa4, 0xbb, 0x35, 0x3b, 0x53, 0x3c, 0x82, 0xbd, 0x2a, 0xbe, 0xe5, 0x36,
    0x9e, 0xb8, 0x55, 0x3a, 0x9e, 0x3f, 0x12, 0xbf, 0x04, 0x31, 0x4d, 0x36, 0x2a, 0x3c, 0x30, 0x3d,
    0xc5, 0xbd, 0x71, 0xb5, 0x2e, 0x3c, 0x27, 0x39, 0xfb, 0x3a, 0xea, 0x3b, 0x6f, 0xbc, 0x14, 0xbc,
    0x57, 0xbd, 0x24, 0x39, 0x3c, 0x38, 0x92, 0xbd, 0xde, 0xb9, 0x5f, 0x3b, 0xbd, 0xac, 0x22, 0x3d,
    0x64, 0xba, 0x15, 0xb9, 0xe5, 0xbc, 0xe8, 0xbf, 0x48, 0xbe, 0x53, 0xb8, 0x11, 0x35, 0x76, 0xbb,
    0x62, 0x3b, 0xca, 0x3c, 0x92, 0x2d, 0xae, 0xbc, 0x64, 0xbd, 0x50, 0x3c, 0xce, 0xac, 0xd3, 0x33,
    0x25, 0x38, 0x41, 0x35, 0x14, 0x3c, 0x31, 0x3c, 0x98, 0x2e, 0x73, 0xb6, 0x74, 0x37, 0xef, 0x37,
    0xa9, 0x40, 0x9e, 0xac, 0x89, 0xba, 0x87, 0x22, 0x6e, 0x3b, 0xb3, 0x37, 0x7e, 0x3a, 0x33, 0xbb,
    0xfc, 0xbe, 0xaa, 0x39, 0x7d, 0x30, 0x48, 0x37, 0x26, 0xb2, 0x9f, 0xbc, 0x1e, 0x40, 0x68, 0x35,
    0xb1, 0x36, 0x17, 0xbc, 0x1a, 0x3a, 0x34, 0x3f, 0xa7, 0x3a, 0xf2, 0x3c, 0x28, 0xbd, 0x70, 0xbb,
    0x38, 0x2a, 0xc3, 0xbd, 0x40, 0xba, 0x88, 0xbe, 0x7b, 0x3d, 0x74, 0xc0, 0x9d, 0xb9, 0xc8, 0x38,
    0xa8, 0x3c, 0xec, 0x31, 0xdc, 0x38, 0xd8, 0x39, 0x55, 0x3e, 0x8f, 0xb4, 0x2d, 0xbc, 0x06, 0xc1,
    0x88, 0xb0, 0xbe, 0xb4, 0xaa, 0x32, 0x05, 0xbc, 0x01, 0xb5, 0x41, 0x34, 0xef, 0xb6, 0x73, 0x3b,
    0x70, 0xb9, 0x3f, 0xb3, 0x5c, 0x31, 0xe3, 0xb3, 0xec, 0xb4, 0x52, 0xbd, 0xbe, 0x39, 0x98, 0xb7,
    0xe6, 0xbd, 0xc2, 0xc0, 0x90, 0x39, 0xb2, 0x31, 0x6b, 0xb6, 0x98, 0xb7, 0x05, 0x31, 0x93, 0x31,
    0x2d, 0xbd, 0x56, 0x3d, 0xc9, 0x3c, 0x93, 0x39, 0x04, 0xbc, 0x9c, 0x34, 0x6b, 0xb9, 0x1f, 0x31,
    0xab, 0xbc, 0x57, 0x39, 0x1c, 0xb2, 0x66, 0x31, 0x56, 0xbb, 0x05, 0xb8, 0x55, 0x3e, 0xef, 0x3f,
    0x51, 0x3d, 0x46, 0xbb, 0x43, 0x2c, 0xd7, 0xb0, 0x59, 0xbc, 0x7d, 0xba, 0x23, 0x34, 0x54, 0x29,
    0xbb, 0x2b, 0xf3, 0x3b, 0x51, 0xbc, 0xc7, 0x38, 0xad, 0x28, 0x67, 0xa4, 0x2a, 0xb7, 0x07, 0x37,
    0x66, 0x39, 0x49, 0xbc, 0x89, 0x3c, 0x3e, 0x33, 0x70, 0xbd, 0x50, 0x2c, 0x7b, 0x3c, 0xa3, 0xbe,
    0xdd, 0xbe, 0xb2, 0x3b, 0x99, 0x3a, 0x28, 0x3d, 0x7d, 0x39, 0x21, 0x36, 0x83, 0xbb, 0x1e, 0x40,
    0x08, 0x3f, 0xef, 0xb9, 0x0b, 0x3b, 0xe1, 0x33, 0x59, 0xba, 0x1e, 0x3a, 0xd9, 0xb5, 0x97, 0x38,
    0xda, 0xb4, 0x14, 0x3d, 0x20, 0x3b, 0x5a, 0x35, 0xb3, 0x39, 0x23, 0xb7, 0x5d, 0x3d, 0x28, 0xb9,
    0xec, 0xbd, 0x08, 0x2c, 0xed, 0xb5, 0x2b, 0xba, 0x54, 0x31, 0x38, 0x3f, 0xee, 0x3e, 0x7d, 0xbf,
    0x91, 0x3c, 0x31, 0xb9, 0x80, 0xc0, 0xd4, 0xb6, 0x29, 0xc0, 0xf7, 0x3e, 0x11, 0x3a, 0x67, 0x39,
    0xce, 0x39, 0x89, 0xb2, 0x46, 0xb8, 0x09, 0xbe, 0x02, 0x40, 0x01, 0x3d, 0xfc, 0x3a, 0x6a, 0x3d,
    0x68, 0x3a, 0xd3, 0x3a, 0xfb, 0x39, 0x5a, 0xbb, 0x96, 0xb5, 0x97, 0xb1, 0xd4, 0x34, 0xdc, 0xb6,
    0x4e, 0xba, 0x55, 0xb9, 0x9f, 0x3e, 0xeb, 0x40, 0x99, 0xa6, 0xdd, 0x36, 0x3a, 0xba, 0xbe, 0xb4,
    0x84, 0x3a, 0x73, 0x37, 0x58, 0xc0, 0x4a, 0x41, 0x76, 0xb9, 0xe2, 0x3d, 0x84, 0x34, 0xf4, 0x39,
    0x4c, 0x38, 0x32, 0xb0, 0xbb, 0x38, 0xbe, 0x3e, 0x1b, 0xba, 0xd9, 0xbe, 0x6f, 0xad, 0xcb, 0xb7,
    0xd1, 0xb8, 0x2c, 0xbe, 0x98, 0x31, 0x29, 0xb4, 0x05, 0x3c, 0x28, 0x3c, 0x6f, 0x3e, 0x9e, 0x3c,
    0x83, 0x3b, 0xf3, 0xbc, 0x91, 0x30, 0xb1, 0xb8, 0x64, 0x3c, 0xc6, 0x38, 0xaf, 0xb6, 0x7e, 0xb7,
    0xc1, 0x3c, 0x75, 0x3d, 0xb0, 0xb9, 0x13, 0x40, 0x52, 0x36, 0x44, 0x39, 0xc1, 0xab, 0xa2, 0xb4,
    0x51, 0xb5, 0xf0, 0xbd, 0xb4, 0xb9, 0x2d, 0xbb, 0xca, 0x3d, 0x4e, 0xa7, 0xce, 0x3a, 0xa2, 0xbb,
    0x81, 0xbf, 0xcf, 0x3c, 0x99, 0x3c, 0x5d, 0xbc, 0x5d, 0xbd, 0x8f, 0xbc, 0x87, 0x3c, 0x81, 0xb6,
    0xa6, 0x3d, 0x5c, 0x3e, 0xe3, 0xb7, 0x33, 0x38, 0x8b, 0x3e, 0xb8, 0xb8, 0xff, 0xb8, 0xe0, 0x9f,
    0x4a, 0x3c, 0xe1, 0xb2, 0x38, 0xba, 0x80, 0x3b, 0xb4, 0x3c, 0xe3, 0xc0, 0xc8, 0x38, 0x40, 0xbc,
    0x87, 0xba, 0x05, 0xbe, 0x7e, 0xb3, 0x4e, 0xb4, 0x54, 0xbc, 0x5f, 0xa6, 0xa9, 0x2f, 0x01, 0x3b,
    0xc5, 0x3d, 0x66, 0xbc, 0x6d, 0x3a, 0xd1, 0xb8, 0xde, 0xba, 0x2b, 0xbd, 0x5b, 0xb0, 0x6b, 0x27,
    0x8d, 0xb9, 0xd8, 0xbc, 0x5a, 0x3e, 0xf6, 0xa6, 0x00, 0x40, 0xeb, 0xb4, 0xa4, 0x39, 0x22, 0xb3,
    0x75, 0x2b, 0xfb, 0x2e, 0xb9, 0x38, 0x45, 0xbe, 0x1f, 0xbc, 0x2e, 0xbb, 0x2c, 0x2f, 0xe8, 0x38,
    0xe5, 0xae, 0x5d, 0xb9, 0xd5, 0xb3, 0x4a, 0x38, 0xf2, 0xbc, 0x52, 0xac, 0x6e, 0xba, 0x3e, 0xb8,
    0x36, 0xb6, 0x38, 0xbc, 0x0f, 0xba, 0xb1, 0x30, 0xb3, 0xb8, 0x73, 0x35, 0x00, 0xb7, 0x79, 0xbd,
    0x01, 0xba, 0x29, 0xa1, 0x61, 0xb8, 0xe5, 0x3e, 0x14, 0x31, 0x0b, 0x38, 0x02, 0xc0, 0x50, 0xb8,
    0x3a, 0xba, 0x45, 0xb6, 0x24, 0x3a, 0x39, 0x3c, 0x48, 0xb7, 0x8e, 0x40, 0x95, 0x30, 0x37, 0x3c,
    0xa6, 0x38, 0x9e, 0x34, 0x15, 0xb0, 0x7e, 0x33, 0x9b, 0x3a, 0x0f, 0xb2, 0xaf, 0xba, 0xcb, 0x32,
    0xad, 0xb9, 0x3c, 0xbd, 0x05, 0xc0, 0x39, 0xbc, 0x37, 0xb9, 0x47, 0x39, 0x9e, 0x34, 0xa4, 0xbc,
    0x69, 0xb5, 0x53, 0x3c, 0x4c, 0xbc, 0xc7, 0xb9, 0x1a, 0x37, 0x1d, 0x30, 0xe0, 0x2f, 0xe6, 0x39,
    0x2e, 0x3c, 0x95, 0xb9, 0x1b, 0x3d, 0xe8, 0xbc, 0x86, 0xaf, 0xa1, 0xb5, 0xc2, 0x3a, 0xe5, 0xbe,
    0x71, 0xc0, 0xb2, 0xbc, 0x42, 0x34, 0xa8, 0x3c, 0x78, 0x3c, 0x2f, 0x96, 0xe5, 0x2e, 0xcd, 0xbb,
    0x8e, 0xba, 0xdb, 0x3c, 0xe4, 0xb2, 0x0c, 0x33, 0x6e, 0x3a, 0xab, 0x35, 0x35, 0x2b, 0x29, 0xbe,
    0x0d, 0x32, 0xd5, 0x3a, 0x47, 0x3e, 0x6c, 0x3c, 0xe2, 0x36, 0x64, 0xbb, 0x38, 0xb7, 0xad, 0x9d,
    0x91, 0x38, 0x7e, 0xbe, 0x4a, 0xbd, 0x10, 0x3b, 0xcd, 0xb4, 0x63, 0x3e, 0xd8, 0x3d, 0x8c, 0x3f,
    0xcd, 0x3d, 0x36, 0xbc, 0xb6, 0x3d, 0x92, 0xbd, 0x2f, 0xb5, 0xde, 0xb8, 0x5d, 0xbf, 0x85, 0x2f,
    0x6c, 0xb7, 0xae, 0x38, 0xa3, 0xb0, 0xb4, 0x3d, 0x4a, 0x30, 0xda, 0x41, 0x28, 0x3e, 0xac, 0x34,
    0x13, 0x31, 0x62, 0x29, 0xc7, 0xbb, 0x63, 0xb8, 0xca, 0x32, 0x3b, 0x39, 0x28, 0x39, 0xb5, 0x38,
    0x3b, 0x3a, 0x76, 0xc1, 0xa2, 0xb6, 0x7e, 0x40, 0xed, 0x34, 0x7e, 0xb4, 0xc5, 0xb7, 0xc4, 0x37,
    0xdc, 0xa6, 0x29, 0x34, 0x79, 0xbf, 0x05, 0xbc, 0xb7, 0xba, 0x3e, 0xba, 0xbb, 0xba, 0x72, 0xaa,
    0x54, 0xbc, 0x5b, 0xb9, 0x31, 0xb3, 0x48, 0x3d, 0x25, 0x36, 0xc1, 0xb6, 0x13, 0x2a, 0x9c, 0xb4,
    0x21, 0x40, 0x17, 0xb8, 0x3a, 0xbd, 0xc5, 0xc0, 0xa4, 0x38, 0xdd, 0x35, 0xb5, 0x38, 0xa6, 0x3d,
    0xdf, 0x3d, 0x35, 0x3e, 0xb6, 0x3b, 0x85, 0xbc, 0xcd, 0x3c, 0x64, 0xb2, 0x06, 0x3e, 0x18, 0x36,
    0x00, 0xc0, 0x58, 0x38, 0xbd, 0xb8, 0x1e, 0x38, 0x92, 0x3b, 0x47, 0xb2, 0xef, 0x3b, 0x96, 0x38,
    0xcd, 0xb8, 0xdc, 0x2d, 0x16, 0xc0, 0x6d, 0x3b, 0x5a, 0x3b, 0x2e, 0x3c, 0x02, 0xba, 0x9a, 0xb7,
    0x51, 0x35, 0x53, 0x38, 0x51, 0x34, 0x22, 0xc4, 0x55, 0xb9, 0xde, 0x31, 0x7f, 0xb9, 0x35, 0xb8,
    0x11, 0xb9, 0x1e, 0x9c, 0x1d, 0x3e, 0xda, 0x35, 0x06, 0x3c, 0xb5, 0x3b, 0x8d, 0xbc, 0x3e, 0x3c,
    0x39, 0xa9, 0x53, 0x3c, 0x60, 0x34, 0x3e, 0xbc, 0xb5, 0x3c, 0xce, 0xb2, 0x4c, 0x3f, 0x1d, 0x28,
    0x0f, 0xb8, 0x8f, 0x39, 0x59, 0xb2, 0xb8, 0x38, 0x2f, 0xbd, 0xb6, 0x3a, 0x4c, 0xb8, 0x02, 0xa9,
    0x4c, 0xc0, 0x56, 0xc0, 0xd6, 0xb9, 0xd6, 0xb9, 0x53, 0x40, 0xd7, 0x39, 0x06, 0xbf, 0xf8, 0xb4,
    0xb0, 0x39, 0xae, 0x2b, 0x70, 0x34, 0xae, 0xbb, 0x94, 0xbc, 0x92, 0xbd, 0xc0, 0xbc, 0x52, 0xbd,
    0x16, 0xb5, 0x0f, 0xbc, 0x98, 0x2b, 0x1d, 0xb7, 0x16, 0xbe, 0xa7, 0x38, 0x2a, 0xbf, 0x50, 0x31,
    0x39, 0x3b, 0x39, 0xb9, 0xd6, 0x28, 0x6c, 0xb4, 0x86, 0xac, 0xad, 0x3f, 0xac, 0x38, 0xfe, 0xbb,
    0xcf, 0x32, 0xb5, 0x2c, 0x6e, 0xba, 0xd7, 0xb2, 0x48, 0x33, 0x28, 0xbc, 0x25, 0xbc, 0xc0, 0xb2,
    0x55, 0xb7, 0xc1, 0x3f, 0x0f, 0x39, 0x99, 0xba, 0x04, 0x3b, 0x96, 0xbc, 0xff, 0xb0, 0x8c, 0xbb,
    0xe1, 0xb3, 0xb8, 0x3e, 0x2d, 0x39, 0x18, 0x40, 0x60, 0xbc, 0x29, 0x2d, 0x94, 0xb1, 0x08, 0x37,
    0x19, 0x38, 0x2d, 0xb3, 0xfa, 0xb5, 0xf2, 0xba, 0x7e, 0x3a, 0x92, 0x38, 0x32, 0x24, 0x8e, 0x37,
    0x72, 0x30, 0x60, 0x39, 0x68, 0xbb, 0x1d, 0x3d, 0x4f, 0xc0, 0xef, 0xbb, 0x75, 0x3c, 0xb1, 0x36,
    0x36, 0x3c, 0x9a, 0x3d, 0xfe, 0x36, 0xe4, 0xbd, 0x75, 0x37, 0x6f, 0xac, 0xed, 0xbd, 0x3b, 0x3c,
    0xcf, 0x39, 0x3d, 0x2d, 0x99, 0xb8, 0xaa, 0xb9, 0xe1, 0xb9, 0x51, 0x39, 0x03, 0x40, 0xbe, 0x2e,
    0x75, 0x3c, 0x73, 0x3a, 0xf8, 0x3d, 0x66, 0x33, 0x37, 0x3c, 0x16, 0x32, 0x40, 0xbb, 0x85, 0xbc,
    0x69, 0xb7, 0xe5, 0x83, 0xc1, 0xbd, 0x6e, 0xb7, 0x2e, 0xbb, 0x87, 0x37, 0x11, 0xb7, 0x51, 0x3b,
    0x1b, 0x3a, 0x4f, 0xb1, 0xf4, 0x40, 0x49, 0x31, 0x78, 0x33, 0xa5, 0x38, 0xe4, 0xb6, 0xad, 0x30,
    0x96, 0x2c, 0xb8, 0x3d, 0xa2, 0xba, 0x94, 0xad, 0x32, 0x3a, 0xb7, 0x3c, 0x0a, 0xb6, 0xd5, 0x3e,
    0xd3, 0x3d, 0x54, 0x33, 0x8c, 0xb8, 0xf3, 0x3c, 0xd8, 0xb5, 0x2a, 0xb9, 0x95, 0x3a, 0x25, 0xc1,
    0x10, 0xb5, 0x16, 0xb4, 0xac, 0xba, 0x64, 0xb0, 0x6c, 0xa9, 0x15, 0xb9, 0x35, 0x3a, 0x4d, 0x35,
    0xd8, 0xb0, 0xbd, 0xbd, 0x2a, 0x3c, 0x42, 0x3c, 0x25, 0x3a, 0xad, 0x3a, 0x31, 0xb7, 0x3f, 0x35,
    0x1b, 0x31, 0x10, 0x33, 0xab, 0x35, 0x58, 0xb4, 0x48, 0xb4, 0xb2, 0xbf, 0x83, 0xbb, 0x39, 0xba,
    0xe8, 0xb3, 0x19, 0xbc, 0x7d, 0xbc, 0x62, 0xb7, 0xa3, 0x3c, 0x23, 0x3c, 0xa7, 0xb8, 0x20, 0x22,
    0x7a, 0xb5, 0x11, 0x37, 0x60, 0x40, 0xe2, 0x35, 0x63, 0xbb, 0x4f, 0xb3, 0xbc, 0xb6, 0xa5, 0xba,
    0xdd, 0xba, 0x60, 0xb9, 0xbd, 0xb4, 0xa2, 0xbc, 0xef, 0xbd, 0xd5, 0xbd, 0x43, 0x37, 0x05, 0xb1,
    0x0d, 0x3e, 0x53, 0xb9, 0x8e, 0x3c, 0x9d, 0x41, 0x8d, 0xad, 0xed, 0x31, 0x9a, 0x35, 0x69, 0xbe,
    0x7c, 0xbc, 0x6d, 0xb8, 0xb9, 0xbb, 0xe2, 0xb2, 0xe7, 0xbd, 0x4b, 0x39, 0x70, 0x3d, 0x54, 0xb3,
    0xe1, 0xb0, 0x5e, 0x9e, 0x2a, 0xbf, 0xfb, 0x3c, 0xa6, 0x3a, 0x31, 0xbc, 0xee, 0xa6, 0x57, 0xb8,
    0x44, 0xb9, 0xbd, 0x37, 0x42, 0x38, 0x88, 0xb5, 0x7b, 0x36, 0xe2, 0x3e, 0x8c, 0x36, 0xb7, 0x3e,
    0x56, 0x3b, 0x02, 0xbc, 0x03, 0x3e, 0x29, 0x37, 0x67, 0x2c, 0xa9, 0x3d, 0xf9, 0x3a, 0x42, 0x3c,
    0xf8, 0xb4, 0x0c, 0x3a, 0x27, 0x39, 0x0d, 0x34, 0x8e, 0x3c, 0x22, 0xb2, 0x3c, 0xbc, 0x44, 0xb8,
    0x8e, 0x39, 0xb9, 0x39, 0xd0, 0xb8, 0xfc, 0x3c, 0x8c, 0x38, 0x37, 0x36, 0x8c, 0x3b, 0xb7, 0x34,
    0xf9, 0x3e, 0x24, 0x36, 0x23, 0x39, 0x49, 0x3e, 0x05, 0x2e, 0xd2, 0x34, 0x0e, 0xbb, 0x98, 0x3b,
    0x02, 0xaf, 0x0b, 0x34, 0xdb, 0xba, 0x37, 0x3e, 0xdd, 0x36, 0x3f, 0x33, 0xed, 0xbd, 0x95, 0x3f,
    0xea, 0xb7, 0x9e, 0xba, 0x76, 0x39, 0xe7, 0xb8, 0xf0, 0x3a, 0xd5, 0xb5, 0x84, 0xbc, 0x3b, 0x3b,
    0xe2, 0xba, 0x71, 0x38, 0xb2, 0x39, 0xdb, 0xc1, 0x3f, 0xc0, 0x0e, 0xb6, 0xf4, 0xb9, 0x75, 0x39,
    0xc6, 0x35, 0x9d, 0xb8, 0x23, 0xb5, 0x57, 0x39, 0xc7, 0xbb, 0x76, 0xb9, 0x00, 0xba, 0xef, 0x34,
    0xfa, 0xb9, 0xe3, 0xbe, 0x28, 0x3c, 0x2a, 0xbd, 0xe5, 0x23, 0xa7, 0xb0, 0x4b, 0xbc, 0x04, 0xae,
    0x2b, 0x3d, 0xa9, 0x3d, 0xcc, 0x34, 0xed, 0x3a, 0xc3, 0x38, 0xb5, 0x37, 0x22, 0xb9, 0x44, 0xba,
    0xc1, 0xbe, 0x55, 0x28, 0x1d, 0xb5, 0xfb, 0x38, 0x41, 0x3c, 0xc2, 0xb8, 0xc2, 0x3d, 0x48, 0x3a,
    0x5e, 0xbc, 0x89, 0x39, 0x19, 0xb8, 0x3e, 0xbe, 0x01, 0x3f, 0x7e, 0xc0, 0xae, 0x38, 0xbb, 0xb6,
    0xa7, 0xbe, 0x16, 0x35, 0x6c, 0x3d, 0xc5, 0x37, 0xef, 0x3c, 0x5a, 0xae, 0x1a, 0x37, 0xdf, 0x38,
    0x51, 0xb1, 0x80, 0x2d, 0x0e, 0x3c, 0x05, 0xbc, 0x0b, 0x39, 0x36, 0x3b, 0x2f, 0xb6, 0x51, 0xbc,
    0xc5, 0xb2, 0xf1, 0xbc, 0x70, 0xb3, 0x2c, 0xb8, 0x79, 0xb8, 0x07, 0x3c, 0x9c, 0xb8, 0x2e, 0x38,
    0x55, 0x3e, 0x6f, 0x39, 0x3c, 0xbd, 0x45, 0xb6, 0xf7, 0xb7, 0x01, 0x3c, 0xd0, 0xb9, 0x46, 0x32,
    0x61, 0xba, 0xd5, 0x36, 0x59, 0xbc, 0x5c, 0xb4, 0x5b, 0x3a, 0x32, 0xbb, 0xc1, 0xbc, 0xb9, 0x3c,
    0xb4, 0x3e, 0x11, 0xba, 0x60, 0x3c, 0xe2, 0xb9, 0x72, 0x33, 0x5a, 0x41, 0x81, 0xba, 0x80, 0xb3,
    0xfe, 0xbc, 0xc0, 0xbf, 0x14, 0xc1, 0x2f, 0x33, 0x84, 0x3c, 0xf2, 0xb3, 0x9b, 0x34, 0xf7, 0xad,
    0x5f, 0xb9, 0x8c, 0x35, 0x7e, 0x3c, 0x89, 0xb5, 0xc3, 0x36, 0xb3, 0xbf, 0xb1, 0xbc, 0x0c, 0x25,
    0x44, 0xb9, 0x11, 0x31, 0x0e, 0xb8, 0x79, 0xbc, 0x00, 0xbe, 0x85, 0xb0, 0xc3, 0xb9, 0x32, 0xbd,
    0xea, 0x33, 0x8b, 0xb6, 0x82, 0x3a, 0xc3, 0xb9, 0x78, 0x3d, 0xce, 0x3b, 0x5c, 0xc0, 0x25, 0xbe,
    0xfb, 0xb3, 0x02, 0xb4, 0x2c, 0xb2, 0x0e, 0xc0, 0x65, 0x32, 0x1f, 0x3c, 0xc0, 0x39, 0x83, 0x3f,
    0x18, 0x38, 0x90, 0x3c, 0x63, 0xbc, 0x90, 0xba, 0x58, 0xba, 0x98, 0x3b, 0x84, 0x38, 0x95, 0x33,
    0x53, 0xae, 0x86, 0xb5, 0x08, 0x32, 0x0e, 0x3a, 0x7d, 0xb9, 0x73, 0xbc, 0xc1, 0x36, 0xa8, 0xba,
    0xe7, 0x2b, 0x30, 0x40, 0xbf, 0x3b, 0x7c, 0x3e, 0xe3, 0xb0, 0x8e, 0x3d, 0x35, 0x3f, 0x1f, 0xbc,
    0x37, 0xb4, 0xc9, 0xb6, 0x22, 0x3a, 0x7c, 0x38, 0x73, 0xbd, 0x56, 0x3b, 0xc9, 0xb9, 0xa5, 0xc0,
    0x88, 0xbe, 0x57, 0xbc, 0xeb, 0xbd, 0x7f, 0x37, 0x36, 0x40, 0x34, 0x3f, 0xd5, 0xad, 0x8c, 0x3b,
    0x91, 0xb9, 0x60, 0xbc, 0xb3, 0x33, 0x0b, 0xbd, 0xbe, 0x36, 0xf9, 0x3c, 0x36, 0x3c, 0x82, 0xbb,
    0x62, 0x33, 0x5c, 0x3d, 0x1f, 0xb6, 0xdc, 0xbd, 0x00, 0x35, 0xe4, 0xbc, 0xb6, 0x35, 0x3e, 0xb9,
    0x2f, 0x35, 0x87, 0xba, 0x09, 0x40, 0xad, 0xac, 0x7d, 0xbd, 0x92, 0xb8, 0x9b, 0xb9, 0xe6, 0x9d,
    0x85, 0x3b, 0x91, 0xbd, 0x09, 0x2c, 0xaf, 0x40, 0xe0, 0xbe, 0xeb, 0xb5, 0x86, 0x3a, 0x22, 0x3b,
    0xbf, 0xba, 0x7f, 0x38, 0xe2, 0x39, 0x9b, 0xb6, 0x11, 0x38, 0xcb, 0x3f, 0x9c, 0x3e, 0xfa, 0xba,
    0x99, 0xb5, 0x4b, 0xbc, 0x3f, 0xbd, 0x08, 0x39, 0x37, 0xb1, 0x34, 0xc0, 0x7e, 0x38, 0x27, 0xa8,
    0x41, 0xba, 0x28, 0xbc, 0xfb, 0x31, 0x03, 0x30, 0xa2, 0xb8, 0x15, 0x3c, 0x04, 0xbc, 0x7b, 0xb4,
    0x17, 0x34, 0xcc, 0x21, 0xe8, 0x36, 0x41, 0xb6, 0xd9, 0x30, 0xf5, 0x3a, 0xf7, 0xb2, 0x0c, 0x3a,
    0x0a, 0xbe, 0x81, 0xbe, 0x17, 0xbd, 0x1d, 0x35, 0x02, 0xc0, 0x7c, 0xb0, 0x1d, 0x38, 0x2f, 0xb7,
    0xb1, 0xbc, 0xbf, 0x3c, 0x7c, 0xbe, 0x50, 0x30, 0x04, 0xb8, 0xa9, 0x3a, 0xf1, 0x3b, 0x37, 0x3e,
    0xe9, 0xae, 0x2a, 0xb7, 0x76, 0xbc, 0x26, 0xbb, 0x01, 0x3a, 0x00, 0x39, 0xc8, 0x3a, 0xfd, 0x30,
    0x8d, 0xbe, 0x80, 0x3c, 0xf1, 0x38, 0x02, 0x30, 0x5f, 0xba, 0x3b, 0x39, 0xee, 0x40, 0xf3, 0xbb,
    0x5b, 0x40, 0x12, 0x40, 0x1f, 0xba, 0x68, 0x2e, 0xb1, 0x36, 0x39, 0xbe, 0x58, 0x35, 0x17, 0xbf,
    0x04, 0xbb, 0x68, 0x39, 0xbe, 0x27, 0xb5, 0xb7, 0xa3, 0xb4, 0x49, 0xb5, 0xd4, 0x3c, 0x5b, 0xb7,
    0x64, 0x3a, 0x4f, 0x3c, 0x6c, 0x25, 0x24, 0x40, 0xfd, 0xbc, 0xe8, 0xb8, 0xb2, 0x2e, 0xe0, 0x33,
    0xd2, 0x38, 0xfb, 0xba, 0xf4, 0xad, 0xf9, 0xb2, 0xc6, 0xb4, 0xe5, 0x3e, 0x4d, 0x33, 0xa9, 0xb6,
    0x75, 0x3c, 0x15, 0x33, 0x82, 0xc0, 0xda, 0xc0, 0x6a, 0xbe, 0x8e, 0xb6, 0xe8, 0xb4, 0xa6, 0x3b,
    0x5f, 0x36, 0xfc, 0x3b, 0x4b, 0x3c, 0x58, 0x3c, 0xc9, 0xb2, 0x31, 0xb8, 0x77, 0x3c, 0xe9, 0x3b,
    0x90, 0xa0, 0x46, 0xbc, 0x1b, 0x30, 0x7b, 0x39, 0x90, 0xb8, 0x34, 0xbd, 0xdd, 0x2b, 0x39, 0xb0,
    0x16, 0x2a, 0x8b, 0x36, 0xcd, 0xb6, 0x5e, 0xb4, 0xb5, 0x32, 0x3d, 0x37, 0xe7, 0xbd, 0x0c, 0x3c,
    0x1c, 0x31, 0x54, 0xb4, 0xf9, 0x3a, 0xff, 0xbb, 0x1d, 0x3e, 0x83, 0xb4, 0x99, 0x38, 0x88, 0x3a,
    0x20, 0x37, 0xde, 0xbe, 0xaa, 0x3f, 0xd5, 0x3d, 0x5d, 0x39, 0x04, 0xb3, 0x40, 0x38, 0x98, 0xba,
    0x6a, 0x2c, 0x6e, 0x36, 0xed, 0xb9, 0xc0, 0x3c, 0x0e, 0xbc, 0x2c, 0x1f, 0xdc, 0xbd, 0x74, 0x37,
    0x0d, 0xb3, 0xbf, 0xb6, 0x13, 0xbe, 0xa3, 0xbe, 0x55, 0x3f, 0x76, 0x2c, 0x36, 0x3a, 0xff, 0xc0,
    0x52, 0x3a, 0xff, 0x3d, 0x23, 0xc0, 0x08, 0x3d, 0x13, 0x39, 0x7c, 0x39, 0xe8, 0x31, 0xc6, 0x3b,
    0xe8, 0xbc, 0x20, 0x41, 0x86, 0xb0, 0xff, 0x34, 0xac, 0x36, 0xd0, 0xba, 0xd5, 0xb4, 0xf0, 0x3a,
    0x1e, 0xb4, 0xdd, 0xb2, 0xb4, 0x2e, 0xfa, 0xbe, 0x59, 0x38, 0xd1, 0x31, 0x69, 0x3c, 0xf2, 0xac,
    0x67, 0xc0, 0x4a, 0xb6, 0x08, 0x30, 0xef, 0x38, 0x41, 0xb8, 0x20, 0x3c, 0x28, 0xae, 0x21, 0x3b,
    0xad, 0x3e, 0x29, 0x38, 0x53, 0xbf, 0x53, 0x3f, 0x88, 0xaa, 0x9f, 0xbe, 0x02, 0xa9, 0xb2, 0xa4,
    0x8b, 0x38, 0xfa, 0x3c, 0x81, 0xb8, 0xda, 0xba, 0x8d, 0xba, 0x74, 0xb3, 0x87, 0x34, 0x94, 0x37,
    0xcf, 0xb1, 0xb9, 0xb7, 0x51, 0x3d, 0xd0, 0x34, 0x1c, 0x37, 0xb4, 0x3a, 0x1e, 0xbd, 0x71, 0xae,
    0x9d, 0xb4, 0x1e, 0x34, 0x4c, 0x38, 0x8f, 0xbd, 0x04, 0xb5, 0x8a, 0x3c, 0x00, 0xa7, 0x45, 0xbc,
    0xa6, 0xb4, 0x03, 0xbc, 0x75, 0x3f, 0x33, 0xbc, 0x7f, 0xc0, 0x54, 0x36, 0x6c, 0x3c, 0x80, 0x36,
    0x57, 0x2e, 0xed, 0x3b, 0xce, 0x3c, 0xee, 0xbe, 0xfd, 0x34, 0x6f, 0xb1, 0x4d, 0xb6, 0x3b, 0x38,
    0x23, 0xb4, 0x44, 0x3f, 0x39, 0x3b, 0x94, 0x3f, 0x8d, 0xbe, 0xc4, 0xbc, 0xf4, 0x2f, 0xf6, 0x3a,
    0xcf, 0x3c, 0xd6, 0x3d, 0xd2, 0xbc, 0x7b, 0xbe, 0xed, 0x3d, 0xec, 0x36, 0xe7, 0x2e, 0x33, 0x24,
    0x7b, 0x36, 0x34, 0xb8, 0xb5, 0xb4, 0xbd, 0x35, 0x5d, 0x38, 0xf7, 0xaf, 0x0f, 0x3e, 0x38, 0xa8,
    0xa9, 0x2c, 0x32, 0xbf, 0x76, 0x38, 0x45, 0xb5, 0x5e, 0x3d, 0x83, 0x2c, 0xb6, 0x38, 0x38, 0xbf,
    0x44, 0xac, 0xe8, 0x36, 0x78, 0x2e, 0x65, 0x3d, 0x29, 0xc0, 0x59, 0x33, 0x02, 0xb4, 0x49, 0xbd,
    0x67, 0xbc, 0x3e, 0x3c, 0x47, 0xbc, 0xe5, 0xbe, 0x3b, 0x41, 0xc1, 0x41, 0x6a, 0x3c, 0x3f, 0xb7,
    0xd9, 0x3d, 0x14, 0xbe, 0x90, 0x3a, 0x42, 0xbc, 0x23, 0xb7, 0xe0, 0x38, 0xa4, 0xbd, 0x6b, 0x38,
    0x04, 0x3c, 0xe6, 0x40, 0xc2, 0x34, 0x6d, 0x2e, 0x16, 0x3c, 0x96, 0xb6, 0x5e, 0x3c, 0x20, 0x30,
    0x8f, 0x21, 0xff, 0xbd, 0xe5, 0xbb, 0x2e, 0xbe, 0xf7, 0xb5, 0xbc, 0xb5, 0x02, 0x35, 0xe3, 0x3c,
    0xbe, 0x38, 0xcc, 0xaa, 0x8d, 0x35, 0xce, 0xad, 0x52, 0xb8, 0x38, 0xb7, 0x46, 0x32, 0x75, 0xa8,
    0xed, 0xbd, 0xa5, 0xb9, 0xa6, 0xbd, 0x23, 0x2f, 0xa6, 0xbf, 0x42, 0xb8, 0x7b, 0xb3, 0x2b, 0x3b,
    0xcc, 0xab, 0x60, 0x37, 0x58, 0x3f, 0x76, 0xbc, 0xd3, 0x35, 0x2e, 0x3c, 0x3f, 0x39, 0x9b, 0xbc,
    0xac, 0xb8, 0x6c, 0x3d, 0x96, 0xb2, 0xd3, 0x32, 0xef, 0x37, 0xda, 0xbc, 0x95, 0x3b, 0xf2, 0xb2,
    0x99, 0xb3, 0x32, 0x34, 0xee, 0xb6, 0xf8, 0x3c, 0x87, 0x37, 0x65, 0xbb, 0x8e, 0xbc, 0xcd, 0x3b,
    0x1d, 0xb5, 0x56, 0x2e, 0x5b, 0x36, 0x0d, 0x32, 0x39, 0xb9, 0x47, 0xb9, 0x38, 0xbc, 0x7e, 0x3d,
    0x9e, 0xbd, 0x02, 0xbb, 0xfb, 0x3b, 0xe8, 0x39, 0x88, 0xbc, 0x3a, 0xaf, 0xce, 0x38, 0x00, 0x38,
    0x90, 0xb7, 0x43, 0x37, 0xaf, 0x3e, 0xd0, 0x3c, 0xc7, 0x3b, 0xd3, 0xae, 0x6f, 0xbb, 0x07, 0x3b,
    0xa3, 0xb7, 0xdf, 0xb9, 0x41, 0x2e, 0x43, 0x3c, 0xdd, 0xad, 0x24, 0xb4, 0x75, 0x3e, 0xbb, 0x34,
    0x22, 0xba, 0x72, 0xbe, 0xf9, 0xc0, 0x52, 0x37, 0x4a, 0xb8, 0x47, 0xb9, 0xe9, 0xbd, 0x55, 0x39,
    0x49, 0xbb, 0xf5, 0xbf, 0x79, 0xb8, 0xe2, 0xb7, 0x84, 0x3c, 0x7c, 0x35, 0x29, 0xb9, 0xa0, 0xba,
    0x09, 0xb0, 0x70, 0xbd, 0x17, 0xb3, 0x06, 0xba, 0x5e, 0xbd, 0x1c, 0x34, 0x43, 0xb6, 0x44, 0x2c,
    0x98, 0xaf, 0x71, 0x3d, 0xca, 0x3c, 0xb5, 0x3a, 0x12, 0xc1, 0x33, 0xb1, 0xda, 0x35, 0x4f, 0x3d,
    0x7d, 0xb6, 0xf0, 0xbd, 0x7b, 0x2f, 0x5e, 0x39, 0x71, 0x3b, 0x13, 0x2a, 0x5b, 0x3c, 0xeb, 0xbf,
    0xcd, 0xb9, 0x89, 0x3c, 0xd7, 0xbb, 0x46, 0x3a, 0xc0, 0x3c, 0x01, 0x3a, 0x69, 0xb0, 0xa6, 0x35,
    0xc6, 0x31, 0x70, 0x36, 0x5a, 0xb0, 0x6a, 0x32, 0x0d, 0xba, 0x89, 0x40, 0x89, 0xb0, 0xc4, 0x35,
    0x78, 0xba, 0xcd, 0x3c, 0xab, 0x3c, 0x9f, 0xb9, 0x51, 0x3d, 0x10, 0x39, 0x20, 0xbc, 0x55, 0xb8,
    0x04, 0x24, 0xe9, 0x3d, 0x2d, 0x33, 0xb9, 0xb4, 0x1d, 0x3b, 0x6f, 0xb7, 0xbf, 0xae, 0x0a, 0xc1,
    0x84, 0x38, 0x7c, 0xbe, 0x59, 0x3c, 0xd8, 0x3c, 0x4d, 0xb5, 0x1d, 0xbd, 0x06, 0xb0, 0x74, 0x30,
    0x35, 0x3c, 0xe6, 0xb9, 0x64, 0x2b, 0xa7, 0xb4, 0x48, 0xbc, 0xdb, 0x2b, 0xc8, 0xb7, 0x36, 0x30,
    0x73, 0x35, 0x3d, 0xbb, 0xf1, 0x3c, 0xde, 0xbb, 0x35, 0xbe, 0x3d, 0xb3, 0x15, 0xbf, 0xb2, 0x37,
    0x0d, 0xbd, 0xf3, 0x33, 0x47, 0xbd, 0x16, 0x3c, 0x6a, 0xbb, 0x73, 0x3e, 0xcf, 0x3d, 0xa5, 0x3d,
    0xa7, 0xb7, 0xbc, 0xb6, 0x31, 0xb7, 0x29, 0x07, 0xe3, 0x3c, 0xc7, 0x39, 0x61, 0x3e, 0xbd, 0x39,
    0xe8, 0x38, 0xb7, 0x3b, 0x27, 0xbc, 0xd4, 0xb3, 0xf5, 0x34, 0xcc, 0xbd, 0x8d, 0x33, 0xa7, 0x2d,
    0xf5, 0xb3, 0x83, 0xb9, 0x97, 0x3a, 0x9d, 0xbd, 0x89, 0x40, 0xca, 0xb8, 0x07, 0x36, 0xe2, 0xb5,
    0x27, 0x1c, 0x0a, 0x33, 0x13, 0xbc, 0xde, 0xb9, 0xf8, 0x34, 0x45, 0x3c, 0x82, 0xb7, 0x88, 0xb3,
    0xfe, 0xb9, 0x5d, 0xb8, 0xf7, 0xb8, 0x2d, 0x3a, 0xcd, 0x39, 0x46, 0xb9, 0x11, 0xbe, 0x3a, 0x3d,
    0xaf, 0x2e, 0xca, 0xc0, 0xfc, 0x3b, 0xa8, 0x2f, 0x39, 0xb2, 0x78, 0x36, 0x03, 0xbc, 0x2d, 0xbe,
    0x23, 0xb5, 0x6a, 0xbd, 0x60, 0xc0, 0x02, 0x3c, 0x0c, 0xb7, 0x6a, 0x3d, 0x44, 0x3d, 0x11, 0xb8,
    0x90, 0xba, 0x62, 0x41, 0x29, 0xba, 0x4c, 0x3c, 0x02, 0xb9, 0x1d, 0x38, 0xaf, 0xc0, 0x66, 0x3e,
    0x07, 0xbb, 0x16, 0xbe, 0x7c, 0xb0, 0x63, 0x3e, 0x67, 0xb6, 0xea, 0x39, 0x60, 0x3d, 0x80, 0xba,
    0x77, 0xbf, 0x5e, 0x1a, 0x15, 0xbc, 0xce, 0xb8, 0x3f, 0xb3, 0x10, 0x38, 0xaa, 0xb4, 0xa7, 0x3c,
    0x1d, 0xc0, 0xf7, 0xb8, 0x52, 0x3e, 0x15, 0x30, 0x10, 0xbc, 0x2b, 0xbd, 0xe8, 0x35, 0xd0, 0xb5,
    0xfb, 0xb4, 0x5e, 0xac, 0x15, 0x3c, 0xfb, 0x38, 0x7d, 0xbd, 0x29, 0x3b, 0x6a, 0x30, 0xd4, 0xb8,
    0xd4, 0x38, 0x5f, 0x2e, 0xfa, 0xb0, 0x8f, 0xbc, 0x0c, 0x3d, 0x67, 0x3a, 0x11, 0x40, 0xaf, 0x38,
    0x91, 0x33, 0xd1, 0xbb, 0x63, 0x31, 0xc4, 0xba, 0xbd, 0xb9, 0xe2, 0x38, 0x01, 0xb5, 0xc8, 0xbe,
    0x20, 0x37, 0x61, 0x3f, 0x9b, 0x40, 0xeb, 0x3b, 0xbe, 0xb9, 0x47, 0xb4, 0x3b, 0x3b, 0xc8, 0xbe,
    0x18, 0xb8, 0x96, 0x34, 0x48, 0x39, 0x3a, 0xc1, 0x16, 0xb5, 0x79, 0x39, 0xca, 0xba, 0x92, 0xb5,
    0xe8, 0x3c, 0xae, 0x3d, 0x82, 0xba, 0x33, 0x3f, 0xe8, 0x35, 0x45, 0x3d, 0xa8, 0xbd, 0x9e, 0x40,
    0x1c, 0xc0, 0xe5, 0xb7, 0x53, 0xb2, 0x16, 0x3e, 0xc3, 0x34, 0x9e, 0x3e, 0x3a, 0x3d, 0x55, 0x3c,
    0x4a, 0x3c, 0x67, 0x39, 0x36, 0x3c, 0x3c, 0x38, 0x6b, 0xb6, 0x42, 0xbe, 0xe4, 0x37, 0x6f, 0x30,
    0xa3, 0xbf, 0xb2, 0x3e, 0x64, 0xb8, 0x73, 0x38, 0xd7, 0xb5, 0x7a, 0xb0, 0x76, 0x3b, 0x41, 0xb4,
    0x48, 0xad, 0x19, 0x38, 0x3e, 0x36, 0xc1, 0x3c, 0x88, 0x37, 0x9c, 0x3f, 0x57, 0xbe, 0x30, 0xb1,
    0x8b, 0x3d, 0xcc, 0xb8, 0x30, 0xb8, 0x3a, 0x2f, 0x89, 0xad, 0x09, 0xbe, 0xf4, 0x3b, 0x11, 0xbf,
    0xdd, 0xb8, 0x2a, 0x3b, 0xe5, 0xab, 0x4e, 0xb9, 0x55, 0x3c, 0x1f, 0xba, 0x6a, 0xb8, 0x7d, 0xba,
    0x0d, 0x3d, 0xd7, 0x3b, 0xe9, 0xb4, 0xd8, 0x39, 0x3c, 0x3a, 0x8f, 0x3b, 0x30, 0x38, 0x88, 0xb4,
    0x67, 0xb6, 0x1c, 0xbb, 0xd3, 0xb2, 0xaf, 0x31, 0x42, 0x30, 0xb1, 0x2c, 0xfd, 0xb9, 0x9c, 0xbe,
    0xf3, 0xb9, 0x5c, 0xb8, 0xe6, 0x3b, 0xae, 0x36, 0x0a, 0x3d, 0x20, 0x3e, 0xc1, 0xb9, 0x5c, 0xba,
    0x6e, 0xba, 0xb3, 0x36, 0x85, 0x3b, 0x0d, 0xaf, 0x9a, 0xbd, 0x8d, 0x3c, 0x05, 0x37, 0x09, 0x3f,
    0x18, 0xb1, 0x4b, 0xb9, 0xc5, 0xba, 0xad, 0xbe, 0x6b, 0xa9, 0x90, 0x33, 0x5f, 0xb8, 0xbb, 0x36,
    0x3a, 0xbc, 0x94, 0x3d, 0xaf, 0x3d, 0x07, 0xbb, 0x89, 0x38, 0x7a, 0x36, 0x7d, 0xbd, 0x47, 0xb7,
    0x1c, 0xbe, 0xfb, 0xb9, 0x39, 0xbf, 0x9c, 0xba, 0xa6, 0xba, 0xea, 0x38, 0xc5, 0x2e, 0x41, 0xba,
    0x66, 0x39, 0xf6, 0x39, 0x0b, 0xba, 0x6f, 0x2d, 0xa3, 0x2d, 0x77, 0xb2, 0x3d, 0xb8, 0xd0, 0xb2,
    0x55, 0xa5, 0xd3, 0x3d, 0x8d, 0xb8, 0x02, 0xbb, 0xf7, 0x3a, 0x4a, 0xb3, 0x58, 0x3c, 0xa4, 0xbb,
    0x09, 0xbc, 0xe2, 0xbb, 0x63, 0xb4, 0x59, 0x3f, 0x03, 0xbd, 0x5b, 0xbc, 0x88, 0xba, 0xee, 0x37,
    0x3b, 0x3b, 0xde, 0x3c, 0x46, 0xbc, 0x62, 0xbc, 0x37, 0xb5, 0x8b, 0xb3, 0x2e, 0xb9, 0xc1, 0x3c,
    0xd2, 0xb4, 0x95, 0x30, 0xbf, 0x37, 0x3b, 0xb2, 0x19, 0xba, 0xa2, 0xb7, 0x1f, 0x3a, 0x77, 0x39,
    0xce, 0xb7, 0x5f, 0xb8, 0x40, 0x29, 0x75, 0xbe, 0x13, 0xb5, 0x8c, 0xb9, 0x17, 0x3e, 0x26, 0xc0,
    0xf4, 0xbe, 0xa1, 0x27, 0x76, 0xb0, 0x09, 0x3b, 0x74, 0xc0, 0x72, 0x3d, 0x09, 0x28, 0x34, 0xbe,
    0x10, 0xb8, 0x3d, 0x3e, 0x98, 0xbd, 0x2c, 0x3a, 0xbc, 0x3f, 0x78, 0x35, 0xf6, 0xbc, 0xe7, 0x3c,
    0x4b, 0xb6, 0x80, 0xb3, 0xed, 0xb7, 0x0b, 0xb8, 0x8e, 0xba, 0x4a, 0x35, 0xab, 0xb5, 0x53, 0xba,
    0x1f, 0x37, 0x4d, 0xb6, 0xb9, 0xb3, 0xd9, 0xb0, 0x70, 0xb4, 0x79, 0x3b, 0x0b, 0xb9, 0xd2, 0xbc,
    0xa1, 0xae, 0xcf, 0xba, 0x22, 0xbc, 0x6f, 0xbe, 0x27, 0xbe, 0xe2, 0xb8, 0x8a, 0xa0, 0x9d, 0x3d,
    0x60, 0x39, 0x78, 0x3c, 0x0f, 0xac, 0x5f, 0x38, 0xab, 0xba, 0xb7, 0x33, 0xe8, 0x3e, 0x7f, 0x3a,
    0x0a, 0xb2, 0x5b, 0x3c, 0x32, 0x3c, 0xad, 0x3c, 0x84, 0xbe, 0x29, 0xc0, 0xb9, 0x40, 0x9a, 0x3e,
    0xda, 0xaf, 0x5d, 0xb4, 0xbf, 0x37, 0x43, 0x37, 0xa0, 0xb2, 0x74, 0x31, 0xba, 0xb9, 0xd2, 0xb9,
    0x37, 0xbd, 0x56, 0xbf, 0x0b, 0xb9, 0x61, 0x35, 0x6c, 0xb4, 0x00, 0xae, 0x1f, 0xbe, 0x87, 0xb8,
    0x71, 0xb6, 0xf8, 0x37, 0x47, 0xbc, 0x97, 0x26, 0x89, 0x35, 0x0a, 0x3c, 0x50, 0xb8, 0xe5, 0xc0,
    0xdf, 0x2e, 0x3b, 0xc1, 0x29, 0x39, 0x77, 0xb6, 0xe7, 0xae, 0x42, 0xb6, 0x69, 0x38, 0x42, 0x3b,
    0xcd, 0x3c, 0x18, 0xa7, 0x24, 0xbb, 0xff, 0x26, 0x7e, 0xb1, 0x8f, 0xbd, 0x89, 0xb7, 0xc6, 0x3d,
    0x96, 0xbf, 0x3a, 0xbc, 0x09, 0xbd, 0x7b, 0xbc, 0x26, 0x38, 0x92, 0xae, 0xa2, 0x39, 0x36, 0x42,
    0x4d, 0x3a, 0x66, 0x39, 0x72, 0x3c, 0xd6, 0x31, 0x5e, 0x36, 0x93, 0xb0, 0x5b, 0xbc, 0xba, 0xb4,
    0x8b, 0xbc, 0x4b, 0xba, 0x55, 0x31, 0xa2, 0xb7, 0x0a, 0xbf, 0x82, 0xb5, 0x01, 0x3c, 0x5e, 0xb4,
    0x5f, 0x3c, 0x14, 0xb4, 0xaf, 0x34, 0xe7, 0xb4, 0x3e, 0xac, 0x90, 0x34, 0x5f, 0xbf, 0x42, 0x31,
    0x77, 0xaf, 0x24, 0x3c, 0xcb, 0x3f, 0x5b, 0xba, 0x14, 0x39, 0x5a, 0xb7, 0x9a, 0xb9, 0x8a, 0x3b,
    0x40, 0x2c, 0x14, 0x3a, 0xff, 0x3c, 0xed, 0x37, 0x9a, 0x36, 0x3e, 0xb1, 0xe9, 0xbc, 0xdf, 0x36,
    0xe7, 0x36, 0xa3, 0x40, 0xd8, 0xbc, 0x47, 0x34, 0xdd, 0xbb, 0x36, 0xb6, 0xef, 0x3e, 0xdf, 0xb8,
    0x56, 0xb8, 0x61, 0x38, 0xbb, 0x38, 0x43, 0x42, 0x0b, 0x31, 0x1d, 0x3c, 0xb9, 0x3c, 0xb3, 0x3b,
    0x5b, 0x3f, 0x14, 0xbd, 0x5a, 0xba, 0x3b, 0xbc, 0x60, 0x40, 0xbf, 0xbd, 0xc9, 0xbc, 0xce, 0x39,
    0xc6, 0xb0, 0x81, 0x36, 0x1a, 0xb8, 0x96, 0xac, 0xa6, 0x3f, 0x44, 0xb6, 0xff, 0x2a, 0x04, 0x35,
    0x49, 0xa7, 0x53, 0x40, 0x78, 0x3f, 0xf2, 0xb1, 0x5e, 0x2f, 0x2f, 0x2b, 0x80, 0x39, 0x9a, 0x3c,
    0x0b, 0x39, 0xb6, 0xa6, 0x10, 0x36, 0x70, 0x35, 0x31, 0x35, 0x1b, 0xbc, 0xa6, 0x3c, 0xe0, 0xa5,
    0xd6, 0x31, 0x5d, 0x38, 0x37, 0x16, 0x91, 0x3d, 0x70, 0x38, 0x71, 0x34, 0x81, 0x3c, 0x94, 0xc0,
    0x82, 0xbb, 0x8c, 0xbb, 0x4a, 0x3e, 0xf9, 0xb9, 0x03, 0x30, 0x02, 0xba, 0x18, 0x37, 0x0b, 0x3c,
    0x58, 0x3e, 0xba, 0x38, 0x7b, 0xb4, 0x74, 0x39, 0x09, 0xaf, 0x5e, 0x29, 0xda, 0x33, 0x08, 0x2d,
    0xc2, 0xb4, 0xc0, 0x3a, 0x27, 0xb9, 0xaf, 0xba, 0x10, 0x3b, 0x05, 0xb9, 0xa9, 0x35, 0xe5, 0xbd,
    0x3b, 0xba, 0xfb, 0xbd, 0xe6, 0xb5, 0xa9, 0xbd, 0xf7, 0x3c, 0xbc, 0x3b, 0xa6, 0x3c, 0x46, 0xbd,
    0x38, 0x39, 0x45, 0xbc, 0x19, 0xba, 0x7e, 0xb9, 0x20, 0xbd, 0x62, 0x39, 0x12, 0xbe, 0xd0, 0xb9,
    0x3b, 0x30, 0xae, 0xb8, 0x25, 0xbe, 0x28, 0xb5, 0xb3, 0x3c, 0x6a, 0xbd, 0xa6, 0xb4, 0x26, 0x2d,
    0x7e, 0xb6, 0xa7, 0xb8, 0x75, 0x3e, 0xc7, 0xb8, 0x0d, 0xb7, 0x00, 0x3b, 0x6c, 0xbc, 0xde, 0x39,
    0xf1, 0xb5, 0x19, 0x3f, 0xf4, 0xb3, 0x8f, 0xb2, 0x90, 0x3b, 0x57, 0x3a, 0xd8, 0x3e, 0x72, 0xb4,
    0xd0, 0xbb, 0xcb, 0xbc, 0xbb, 0x34, 0xe0, 0x24, 0x81, 0xbc, 0x1d, 0x40, 0x91, 0x3c, 0x2b, 0xc1,
    0x7b, 0xbc, 0x14, 0xb9, 0x4f, 0xb9, 0xa5, 0x39, 0x4e, 0xb8, 0x24, 0xb6, 0x0c, 0xbe, 0xdb, 0x31,
    0xbc, 0x3a, 0x2a, 0x2e, 0x91, 0xb7, 0xb0, 0xb4, 0xc1, 0x3d, 0x0d, 0x35, 0x21, 0x3a, 0x70, 0xba,
    0x29, 0x34, 0x24, 0x3a, 0x65, 0xbb, 0x92, 0x2d, 0x92, 0xbd, 0x96, 0x3a, 0xa0, 0xb4, 0x5b, 0xbf,
    0x0e, 0xb9, 0x85, 0xb9, 0x3a, 0xb9, 0x18, 0xbc, 0x54, 0x3a, 0x32, 0xb7, 0xad, 0xbe, 0x45, 0x3c,
    0x24, 0x35, 0xd2, 0x38, 0xe4, 0xbf, 0x75, 0x29, 0x6d, 0xbf, 0xd9, 0x2d, 0x3e, 0x3c, 0x76, 0xbc,
    0x9b, 0xb8, 0x71, 0x35, 0x6a, 0x3d, 0xef, 0xb8, 0x76, 0xb8, 0x58, 0xb7, 0x09, 0x3d, 0xcc, 0x3e,
    0x8c, 0xbf, 0x17, 0x37, 0x0c, 0xb5, 0x9c, 0x3e, 0x2b, 0x1e, 0xea, 0xb5, 0xab, 0x3c, 0x57, 0xbb,
    0xbc, 0x3b, 0x73, 0xb9, 0x5d, 0xb8, 0x36, 0x3d, 0x42, 0x3e, 0x65, 0x39, 0x6d, 0x33, 0x11, 0x38,
    0xe3, 0x41, 0x66, 0x39, 0xbc, 0x40, 0xe4, 0xb8, 0xe0, 0x38, 0x80, 0x34, 0xf1, 0xae, 0x85, 0xb6,
    0x79, 0xbd, 0xc2, 0x38, 0x56, 0xbc, 0xa4, 0x3a, 0x9d, 0xb7, 0x35, 0x37, 0x4e, 0xb8, 0x74, 0xbc,
    0xd9, 0x38, 0xa8, 0x3c, 0x3a, 0xb1, 0x6b, 0xa8, 0xe4, 0xb3, 0x89, 0xb8, 0xcb, 0xb1, 0x74, 0x38,
    0x24, 0xbb, 0xb3, 0xb9, 0x6a, 0xbd, 0xac, 0x3f, 0xed, 0x3b, 0x32, 0xbb, 0x41, 0xaf, 0x41, 0x2c,
    0xd8, 0x3e, 0xf9, 0x37, 0xd8, 0xbc, 0xa1, 0x39, 0x22, 0xbc, 0x79, 0x3b, 0xf4, 0x34, 0xc3, 0xbd,
    0x3f, 0xbb, 0xc9, 0x3d, 0xdc, 0x3d, 0x9b, 0xb9, 0x1a, 0xbb, 0x66, 0xbe, 0x43, 0x39, 0xf3, 0xbc,
    0x49, 0x3c, 0x68, 0xbd, 0x48, 0xba, 0xb6, 0x31, 0xa2, 0x3a, 0xca, 0xaf, 0xf1, 0x34, 0x44, 0x3e,
    0x68, 0xbe, 0x3c, 0xbf, 0xfa, 0x38, 0x5a, 0xac, 0x13, 0x3c, 0x83, 0x3f, 0xc1, 0x33, 0x14, 0xb9,
    0xd6, 0xb7, 0x33, 0xae, 0x20, 0x39, 0x48, 0x30, 0x03, 0x37, 0x67, 0xb5, 0xd3, 0xc3, 0xf5, 0x39,
    0xc8, 0x24, 0xfa, 0xb4, 0xd8, 0xb7, 0x61, 0x35, 0xd4, 0x3a, 0x8d, 0xb7, 0x04, 0xb4, 0xb2, 0x3c,
    0x95, 0xb4, 0x0c, 0xae, 0x20, 0x3c, 0xef, 0x39, 0xe0, 0xb5, 0x5b, 0x2d, 0x0c, 0xb9, 0x33, 0xbc,
    0xa3, 0x2b, 0x0f, 0xb2, 0x14, 0x3b, 0x96, 0xbc, 0x4e, 0xb8, 0x97, 0x3c, 0x6e, 0x31, 0x7f, 0xbf,
    0xd4, 0xa4, 0xd6, 0xb1, 0x35, 0xb8, 0x24, 0x37, 0xda, 0x31, 0x4a, 0xbc, 0x4f, 0x40, 0x93, 0x39,
    0xd1, 0xa4, 0xd1, 0x3b, 0x7d, 0xa5, 0x51, 0x3c, 0x1f, 0x37, 0xdb, 0x3d, 0x43, 0xb3, 0xe1, 0x3c,
    0x30, 0xbc, 0xd6, 0x3b, 0x33, 0xb9, 0x8f, 0xb9, 0x2f, 0xb6, 0x7d, 0xb7, 0x67, 0x3d, 0x0d, 0x38,
    0xf8, 0x39, 0x34, 0xb8, 0x58, 0x3e, 0x24, 0x3a, 0x43, 0x39, 0x59, 0xbc, 0xb3, 0xa8, 0x9e, 0x3c,
    0xb7, 0xb9, 0xef, 0xb5, 0xe1, 0x35, 0x8f, 0x39, 0x60, 0x3c, 0x40, 0xb5, 0x21, 0x3a, 0xe2, 0xb7,
    0x22, 0xbe, 0x57, 0x41, 0x42, 0xbc, 0x58, 0x3d, 0xbd, 0x3a, 0x5a, 0x1d, 0xac, 0x39, 0xa6, 0xb8,
    0x4f, 0x3a, 0xc3, 0xb3, 0xb5, 0xb8, 0x31, 0xbc, 0x47, 0x37, 0x67, 0x3e, 0xe5, 0x38, 0x8b, 0xb9,
    0x0e, 0x38, 0x09, 0x3c, 0x6c, 0x40, 0x17, 0xbb, 0xbe, 0x2a, 0xc2, 0xbc, 0x88, 0xc0, 0x90, 0x35,
    0x8b, 0x32, 0x9a, 0x37, 0x4e, 0x38, 0x3d, 0x3d, 0x5d, 0xb0, 0xc9, 0xbd, 0x10, 0x2e, 0x86, 0x37,
    0xc5, 0xbb, 0xec, 0x3d, 0x40, 0x39, 0x3f, 0x3b, 0x82, 0x2c, 0xe7, 0x3a, 0xc9, 0x2c, 0x90, 0xb1,
    0x61, 0xb8, 0x74, 0x40, 0xbc, 0xbe, 0x5e, 0xba, 0x10, 0x34, 0xdf, 0x3d, 0x02, 0x34, 0xb2, 0xbf,
    0x16, 0xb9, 0xc6, 0x35, 0x57, 0x3b, 0x22, 0x39, 0x61, 0xbf, 0xd9, 0x33, 0x75, 0xa0, 0x42, 0x2c,
    0x15, 0xb8, 0xc5, 0x38, 0x51, 0xbe, 0x19, 0xbe, 0xc6, 0x3d, 0x9b, 0xb9, 0x64, 0xb9, 0x22, 0xb9,
    0xbc, 0xb7, 0x23, 0x36, 0x57, 0x39, 0x9b, 0xb8, 0x97, 0xb2, 0x21, 0xb9, 0x37, 0x38, 0xa0, 0x34,
    0x97, 0x39, 0xde, 0xbc, 0x49, 0x3c, 0xd7, 0x33, 0xed, 0xb6, 0xc5, 0xb0, 0x3e, 0x38, 0xbf, 0x3d,
    0x2b, 0x2e, 0x41, 0xb7, 0x55, 0x3d, 0xfb, 0x2f, 0x2f, 0x38, 0x2c, 0xba, 0x2b, 0xb8, 0x14, 0xac,
    0x81, 0xb4, 0x1c, 0x33, 0x2d, 0xb9, 0x27, 0x40, 0x0e, 0xc0, 0x1f, 0x40, 0xb7, 0xb4, 0x3e, 0x3c,
    0x1d, 0x36, 0xe2, 0xb5, 0x4a, 0x3b, 0xee, 0xaf, 0x7c, 0xb9, 0x94, 0x37, 0xab, 0xb3, 0xbc, 0x32,
    0x19, 0x38, 0x65, 0x38, 0x56, 0x3e, 0x06, 0xbc, 0xf8, 0xbd, 0xe1, 0xb6, 0x42, 0x3c, 0xa7, 0x3b,
    0xee, 0xb5, 0xb1, 0xb9, 0x41, 0x38, 0x35, 0xc0, 0xc5, 0xac, 0xb1, 0xba, 0x85, 0x3b, 0xf1, 0xbb,
    0x68, 0xba, 0x6f, 0x3d, 0x88, 0xbc, 0x8a, 0x3a, 0x3e, 0x3f, 0xb2, 0xbb, 0x54, 0xb1, 0x5e, 0x37,
    0x56, 0xc0, 0x78, 0x3c, 0x61, 0x3f, 0xe6, 0x38, 0x07, 0xba, 0xd4, 0x25, 0x96, 0x39, 0x79, 0x3b,
    0x29, 0xc1, 0x4e, 0xb4, 0x55, 0x30, 0x0c, 0xb5, 0x1a, 0x34, 0x5a, 0x32, 0xf7, 0x34, 0x31, 0xc0,
    0xf7, 0xae, 0x0c, 0x39, 0x04, 0xb7, 0xbc, 0xaf, 0x35, 0xbb, 0x22, 0xbe, 0x78, 0xb9, 0x8c, 0xbe,
    0x27, 0x39, 0x62, 0xb9, 0xc7, 0xba, 0x11, 0xb9, 0x12, 0x3d, 0xa8, 0x3a, 0x72, 0xb1, 0x46, 0x3b,
    0x30, 0x3e, 0x60, 0xc0, 0xb3, 0x36, 0x93, 0xbb, 0x10, 0xb0, 0x51, 0x3c, 0x95, 0xbf, 0x40, 0x39,
    0x30, 0xb8, 0x40, 0x2c, 0x6c, 0xba, 0x21, 0xac, 0x97, 0xb9, 0xe3, 0x3c, 0xfe, 0x2c, 0x7c, 0x3c,
    0x48, 0x3c, 0x0d, 0xba, 0x9e, 0xa0, 0xd4, 0x41, 0x1b, 0x34, 0xc6, 0xc0, 0xfb, 0x3a, 0x4c, 0xb5,
    0x12, 0x3c, 0x2e, 0xbb, 0x11, 0x38, 0x59, 0x2b, 0x86, 0x3c, 0xda, 0xbe, 0x9a, 0x3a, 0x07, 0xb4,
    0x26, 0x3a, 0x8e, 0xa8, 0x4a, 0xb8, 0xf6, 0x35, 0x17, 0x3b, 0x2e, 0xbd, 0xd6, 0x3e, 0x9c, 0x3d,
    0x65, 0x3b, 0x65, 0x3d, 0x90, 0xbd, 0x4f, 0xbf, 0x3f, 0x3d, 0x18, 0x2f, 0x1d, 0x38, 0x1f, 0xb9,
    0xef, 0x38, 0x11, 0x38, 0xcc, 0x34, 0x3e, 0xbf, 0x28, 0xbb, 0x97, 0x27, 0x02, 0xbd, 0xe6, 0x33,
    0xae, 0x3b, 0x4a, 0x3d, 0x03, 0xbd, 0x4e, 0xbf, 0xb7, 0x34, 0x5f, 0x38, 0x51, 0xbd, 0x42, 0xbd,
    0x83, 0xbe, 0x6c, 0x3e, 0xd6, 0xb4, 0x90, 0xba, 0x6e, 0x31, 0xf6, 0x3c, 0xd0, 0xb7, 0xda, 0x3d,
    0x7d, 0x32, 0xb8, 0x3d, 0x40, 0xab, 0x72, 0x38, 0x1e, 0xb4, 0x95, 0xbc, 0x07, 0xbd, 0xe5, 0x2f,
    0xaa, 0x3b, 0x97, 0x36, 0x2b, 0x3f, 0xc0, 0x3e, 0x0d, 0xbd, 0x29, 0xbc, 0xed, 0xba, 0x24, 0x32,
    0xdb, 0xb8, 0x40, 0xb2, 0xf1, 0x31, 0x65, 0x2e, 0x8a, 0xba, 0x45, 0x2a, 0xb5, 0xb0, 0x8b, 0xbc,
    0x7c, 0xb8, 0x5e, 0x37, 0x7e, 0xb8, 0xd0, 0xb4, 0x83, 0x37, 0xdf, 0x3b, 0x25, 0xbc, 0x2f, 0x3a,
    0x32, 0x3b, 0x6a, 0xb8, 0xb5, 0xb9, 0x22, 0x31, 0x72, 0xb1, 0xb7, 0xc1, 0x17, 0xb4, 0x0c, 0xba,
    0xb0, 0x37, 0x2d, 0xbd, 0x89, 0x3d, 0xff, 0x37, 0xf0, 0xbc, 0xb7, 0xbd, 0x96, 0x32, 0xc4, 0x26,
    0x44, 0x35, 0x98, 0xb3, 0x9c, 0xb0, 0xcc, 0x39, 0x3e, 0x3c, 0x83, 0xb5, 0x0e, 0xb5, 0x91, 0xb9,
    0xe7, 0xba, 0x78, 0xbe, 0xef, 0xbb, 0xf7, 0x37, 0x02, 0xc1, 0x67, 0xb0, 0x75, 0x31, 0xde, 0xb4,
    0x14, 0x3c, 0xcd, 0x31, 0x06, 0x3d, 0xc6, 0xb4, 0x08, 0xb6, 0xe2, 0xb1, 0xad, 0x30, 0x06, 0xad,
    0x0b, 0xbc, 0x85, 0x39, 0x14, 0xb3, 0xa8, 0x3c, 0x5f, 0x3b, 0x50, 0x38, 0x4f, 0xa1, 0xdb, 0x37,
    0x39, 0xae, 0x89, 0x3a, 0x44, 0x30, 0x85, 0x3e, 0x0a, 0x27, 0xef, 0x39, 0x8e, 0xbb, 0x3f, 0x3c,
    0x06, 0xc2, 0xce, 0xb9, 0x1a, 0xa9, 0xb0, 0xb9, 0xca, 0xbe, 0xac, 0x36, 0x98, 0xbb, 0xbd, 0x3e,
    0x8a, 0xb9, 0x2c, 0x39, 0x41, 0xb6, 0x40, 0xbe, 0xbe, 0x3e, 0xcf, 0xa7, 0xf1, 0x34, 0xb5, 0xb5,
    0x6e, 0xbc, 0x5c, 0x3c, 0xe2, 0x39, 0x80, 0xbc, 0xd6, 0x34, 0x57, 0xbd, 0xc2, 0x37, 0x6e, 0x38,
    0x93, 0xbc, 0x05, 0x3d, 0xc0, 0x35, 0xb5, 0x38, 0xf8, 0xb2, 0x36, 0x98, 0x99, 0x36, 0x6a, 0xbf,
    0x84, 0x40, 0x35, 0x40, 0xea, 0x37, 0xe8, 0xb3, 0xe5, 0x40, 0x65, 0x40, 0x3f, 0xb5, 0x10, 0x0d,
    0x49, 0xb8, 0x9e, 0xb4, 0xd9, 0x37, 0xad, 0xa6, 0x62, 0x3f, 0x00, 0xb0, 0x56, 0x37, 0x7d, 0x32,
    0xa3, 0xaa, 0x59, 0x39, 0x44, 0xbc, 0xa3, 0x39, 0xe5, 0xb8, 0xa3, 0xb8, 0x6b, 0x39, 0x45, 0xbf,
    0x4b, 0xbe, 0xe1, 0xb8, 0x6f, 0xbd, 0xbd, 0x3d, 0xd9, 0x36, 0xca, 0xbc, 0x9b, 0x2a, 0x51, 0xbb,
    0xb8, 0xbc, 0xb6, 0xb6, 0x30, 0xb8, 0x97, 0xbb, 0xa4, 0x3d, 0x0f, 0xbd, 0x20, 0x29, 0x7d, 0xbd,
    0x5e, 0x38, 0xeb, 0xb6, 0xf9, 0x3b, 0x08, 0x31, 0x4f, 0xb8, 0x88, 0xb8, 0x29, 0x40, 0x2a, 0xbb,
    0x68, 0x37, 0xab, 0x38, 0xce, 0x34, 0x2c, 0x34, 0x34, 0x39, 0xf5, 0x3a, 0xbb, 0xb4, 0xa8, 0xae,
    0x30, 0x41, 0x76, 0x39, 0x44, 0xc1, 0xa1, 0xb8, 0x5e, 0xb2, 0x0d, 0xbd, 0x81, 0x38, 0xe1, 0x3b,
    0x6d, 0x25, 0x31, 0xa9, 0x96, 0x3a, 0xa1, 0x35, 0x77, 0xbb, 0x67, 0x32, 0x71, 0xb5, 0x2a, 0x37,
    0x60, 0x3a, 0xbd, 0xb9, 0xb2, 0x36, 0x59, 0x3a, 0x54, 0x3d, 0x49, 0xbb, 0x49, 0x36, 0x6f, 0xbb,
    0xb4, 0xbc, 0x16, 0xb7, 0x0a, 0x38, 0x03, 0xc1, 0xe2, 0x38, 0x72, 0xbd, 0x51, 0x39, 0x7a, 0x40,
    0xde, 0x3d, 0xd4, 0xb4, 0x0e, 0x41, 0x0b, 0x0d, 0x69, 0x34, 0x51, 0x35, 0xdb, 0x30, 0xf2, 0x3a,
    0x10, 0xba, 0xbe, 0x34, 0x51, 0xa6, 0x93, 0x38, 0xc6, 0xb9, 0x37, 0x3e, 0xef, 0x3b, 0x7f, 0xbb,
    0x1c, 0xb7, 0xf3, 0x3d, 0x3c, 0x33, 0xba, 0xbd, 0x3f, 0x40, 0x11, 0x38, 0x02, 0xb8, 0xc0, 0x28,
    0xd1, 0xbd, 0x79, 0x3f, 0xa1, 0x28, 0x44, 0xbd, 0x94, 0xb8, 0x28, 0x3c, 0xd8, 0xbc, 0xc5, 0x39,
    0x81, 0x39, 0x85, 0x35, 0xc6, 0x27, 0x05, 0xba, 0xf5, 0x3c, 0xf1, 0x3d, 0x70, 0xb4, 0x97, 0xbc,
    0x0d, 0xbc, 0x97, 0x3e, 0x54, 0x3d, 0x7c, 0x2b, 0x99, 0xb1, 0xec, 0xb6, 0x51, 0x37, 0x90, 0x37,
    0x7b, 0x36, 0x0a, 0x38, 0x77, 0xaa, 0x55, 0xbf, 0x9d, 0x2c, 0x5f, 0xbf, 0x55, 0xbb, 0x43, 0x2a,
    0x26, 0x33, 0x4a, 0xa9, 0xae, 0x3d, 0x88, 0xbc, 0x35, 0xbc, 0xe3, 0xbe, 0x39, 0x28, 0x1f, 0x3e,
    0xd9, 0xb0, 0xe3, 0x3b, 0xdd, 0xb5, 0x0e, 0x3c, 0xed, 0xbe, 0x0f, 0xb2, 0xe9, 0x3a, 0x5e, 0xa5,
    0xbd, 0xb8, 0xa8, 0x3a, 0x82, 0xba, 0x56, 0xb8, 0x5d, 0xb2, 0xcc, 0xb8, 0x0d, 0xbb, 0xcc, 0xb0,
    0x61, 0x3d, 0x11, 0xbc, 0x5d, 0xc1, 0xe8, 0xb6, 0xfa, 0x3b, 0x6d, 0xc0, 0xb7, 0x2e, 0x81, 0xb7,
    0x68, 0xba, 0x58, 0x39, 0xcd, 0x3d, 0xf3, 0x30, 0x13, 0xbc, 0x94, 0xb5, 0x65, 0x3d, 0x68, 0xb4,
    0x1c, 0x3d, 0xad, 0x3c, 0x98, 0xad, 0x43, 0x3c, 0x79, 0x3d, 0xb0, 0xb2, 0x3a, 0x36, 0x68, 0xb4,
    0xcd, 0xbc, 0x16, 0x3e, 0x61, 0xc0, 0xa8, 0xb7, 0x4d, 0x3c, 0xd7, 0xba, 0x76, 0x40, 0xb7, 0xb6,
    0x6d, 0xbe, 0x0f, 0x2d, 0x1f, 0x37, 0x08, 0x38, 0x31, 0xb8, 0xe0, 0x3d, 0x38, 0xb3, 0xc3, 0xbc,
    0xd1, 0xb5, 0xab, 0x3d, 0xbe, 0xb8, 0x07, 0xba, 0x46, 0xb6, 0xf5, 0x3e, 0xa9, 0xbe, 0xb4, 0xbb,
    0x78, 0xbd, 0xc4, 0xba, 0x76, 0x3c, 0xdf, 0x32, 0xbd, 0xb9, 0xb5, 0xbf, 0x55, 0xb9, 0x92, 0xc0,
    0xd5, 0x3b, 0x07, 0xbc, 0x84, 0x38, 0x0d, 0x3b, 0x2b, 0xbc, 0x4a, 0xbd, 0x18, 0xba, 0x18, 0x34,
    0xbc, 0x31, 0xa1, 0x2d, 0xe1, 0xb6, 0x02, 0xbe, 0xdf, 0x36, 0xcc, 0xb8, 0x11, 0x31, 0x45, 0x2a,
    0x46, 0xba, 0x72, 0xc1, 0x5b, 0xbc, 0x55, 0xbc, 0xe7, 0xb4, 0x49, 0x3c, 0x07, 0xb6, 0xf2, 0xb0,
    0x82, 0xae, 0x36, 0xbe, 0x17, 0x2a, 0xee, 0xb6, 0x4c, 0x3f, 0x0b, 0x3e, 0x66, 0x3c, 0x4f, 0x3b,
    0x98, 0xba, 0x31, 0xb7, 0xdc, 0x37, 0x3b, 0x3c, 0x07, 0x34, 0x8d, 0x31, 0xd1, 0x3d, 0x89, 0xb6,
    0x67, 0x3b, 0x59, 0xac, 0x74, 0x3a, 0x81, 0x35, 0x4a, 0x34, 0x76, 0xbd, 0x39, 0x3c, 0x4c, 0xbc,
    0x9a, 0x3b, 0x11, 0x3d, 0x6b, 0xb6, 0x28, 0x33, 0x5f, 0xb9, 0x6b, 0x3e, 0xa9, 0x3b, 0x62, 0xc0,
    0xc2, 0x39, 0x50, 0x3e, 0xaf, 0xc0, 0xe1, 0xbb, 0x01, 0x38, 0x2c, 0xb4, 0x77, 0x3c, 0x78, 0xbd,
    0x15, 0x39, 0x1a, 0xb2, 0x17, 0x35, 0x53, 0x30, 0xfe, 0x29, 0x8b, 0xbc, 0x69, 0x35, 0x18, 0x3c,
    0xab, 0xbd, 0x43, 0x3a, 0xf5, 0x3f, 0x90, 0xb5, 0xbd, 0x3c, 0x44, 0xbd, 0xab, 0x34, 0x11, 0xbc,
    0x67, 0x3a, 0x8a, 0x3c, 0xc2, 0x40, 0x1a, 0xb7, 0x17, 0xb1, 0xeb, 0xbf, 0x09, 0xbd, 0xf2, 0xc0,
    0x88, 0x39, 0xc6, 0x35, 0x89, 0x33, 0xe1, 0x39, 0xc2, 0x28, 0xf0, 0x38, 0x54, 0xb4, 0x58, 0xb9,
    0x2c, 0xb4, 0x67, 0xba, 0xdb, 0xb9, 0x43, 0x3a, 0xaa, 0x3e, 0x07, 0x40, 0x27, 0x3d, 0x38, 0xa8,
    0xf1, 0x2c, 0xbd, 0x30, 0xb1, 0x3c, 0xf5, 0x39, 0xcc, 0xb8, 0xa1, 0xbd, 0x92, 0xba, 0x9b, 0xac,
    0x6c, 0xbc, 0x51, 0x39, 0x77, 0xb7, 0xc0, 0x2a, 0xe2, 0xb5, 0x4d, 0x28, 0xd5, 0xbc, 0x7c, 0xbc,
    0xc6, 0x3d, 0xce, 0x3d, 0x02, 0x37, 0x2e, 0xb8, 0xd5, 0x37, 0xd7, 0xb6, 0x1d, 0x40, 0xd8, 0xbc,
    0x34, 0xb4, 0xbc, 0x31, 0x87, 0x30, 0x33, 0x3b, 0xaa, 0x38, 0xd6, 0xb4, 0x08, 0x2f, 0xeb, 0x3c,
    0xa4, 0xb9, 0x02, 0x2d, 0x05, 0x34, 0x01, 0xba, 0x02, 0x3d, 0x43, 0xba, 0xe2, 0xbb, 0x30, 0xb5,
    0x00, 0xba, 0xd6, 0xb5, 0xda, 0x3a, 0x66, 0xb7, 0x27, 0x33, 0x2a, 0x3c, 0x18, 0x3d, 0x5a, 0x3f,
    0xd1, 0x32, 0x4a, 0x3b, 0x76, 0x3c, 0x70, 0xb4, 0x86, 0x2c, 0xbc, 0x28, 0x40, 0x3e, 0x92, 0x34,
    0xec, 0xbc, 0x85, 0x2f, 0xd9, 0xbb, 0xbc, 0xb8, 0xb8, 0x29, 0xf7, 0xbc, 0xeb, 0xbc, 0xed, 0xb6,
    0x2b, 0xbc, 0x05, 0x24, 0x5b, 0xc0, 0x82, 0x35, 0x0f, 0x3b, 0xad, 0x3a, 0x0d, 0x39, 0x30, 0x2d,
    0x76, 0x38, 0x72, 0x37, 0xf6, 0x36, 0x18, 0xbb, 0x19, 0xbe, 0xe0, 0xb4, 0x3a, 0xbc, 0x43, 0x32,
    0x5a, 0x3b, 0xc4, 0x28, 0x2a, 0x35, 0x8c, 0xba, 0x65, 0x36, 0x8c, 0x25, 0x98, 0xa3, 0xf9, 0x3f,
    0x12, 0x3d, 0xeb, 0x32, 0xdb, 0xb2, 0x48, 0xb5, 0x8d, 0xb5, 0xeb, 0x3b, 0xbe, 0x38, 0x7e, 0x33,
    0x67, 0xc0, 0x30, 0xba, 0xde, 0x33, 0x93, 0xba, 0xca, 0x3d, 0x60, 0x30, 0xe3, 0x3b, 0x2b, 0xc1,
    0x6e, 0x2d, 0x81, 0x40, 0x41, 0xb3, 0x1d, 0x3e, 0x0e, 0xb6, 0x17, 0x3c, 0x15, 0xbf, 0x7f, 0xbd,
    0x13, 0x37, 0xf1, 0x3c, 0x63, 0xc0, 0x5e, 0xc0, 0xd1, 0xb9, 0x19, 0xb1, 0x4c, 0xaa, 0xa8, 0xb9,
    0x6b, 0x37, 0x19, 0xbe, 0xb7, 0xbb, 0xcf, 0x3d, 0x82, 0x41, 0x1d, 0x33, 0x5a, 0xbb, 0x64, 0xbb,
    0xc7, 0xbd, 0x0a, 0x37, 0xc4, 0xb9, 0x04, 0xb7, 0x48, 0xbc, 0xe6, 0xbc, 0x90, 0xaf, 0x1f, 0xa7,
    0x68, 0x26, 0xee, 0xb7, 0xa0, 0xbe, 0xb4, 0x2f, 0x7b, 0xb8, 0x92, 0xbd, 0x76, 0x40, 0xc8, 0x3d,
    0xcc, 0x29, 0xbf, 0xb9, 0x12, 0xad, 0x71, 0xbb, 0xad, 0x33, 0x13, 0xac, 0x5e, 0xc1, 0x11, 0x3b,
    0xe8, 0x36, 0x03, 0xad, 0x7d, 0xb6, 0xae, 0x3a, 0x2e, 0x38, 0x5f, 0xb5, 0xa4, 0x33, 0x82, 0x34,
    0x23, 0x37, 0x67, 0xb8, 0xc8, 0xad, 0xd3, 0xbb, 0x72, 0xb7, 0x56, 0x3b, 0x68, 0x3c, 0xf5, 0x3d,
    0xdd, 0x30, 0x71, 0x30, 0x0d, 0xb0, 0x95, 0x30, 0x85, 0xb8, 0xb5, 0xbc, 0x17, 0xbb, 0x95, 0x40,
    0xb3, 0xbd, 0x8f, 0xbb, 0x71, 0x3d, 0x64, 0x3b, 0x29, 0xb9, 0x13, 0x32, 0xc2, 0xb5, 0x7a, 0xbb,
    0xf4, 0x3a, 0xcf, 0x34, 0x0f, 0xbb, 0x8b, 0xb7, 0x25, 0xac, 0xa6, 0x3b, 0x0b, 0x32, 0x33, 0x39,
    0xc3, 0xb8, 0x20, 0x3e, 0x88, 0xb7, 0x49, 0x32, 0x16, 0xbb, 0x50, 0xbd, 0x7a, 0xac, 0x74, 0x3d,
    0x23, 0xb9, 0xbf, 0x34, 0xbe, 0x39, 0x2c, 0x3d, 0x1b, 0xa6, 0x94, 0x2d, 0x12, 0xb8, 0x1b, 0xaf,
    0xec, 0xb6, 0x14, 0xb7, 0x2d, 0xbd, 0x87, 0x36, 0x58, 0x3a, 0x6f, 0x32, 0xb3, 0xbb, 0x7b, 0xb9,
    0xd8, 0x3b, 0xad, 0x2f, 0x53, 0x3d, 0x92, 0xb7, 0x0e, 0xbe, 0x02, 0x32, 0xf3, 0xaf, 0x95, 0xbe,
    0xdf, 0xbd, 0x07, 0x3c, 0xd8, 0x3c, 0xcc, 0x37, 0x23, 0x38, 0xe7, 0x2e, 0x92, 0xc1, 0xf3, 0x3c,
    0xb6, 0x32, 0x09, 0x3e, 0x76, 0x3e, 0x6b, 0x38, 0xc1, 0x37, 0x5d, 0xb5, 0x73, 0xb5, 0xb9, 0x2a,
    0x52, 0xb5, 0x10, 0xb3, 0x56, 0x39, 0x36, 0xc0, 0x89, 0xb1, 0x17, 0x39, 0xd1, 0x3a, 0x91, 0x39,
    0x5e, 0x38, 0x71, 0xb9, 0x1e, 0x3c, 0x39, 0xbc, 0x99, 0xba, 0x31, 0x3a, 0xce, 0xa8, 0x7e, 0x3a,
    0x46, 0x35, 0x44, 0x27, 0x02, 0xbc, 0x18, 0x38, 0xa8, 0xb0, 0xdd, 0x3c, 0x6d, 0xb6, 0x10, 0x41,
    0xbe, 0x34, 0xfd, 0x1f, 0xf0, 0x3a, 0x2f, 0x3b, 0xed, 0xb9, 0xa2, 0x2f, 0x2f, 0xb1, 0x92, 0x30,
    0xa7, 0x31, 0xae, 0x3c, 0x71, 0x38, 0x81, 0x3c, 0x10, 0x38, 0xcf, 0xad, 0x12, 0xb7, 0x12, 0xbb,
    0x9f, 0xbc, 0x37, 0x31, 0xfa, 0x3c, 0xca, 0xb4, 0x80, 0x40, 0x6d, 0x38, 0x9e, 0xbc, 0x93, 0x3d,
    0xf2, 0x38, 0xe2, 0x33, 0xa1, 0xac, 0x80, 0xbb, 0xdd, 0x3c, 0x72, 0xbc, 0x7f, 0x3e, 0xd9, 0xbb,
    0x31, 0x3d, 0xbc, 0xb8, 0x3d, 0xbf, 0x68, 0xb7, 0xde, 0xb6, 0x29, 0x3d, 0xeb, 0x38, 0xbd, 0xbc,
    0x86, 0xbd, 0xd8, 0xc1, 0xb6, 0x34, 0x07, 0x32, 0x07, 0xbe, 0x16, 0xb1, 0x4f, 0xb9, 0x10, 0xbb,
    0x56, 0x3d, 0x2a, 0xa9, 0x29, 0x9b, 0xdd, 0x3a, 0x1b, 0xbc, 0xb1, 0x3c, 0xc4, 0x37, 0x69, 0xba,
    0x78, 0x3d, 0x1d, 0xb4, 0x1e, 0xb1, 0xfb, 0x35, 0x4e, 0x2d, 0xb1, 0x36, 0xab, 0x39, 0x1c, 0xb9,
    0xef, 0xb6, 0xc7, 0x36, 0x02, 0xbb, 0xbb, 0x31, 0xdd, 0xb7, 0xf9, 0xb7, 0x74, 0xad, 0xf8, 0x3f,
    0xc8, 0xb4, 0x75, 0x37, 0x08, 0xc0, 0x79, 0x3e, 0x34, 0xb5, 0x8b, 0x3c, 0x52, 0x26, 0x69, 0xb8,
    0x3d, 0x40, 0x3c, 0x37, 0x74, 0x32, 0x63, 0x32, 0x8e, 0xbe, 0xd3, 0x3d, 0xad, 0xa2, 0xc7, 0x38,
    0xa4, 0x38, 0x1d, 0x3c, 0x1b, 0x38, 0x60, 0x35, 0x23, 0x30, 0x16, 0xbd, 0x3d, 0x40, 0x81, 0x2d,
    0x8c, 0x40, 0x1b, 0xbe, 0x5f, 0xbd, 0x68, 0xbb, 0x86, 0x3a, 0x9b, 0xb9, 0x84, 0x28, 0x33, 0x35,
    0x67, 0x3a, 0x3f, 0xb6, 0x65, 0x3b, 0x26, 0xb5, 0xe2, 0xbc, 0x86, 0x39, 0xc4, 0xb2, 0x0c, 0xb8,
    0xac, 0x3d, 0x15, 0x3b, 0x63, 0x3c, 0x60, 0x33, 0x26, 0xb7, 0xa7, 0x36, 0xcb, 0xa8, 0xaf, 0xbd,
    0x50, 0x3d, 0x65, 0x39, 0xa3, 0xb1, 0x11, 0x2a, 0x77, 0xb7, 0x7f, 0xbc, 0xd3, 0xab, 0x34, 0xbc,
    0x07, 0xb1, 0xc3, 0x3e, 0x97, 0xae, 0x7f, 0xbc, 0x4e, 0xaa, 0x86, 0xbd, 0x89, 0xbd, 0x56, 0xb5,
    0x8b, 0x3f, 0xa7, 0xb4, 0xc6, 0xb7, 0x38, 0x2a, 0x91, 0x38, 0x16, 0x38, 0xff, 0xba, 0x8a, 0x32,
    0xbe, 0xbe, 0xaf, 0x2a, 0x9f, 0x37, 0xff, 0xbc, 0xd3, 0xc1, 0xbd, 0x34, 0xaa, 0x40, 0x96, 0xb8,
    0x0b, 0x36, 0xde, 0xbd, 0x55, 0x37, 0x23, 0x3c, 0x7e, 0x3f, 0x6e, 0xbc, 0x1d, 0x27, 0x88, 0x3e,
    0x39, 0xb8, 0x26, 0x40, 0x1d, 0xbe, 0x3a, 0x38, 0x99, 0xb6, 0x77, 0x3c, 0x6f, 0x36, 0x33, 0xbd,
    0x63, 0x3e, 0x5c, 0x3f, 0xd2, 0x3e, 0x54, 0x3a, 0x3f, 0x3c, 0x01, 0xc0, 0xa0, 0x3c, 0x8b, 0xb9,
    0x1c, 0x37, 0xe9, 0x39, 0x59, 0x3a, 0x99, 0x39, 0x35, 0x3e, 0x50, 0xb9, 0x5a, 0x2b, 0x25, 0x3b,
    0xeb, 0xbc, 0xf4, 0xba, 0x1c, 0xba, 0x70, 0xaa, 0x02, 0x34, 0xfa, 0x2d, 0xf5, 0x39, 0xea, 0x37,
    0x3c, 0x32, 0xf4, 0xb9, 0x72, 0xb9, 0xa9, 0x3c, 0xec, 0xb7, 0xef, 0x3d, 0x15, 0xc0, 0xb0, 0x3c,
    0x78, 0x38, 0x49, 0x2e, 0xb8, 0x37, 0xb7, 0xb5, 0x8e, 0xb8, 0x35, 0x40, 0x26, 0xbc, 0x34, 0xbc,
    0x24, 0xbc, 0x06, 0xb9, 0xe4, 0x30, 0x24, 0xb8, 0x22, 0x32, 0xd6, 0xa4, 0x20, 0xb4, 0x8d, 0x3c,
    0x29, 0xb6, 0xb9, 0xbb, 0x47, 0xb8, 0xd1, 0x36, 0xe2, 0xac, 0x02, 0x3c, 0x1a, 0x3d, 0x2d, 0x3e,
    0x15, 0xc0, 0xd6, 0xb3, 0x93, 0x32, 0x16, 0xc0, 0x97, 0xc0, 0x10, 0xc1, 0xc0, 0xbc, 0x61, 0x30,
    0x03, 0x38, 0x6c, 0xb9, 0xa9, 0xaf, 0x00, 0x32, 0x8b, 0xb9, 0x16, 0x3b, 0x9b, 0xb3, 0x62, 0x3b,
    0xbf, 0xbc, 0x5b, 0xbb, 0x5f, 0x3d, 0x23, 0xbc, 0x38, 0xc2, 0x77, 0x38, 0x6b, 0x37, 0x24, 0xbf,
    0xf9, 0x3a, 0x17, 0x39, 0x25, 0x39, 0xb4, 0x2e, 0x80, 0x34, 0x6f, 0xb7, 0x8f, 0xba, 0x5f, 0xb6,
    0xc7, 0xc0, 0x94, 0x37, 0xdc, 0x2b, 0xe8, 0xb9, 0xae, 0x3c, 0x20, 0x3c, 0x29, 0xc0, 0x79, 0x38,
    0x38, 0x3c, 0x36, 0xbc, 0x3d, 0x32, 0x39, 0xb0, 0x5a, 0xb0, 0x59, 0xb7, 0xac, 0x36, 0x95, 0x36,
    0x4a, 0xb9, 0x7c, 0xb7, 0x31, 0xba, 0x77, 0x41, 0xf5, 0x35, 0x14, 0x3c, 0x69, 0xbb, 0xd1, 0x34,
    0xeb, 0xbc, 0xe3, 0x36, 0xad, 0xb1, 0xa8, 0xb4, 0xa5, 0xbb, 0xf1, 0xb4, 0x6a, 0x38, 0x0d, 0x37,
    0xc7, 0x24, 0x92, 0x22, 0x17, 0xbe, 0xf3, 0xa8, 0x3e, 0x39, 0x8d, 0x39, 0xc0, 0x38, 0x66, 0xb8,
    0xdc, 0x37, 0x71, 0xb8, 0x61, 0x3a, 0x73, 0xc0, 0x0f, 0x3f, 0x55, 0x39, 0x07, 0x3a, 0xb2, 0x3b,
    0x44, 0x34, 0xa2, 0x34, 0xf8, 0x36, 0x37, 0x40, 0x45, 0xb1, 0xfa, 0x3b, 0x10, 0xba, 0x79, 0x31,
    0x7d, 0x38, 0x53, 0x21, 0x93, 0xa7, 0x9b, 0xbd, 0x10, 0xb0, 0x5b, 0xb6, 0x63, 0xba, 0x0b, 0xbe,
    0xbf, 0xb5, 0x74, 0xae, 0xe7, 0xb9, 0xa9, 0x38, 0x63, 0xba, 0x5d, 0xbb, 0x3e, 0x3d, 0x85, 0xba,
    0x8a, 0xba, 0xf0, 0x33, 0x6c, 0xb0, 0x68, 0x36, 0x62, 0x35, 0xc6, 0xb3, 0x08, 0x39, 0x0c, 0x20,
    0xe0, 0xb6, 0x5d, 0x3e, 0x7c, 0x38, 0x7e, 0x3a, 0x21, 0x33, 0x4c, 0xb9, 0x50, 0x39, 0x6f, 0xb5,
    0xc3, 0xb8, 0xf0, 0xb9, 0x53, 0xbb, 0x95, 0x3e, 0x54, 0xbb, 0x66, 0x32, 0x84, 0x3a, 0xee, 0x38,
    0xb9, 0x36, 0x2e, 0x38, 0xef, 0xbc, 0xc2, 0x39, 0x1c, 0x32, 0x83, 0xb6, 0x04, 0x3c, 0x79, 0xc1,
    0x24, 0x3c, 0x58, 0x3e, 0x4b, 0xb0, 0x02, 0x3a, 0x44, 0xad, 0x6a, 0xb7, 0xea, 0x2d, 0x0e, 0x39,
    0xdc, 0xb8, 0x0c, 0x37, 0x56, 0xbc, 0xbb, 0x38, 0xe0, 0x3e, 0xe2, 0x35, 0x4b, 0xb5, 0xf9, 0x33,
    0xa0, 0xc1, 0x66, 0xbd, 0xda, 0xba, 0xf3, 0x38, 0x0f, 0xba, 0x93, 0xb5, 0x58, 0x3d, 0xa0, 0xb2,
    0xf5, 0x3e, 0x91, 0xb0, 0x8a, 0x35, 0x6d, 0x36, 0xfa, 0x33, 0x8d, 0x3c, 0x7c, 0x3c, 0x06, 0xb9,
    0xd5, 0x38, 0x38, 0xb6, 0x0a, 0x3a, 0xda, 0x40, 0xbc, 0xb9, 0x7a, 0xac, 0xac, 0xbf, 0xa3, 0xbf,
    0xe5, 0xaf, 0x78, 0xbd, 0xe0, 0x36, 0x20, 0xb4, 0x60, 0xb7, 0x37, 0x33, 0xa1, 0x2c, 0x67, 0xb8,
    0x32, 0x34, 0x7f, 0x36, 0xd4, 0x33, 0x7a, 0xb0, 0x2a, 0xbd, 0x41, 0xb5, 0x0c, 0x3d, 0x40, 0x34,
    0x0a, 0xb6, 0x4d, 0x3d, 0xe2, 0x31, 0x56, 0xb9, 0x18, 0x3c, 0x2b, 0xbf, 0x7a, 0x3f, 0x9a, 0x3b,
    0x48, 0xbd, 0x84, 0x37, 0x11, 0xba, 0x3c, 0xb8, 0x37, 0x3e, 0x2e, 0x38, 0x4f, 0xb5, 0x69, 0xbb,
    0xef, 0x3b, 0xca, 0xbb, 0x48, 0x3c, 0xf5, 0x38, 0x0f, 0x40, 0x31, 0x39, 0x89, 0x34, 0x0a, 0x3c,
    0x8c, 0xb5, 0x86, 0xb0, 0x61, 0xb6, 0x64, 0x38, 0x4b, 0x36, 0xf5, 0xb7, 0xbc, 0x39, 0xcb, 0x3c,
    0x03, 0x3d, 0x12, 0x28, 0x45, 0xb1, 0x5d, 0x36, 0x9f, 0x23, 0x8f, 0xba, 0x8b, 0xbe, 0x86, 0xa6,
    0x41, 0xbf, 0x95, 0x3a, 0x8b, 0xb9, 0x65, 0x37, 0xa9, 0xbf, 0xdf, 0xa4, 0x48, 0xc0, 0x6a, 0xb1,
    0xfd, 0xbd, 0xe7, 0x35, 0xed, 0x3d, 0x24, 0x2e, 0xda, 0xb1, 0x51, 0xae, 0xed, 0xb4, 0x02, 0x38,
    0x88, 0xba, 0xcc, 0xbc, 0x9a, 0x3c, 0xa7, 0x3c, 0x51, 0xb1, 0xd8, 0x35, 0x65, 0xa9, 0x5e, 0x38,
    0xf6, 0xb4, 0x04, 0xbf, 0x52, 0x42, 0x90, 0xb9, 0x7e, 0x3d, 0xf7, 0x39, 0xaf, 0xbc, 0xd4, 0x3a,
    0x17, 0x39, 0x8e, 0xbc, 0x1c, 0x3e, 0x22, 0x3d, 0xad, 0x30, 0xce, 0xb7, 0x59, 0xbc, 0x2f, 0x39,
    0x12, 0xb7, 0x5e, 0x36, 0x50, 0x3b, 0x36, 0xb6, 0x03, 0xba, 0xfb, 0x39, 0xde, 0xbd, 0x94, 0x38,
    0x69, 0xb9, 0x74, 0xb0, 0x28, 0x3b, 0xb7, 0x37, 0x7f, 0x25, 0x98, 0xb0, 0x09, 0x40, 0x70, 0xac,
    0x6f, 0xbd, 0x00, 0xb2, 0x55, 0xbd, 0x6b, 0x38, 0x5c, 0xa9, 0xd8, 0x3c, 0xff, 0xbc, 0x87, 0xc1,
    0x3c, 0x38, 0x09, 0xb9, 0x59, 0x41, 0x92, 0x34, 0xcc, 0x38, 0x56, 0xba, 0x50, 0xba, 0xb2, 0x3d,
    0x64, 0xba, 0xa3, 0xb8, 0xe3, 0x39, 0x06, 0x38, 0xad, 0x37, 0x10, 0xbe, 0x09, 0xbc, 0x67, 0xbe,
    0x55, 0x39, 0x5b, 0xb3, 0x44, 0xba, 0x2d, 0x39, 0x12, 0xbd, 0xa1, 0x39, 0x27, 0xb8, 0x0a, 0x1e,
    0xbc, 0xbe, 0xc2, 0x31, 0xb6, 0x3e, 0xa4, 0xb8, 0xc3, 0x35, 0x2b, 0x3a, 0x90, 0xa8, 0xdb, 0x32,
    0x25, 0xbe, 0xd7, 0xbb, 0x4e, 0x3a, 0x40, 0x3e, 0xf8, 0x28, 0x3e, 0xbd, 0x53, 0xb8, 0xfc, 0xbc,
    0x55, 0x35, 0x6b, 0x3a, 0x7f, 0x28, 0xc0, 0x3d, 0x3b, 0xbf, 0x57, 0xbc, 0xfd, 0xac, 0x8f, 0x3a,
    0x9b, 0xb5, 0x89, 0x39, 0x10, 0xb8, 0x7b, 0x3c, 0x3f, 0xbd, 0x94, 0xb0, 0x43, 0x36, 0x57, 0xb8,
    0xee, 0x37, 0x9c, 0xb8, 0xe6, 0x37, 0x8d, 0x3e, 0x3a, 0xc0, 0xb4, 0xb9, 0x6a, 0x34, 0xf2, 0x35,
    0xbe, 0xbb, 0xce, 0x40, 0x2d, 0xbb, 0x6c, 0x38, 0x86, 0xbc, 0x39, 0xbb, 0xe4, 0xbd, 0xc4, 0x36,
    0x1a, 0x3a, 0xbe, 0x38, 0xef, 0xb4, 0x89, 0xbc, 0x40, 0xb1, 0xda, 0x3e, 0x2b, 0x31, 0x01, 0xb2,
    0x9d, 0xbb, 0xa4, 0xb3, 0x3a, 0xba, 0x59, 0xbe, 0x2b, 0xbb, 0x9c, 0x3a, 0xbb, 0xbb, 0xb4, 0xb9,
    0x67, 0x3d, 0xad, 0xa0, 0x7a, 0xb9, 0x6a, 0xb4, 0x8b, 0x36, 0xe6, 0xaa, 0x3a, 0xb9, 0xa6, 0xa7,
    0x3d, 0xc0, 0x0d, 0x3e, 0x98, 0x40, 0x06, 0x38, 0x44, 0x3f, 0x96, 0xbc, 0x2d, 0xaf, 0xbb, 0x3f,
    0xb8, 0x3c, 0x08, 0x3e, 0xda, 0x34, 0xef, 0x3e, 0x6a, 0x3f, 0xa3, 0x3e, 0x53, 0x28, 0x02, 0x26,
    0xbf, 0xbb, 0xcf, 0xb4, 0xdd, 0x3a, 0x1c, 0x36, 0x08, 0xb9, 0xbf, 0x39, 0x25, 0xad, 0x12, 0xbc,
    0x77, 0xc0, 0x08, 0xb7, 0x4a, 0x31, 0x4e, 0xb8, 0x6a, 0xb8, 0x09, 0x32, 0xe5, 0x39, 0xb0, 0x3b,
    0x30, 0xb8, 0x2f, 0xb8, 0x66, 0x30, 0x5d, 0xb9, 0x58, 0xba, 0x3f, 0xb8, 0x9f, 0xbe, 0x4c, 0xaa,
    0xff, 0xb7, 0x89, 0xb6, 0xc1, 0x3c, 0x60, 0x35, 0x8f, 0xb1, 0x06, 0xbc, 0xa3, 0x3b, 0x68, 0xbc,
    0x87, 0x38, 0x96, 0xbc, 0x92, 0x32, 0x06, 0xbe, 0x3d, 0xbb, 0xdf, 0x3c, 0x1a, 0xab, 0x03, 0xbc,
    0xb4, 0x3d, 0x68, 0xb1, 0xee, 0xbe, 0xe4, 0x33, 0x2b, 0x27, 0x18, 0x36, 0xbb, 0xb6, 0x06, 0xb6,
    0x57, 0x3c, 0x88, 0xb8, 0x80, 0xb5, 0x77, 0x39, 0xbe, 0x3c, 0x85, 0xb0, 0x9b, 0x3e, 0x19, 0xb9,
    0x84, 0xbc, 0x08, 0x3d, 0x07, 0x41, 0xf2, 0xba, 0x3d, 0x3a, 0x32, 0xb9, 0xec, 0xb9, 0xc0, 0x35,
    0x50, 0xb8, 0x34, 0x3e, 0x7f, 0x2d, 0xea, 0xbd, 0x7c, 0xa9, 0x36, 0x2f, 0x72, 0x3f, 0x69, 0x3c,
    0xe9, 0x3d, 0xcd, 0xaa, 0x99, 0xb9, 0x33, 0xbb, 0x8a, 0x2e, 0x6f, 0xbb, 0x31, 0xbf, 0xa2, 0x31,
    0x3d, 0xb8, 0x4c, 0x35, 0xb4, 0x3e, 0x81, 0xbc, 0xa5, 0x3d, 0x48, 0x40, 0xd2, 0x3f, 0x53, 0xbd,
    0x55, 0x3a, 0x4b, 0xbc, 0x40, 0x3d, 0x0f, 0x26, 0x43, 0x3b, 0xaf, 0x40, 0x7e, 0x39, 0x2a, 0xbe,
    0x33, 0x38, 0xe4, 0xb8, 0x64, 0xb8, 0x69, 0x34, 0xda, 0x39, 0x7b, 0x33, 0x15, 0xb3, 0x8b, 0xb9,
    0x2a, 0x15, 0x40, 0xb8, 0x82, 0xba, 0x21, 0x40, 0xf6, 0x37, 0x8f, 0xba, 0xb8, 0x3a, 0xe5, 0x3c,
    0x15, 0xba, 0xcd, 0x3a, 0xe3, 0x36, 0xdb, 0xb6, 0x5e, 0xb8, 0xc3, 0xb8, 0xe2, 0x31, 0x75, 0xae,
    0x85, 0x36, 0x43, 0xbe, 0xc3, 0xbd, 0x38, 0xbc, 0x17, 0xb8, 0xc0, 0x3c, 0x4d, 0x3e, 0x7f, 0xb6,
    0x24, 0x35, 0x9d, 0xb6, 0xdf, 0xbc, 0x1e, 0x3d, 0x11, 0x35, 0x8d, 0x40, 0x0c, 0x38, 0xeb, 0x37,
    0xab, 0xba, 0x92, 0x36, 0xfa, 0xbd, 0x51, 0x34, 0xb4, 0x38, 0xe3, 0x3a, 0x2e, 0xba, 0xd1, 0xbd,
    0x51, 0x36, 0x46, 0xba, 0x8c, 0x36, 0x58, 0x33, 0x54, 0x3d, 0xc5, 0xb7, 0x13, 0xc0, 0x93, 0x32,
    0x3a, 0xbc, 0x13, 0xbc, 0x8c, 0xbd, 0xd7, 0x3c, 0x2f, 0xba, 0x39, 0xb9, 0x60, 0xb7, 0xf8, 0xbe,
    0x4e, 0x34, 0x46, 0xbc, 0x9e, 0x39, 0x2b, 0x3e, 0x74, 0xba, 0x4a, 0xb8, 0x87, 0xa5, 0xcf, 0x29,
    0x28, 0xaa, 0x4d, 0xbe, 0x07, 0x3a, 0xa8, 0x3c, 0x2d, 0x36, 0x93, 0x36, 0x86, 0x35, 0x81, 0x32,
    0x7a, 0xbb, 0x85, 0xaa, 0xe1, 0xb6, 0x98, 0xb6, 0x53, 0x35, 0x2f, 0xbd, 0xc6, 0x32, 0x1f, 0x3e,
    0x2f, 0x2d, 0x34, 0x3e, 0xc5, 0xc0, 0xdb, 0xb7, 0x5e, 0xb8, 0x4c, 0xb5, 0x3e, 0xb6, 0x8a, 0x38,
    0xc1, 0xbc, 0x77, 0x3c, 0x1e, 0x33, 0x4c, 0x34, 0xd4, 0xbd, 0x99, 0xb9, 0xd4, 0xb4, 0x2f, 0x32,
    0x76, 0xb3, 0xcd, 0x35, 0xd0, 0x39, 0xd2, 0x41, 0x20, 0x39, 0x8e, 0xb4, 0x68, 0x3d, 0x02, 0xbe,
    0xaf, 0xa5, 0xac, 0x3a, 0xbf, 0xbd, 0x30, 0x2f, 0xa5, 0xb6, 0x5f, 0x2f, 0x15, 0x2d, 0x43, 0xbc,
    0xfa, 0x3b, 0xcd, 0xb2, 0x6e, 0xbc, 0x50, 0x36, 0xf7, 0x37, 0x8f, 0xb3, 0xf9, 0x36, 0x40, 0xc1,
    0x3f, 0xb4, 0xae, 0x39, 0xba, 0x3f, 0x5b, 0xb2, 0xe9, 0x3c, 0x63, 0x39, 0xff, 0x36, 0x59, 0xb9,
    0xa6, 0xad, 0x60, 0xbb, 0xa6, 0xb9, 0x85, 0x37, 0x74, 0xb9, 0xd4, 0xbd, 0xe8, 0x32, 0x96, 0x3f,
    0xd1, 0xa4, 0xa0, 0xb6, 0x9f, 0x3e, 0x2c, 0xb8, 0x7d, 0x3f, 0x35, 0x3c, 0xac, 0xc2, 0x35, 0x35,
    0xbd, 0x38, 0x69, 0x3d, 0x98, 0xb6, 0x43, 0xb8, 0xb9, 0x37, 0x1a, 0x3b, 0x25, 0x37, 0xbb, 0xbb,
    0xa7, 0x38, 0x8e, 0xb9, 0xbd, 0x30, 0x42, 0x35, 0xb6, 0xb5, 0x7b, 0xbb, 0xdd, 0x2f, 0x40, 0xba,
    0x6d, 0xbb, 0x1f, 0x3d, 0xf5, 0x36, 0x2a, 0xbc, 0x83, 0xb6, 0x1b, 0x29, 0x37, 0xbb, 0xb1, 0xbb,
    0x4e, 0xb8, 0xf3, 0x33, 0xcd, 0xbc, 0x60, 0x38, 0xe4, 0x40, 0x4b, 0xb8, 0x7a, 0xac, 0x4e, 0xb5,
    0xd6, 0xb6, 0x87, 0x3f, 0x44, 0x2e, 0xca, 0xb9, 0x70, 0xbe, 0x39, 0xb9, 0x1f, 0xbd, 0x5f, 0xb6,
    0x72, 0x39, 0x46, 0x39, 0x08, 0xbd, 0x1d, 0xbb, 0xee, 0x40, 0x3e, 0xbf, 0x84, 0xbc, 0xe2, 0xab,
    0x38, 0xbd, 0x07, 0xbd, 0x30, 0xbb, 0x5d, 0xb9, 0x9b, 0xb2, 0x99, 0x3f, 0xce, 0x3a, 0x92, 0xbe,
    0x5d, 0xb9, 0x8e, 0x36, 0xbd, 0x39, 0x8c, 0xbd, 0xb9, 0xae, 0x04, 0xbd, 0x18, 0x3f, 0xb0, 0x37,
    0x4b, 0xbc, 0xbe, 0xbc, 0x08, 0x41, 0x48, 0xac, 0x16, 0xb2, 0x9c, 0x2d, 0x41, 0x28, 0x16, 0x37,
    0xe4, 0x35, 0xa6, 0x35, 0x77, 0x38, 0x28, 0xbb, 0x0b, 0xb8, 0xcf, 0xad, 0x5c, 0x34, 0x90, 0xbe,
    0xbf, 0x39, 0x48, 0x3a, 0xe2, 0xb6, 0xb4, 0x36, 0xc4, 0xbd, 0xc7, 0xb4, 0x88, 0xb2, 0x3c, 0x41,
    0x80, 0x35, 0xf6, 0x33, 0x20, 0x33, 0xb8, 0x36, 0x48, 0xb7, 0x27, 0x3d, 0xdb, 0xbb, 0xde, 0x39,
    0x1a, 0xb2, 0x86, 0xb9, 0x03, 0xb8, 0x6b, 0xbc, 0xae, 0x3d, 0xe4, 0xbb, 0xe7, 0x38, 0xa4, 0xb9,
    0xa4, 0xbd, 0x05, 0xbb, 0xf6, 0x3f, 0x3c, 0xb7, 0x0a, 0x35, 0x52, 0x38, 0x1f, 0x40, 0xe4, 0xc0,
    0x5f, 0xba, 0x6c, 0x2d, 0xf9, 0x3b, 0xc1, 0x3a, 0x41, 0xba, 0xbd, 0x3a, 0xf1, 0xa7, 0x8d, 0xba,
    0x7f, 0x32, 0x5a, 0x30, 0x5e, 0x39, 0x70, 0x2e, 0x43, 0x34, 0xd3, 0xb5, 0x46, 0x3d, 0x15, 0x3a,
    0x6a, 0x3d, 0x95, 0xae, 0xa8, 0x3c, 0x5a, 0xbd, 0x07, 0xba, 0xe0, 0xbf, 0x3c, 0xb4, 0x58, 0xba,
    0xa9, 0x38, 0x08, 0x3c, 0xc3, 0x38, 0x70, 0xbe, 0x63, 0x2f, 0xe5, 0xb1, 0x4a, 0xba, 0xfd, 0x3a,
    0xed, 0x30, 0xd5, 0x33, 0xb4, 0x38, 0x22, 0x33, 0x3a, 0x2a, 0x44, 0xb6, 0xe5, 0xbc, 0xfd, 0x39,
    0x7d, 0x36, 0x43, 0x38, 0xe9, 0xbf, 0x06, 0x35, 0x39, 0xba, 0xea, 0xbb, 0xe3, 0xbf, 0x29, 0x2c,
    0xf1, 0x3e, 0x8c, 0x31, 0xdb, 0x38, 0xab, 0x3f, 0xf9, 0xb7, 0x2b, 0xb6, 0xbb, 0x39, 0x09, 0x37,
    0x9b, 0xbe, 0xc3, 0x39, 0xe5, 0xc0, 0x33, 0xb4, 0xd9, 0x3d, 0x55, 0xb6, 0x46, 0x24, 0x2d, 0xb7,
    0x4e, 0x35, 0xc2, 0x36, 0x21, 0xbf, 0xe2, 0xba, 0xbe, 0x3d, 0x5b, 0xb3, 0x0d, 0x40, 0xc1, 0x33,
    0x8c, 0xbd, 0x60, 0x41, 0x8a, 0x37, 0xf5, 0xb2, 0x29, 0x2c, 0xb6, 0x3a, 0x23, 0x3a, 0xc5, 0x35,
    0xa5, 0xc0, 0xee, 0xbe, 0xca, 0x2c, 0xa1, 0xb3, 0x63, 0xba, 0x0f, 0x39, 0xe9, 0x3d, 0xb6, 0x3a,
    0xff, 0x32, 0x40, 0x3a, 0x5f, 0x35, 0x08, 0x38, 0x09, 0x34, 0xef, 0x3b, 0xc0, 0x35, 0x13, 0x29,
    0x24, 0xbd, 0xe4, 0xba, 0x63, 0x2f, 0xb8, 0xb3, 0x28, 0xbc, 0x1e, 0xbb, 0x45, 0x3f, 0x7a, 0xb8,
    0x0c, 0x3f, 0xb4, 0xb1, 0x17, 0x36, 0x31, 0xad, 0x2c, 0x30, 0x21, 0xb9, 0x3a, 0x3a, 0x3c, 0x28,
    0x02, 0xac, 0xb8, 0x36, 0xc3, 0xb9, 0xb5, 0xb6, 0xd5, 0x39, 0x74, 0xb8, 0x6b, 0x37, 0x92, 0x3b,
    0xf4, 0x34, 0xe9, 0xb8, 0xae, 0xb7, 0xb5, 0x39, 0x2c, 0xbc, 0x21, 0xbc, 0xff, 0xbb, 0x3d, 0xb9,
    0x72, 0x3d, 0x6e, 0xb8, 0x9f, 0x3c, 0x41, 0xc0, 0xd1, 0xb4, 0x01, 0xbb, 0x34, 0xb8, 0xea, 0xad,
    0x10, 0x3c, 0x04, 0x37, 0x45, 0x3c, 0x9c, 0xa9, 0x94, 0x2b, 0xb3, 0xbb, 0x20, 0xb8, 0x70, 0x36,
    0x5d, 0x3b, 0xc6, 0xbb, 0xf8, 0x3d, 0x9f, 0x3a, 0x85, 0xb3, 0x41, 0x3c, 0x35, 0x40, 0x1e, 0x3e,
    0x3b, 0x3d, 0x00, 0xbc, 0x92, 0xc1, 0x6e, 0xba, 0x44, 0xb9, 0x36, 0xba, 0x49, 0x3c, 0x14, 0xbc,
    0x41, 0x25, 0xf8, 0x3d, 0x92, 0x3a, 0xfd, 0xb9, 0xab, 0x39, 0x3d, 0x30, 0x88, 0xb1, 0xd4, 0x3e,
    0x21, 0x31, 0x30, 0xb2, 0xff, 0x3e, 0x5f, 0x3a, 0x27, 0x36, 0x76, 0xa9, 0x63, 0xbc, 0x82, 0x37,
    0x66, 0x3c, 0x23, 0x35, 0xe2, 0xb1, 0x7c, 0x39, 0x10, 0xbd, 0xd6, 0x3d, 0x43, 0x3b, 0xfb, 0xb5,
    0xb0, 0xbd, 0x4d, 0xbd, 0xcd, 0x34, 0xb0, 0x3c, 0x9e, 0xbb, 0x59, 0x3f, 0x22, 0xbd, 0xee, 0xb0,
    0xc6, 0x31, 0x46, 0xb9, 0x40, 0xb7, 0x71, 0x3e, 0xad, 0x3b, 0x81, 0x35, 0x63, 0x38, 0xb9, 0xbb,
    0xa3, 0xb6, 0x71, 0x3f, 0xb8, 0x3e, 0x82, 0xae, 0x72, 0x3a, 0xee, 0xb1, 0x48, 0x3b, 0x6e, 0x40,
    0x4d, 0x35, 0x21, 0xbc, 0x62, 0xb9, 0xd1, 0xb9, 0xa2, 0x2f, 0x36, 0xb3, 0x93, 0xb8, 0x05, 0x3b,
    0x0f, 0xb9, 0x41, 0x2d, 0x39, 0x38, 0x78, 0x3f, 0x15, 0xb5, 0xa9, 0xb0, 0x31, 0x3d, 0x50, 0xbe,
    0xf9, 0x35, 0xb3, 0xb3, 0x9f, 0xb0, 0x82, 0xbb, 0x39, 0x3c, 0x70, 0xbc, 0x43, 0xa9, 0x3b, 0xb7,
    0x3a, 0xbc, 0x88, 0xac, 0x2d, 0xb8, 0x9b, 0xb4, 0x10, 0xb7, 0xe5, 0x39, 0x01, 0xb8, 0xa4, 0xb6,
    0xf0, 0x40, 0xd0, 0x35, 0x67, 0xbb, 0xc0, 0x3d, 0x66, 0x41, 0x9a, 0xbf, 0x88, 0xb6, 0x1f, 0xbf,
    0x25, 0xb9, 0x52, 0xb4, 0xc0, 0xbd, 0x75, 0x37, 0x1d, 0xb5, 0x00, 0x3f, 0x4d, 0xaf, 0x7e, 0x2c,
    0xe6, 0x3b, 0x8d, 0xba, 0x94, 0xbb, 0x80, 0xbb, 0x4a, 0x37, 0xfe, 0x2f, 0x14, 0xbd, 0x53, 0x33,
    0x82, 0x39, 0xd5, 0xb2, 0x7d, 0x39, 0x44, 0x3b, 0x5f, 0xbf, 0xf6, 0xc0, 0x89, 0xa8, 0x08, 0x31,
    0x60, 0x3f, 0x91, 0x39, 0xb9, 0x38, 0x11, 0x38, 0x33, 0x3c, 0x90, 0xbd, 0x5d, 0x39, 0x86, 0xba,
    0x8f, 0x36, 0xe0, 0xbb, 0x99, 0x3a, 0x0a, 0xbe, 0x6f, 0x3c, 0xe2, 0xba, 0x47, 0xb6, 0x8f, 0xb9,
    0xa7, 0xb2, 0x62, 0xbc, 0x0c, 0xae, 0x37, 0xbd, 0x70, 0xb9, 0xe5, 0xa9, 0x98, 0xb9, 0x39, 0x39,
    0xf6, 0xb5, 0xcc, 0x3b, 0x03, 0xbc, 0xf6, 0xbb, 0xcf, 0x34, 0x28, 0x29, 0xe6, 0xb7, 0x65, 0xb6,
    0xd1, 0x3e, 0xe4, 0xbc, 0x14, 0x40, 0xb5, 0x3c, 0xa2, 0xb5, 0x58, 0x3e, 0x66, 0x3b, 0xb9, 0x3c,
    0x0b, 0xbc, 0x59, 0xb8, 0x5a, 0xb9, 0x09, 0xbf, 0x8e, 0x42, 0xbf, 0x33, 0xd0, 0x38, 0x0b, 0x39,
    0x72, 0xb2, 0x7b, 0x3a, 0xca, 0x30, 0x5d, 0xbb, 0x96, 0x3e, 0xc5, 0x3d, 0xb3, 0x2a, 0x20, 0xb5,
    0x42, 0xb7, 0xa7, 0xb5, 0x7c, 0x3b, 0x73, 0xbd, 0x33, 0x33, 0x8e, 0xb9, 0xd2, 0xb5, 0x4d, 0x17,
    0xa4, 0x33, 0xf7, 0xb8, 0x76, 0x37, 0xbe, 0xb4, 0x76, 0x34, 0xe6, 0xbc, 0xed, 0xb4, 0xd2, 0xb9,
    0x57, 0x31, 0xcf, 0xb9, 0x66, 0xb9, 0x96, 0xb6, 0x67, 0x36, 0xd4, 0xb5, 0xb2, 0xb5, 0x0f, 0xb6,
    0x98, 0xbd, 0x35, 0xbe, 0x00, 0xba, 0xd7, 0xb1, 0x4b, 0xbb, 0x92, 0x3d, 0xa9, 0x3b, 0x1b, 0x21,
    0x6a, 0x38, 0x2b, 0x3d, 0x07, 0x33, 0x86, 0x41, 0x04, 0xb8, 0x99, 0xb8, 0x97, 0xbc, 0x8c, 0xa2,
    0x51, 0x34, 0x31, 0xbb, 0x2e, 0xbd, 0x90, 0xbe, 0xea, 0x3c, 0x6f, 0xbc, 0x84, 0xba, 0x55, 0xba,
    0xc9, 0x36, 0x15, 0xba, 0x7f, 0xba, 0xca, 0xba, 0x63, 0xb6, 0x90, 0xbc, 0x9b, 0xb9, 0x99, 0xc0,
    0x4a, 0x35, 0xc4, 0x35, 0x29, 0x3c, 0x02, 0xbf, 0xfd, 0x3c, 0x38, 0xbd, 0x82, 0xbc, 0xd8, 0xb8,
    0xb2, 0x39, 0xf5, 0xbd, 0x07, 0x3c, 0x6c, 0x34, 0xd9, 0xad, 0x4c, 0x3e, 0x1f, 0xbd, 0x0f, 0xb8,
    0x41, 0x37, 0x9a, 0xb3, 0x5f, 0x39, 0x37, 0x3d, 0x5d, 0x3a, 0x42, 0x39, 0x25, 0xb6, 0xd6, 0x39,
    0x98, 0x3c, 0x9e, 0xab, 0xac, 0xb2, 0xf7, 0x39, 0x38, 0x32, 0x79, 0xb6, 0xe6, 0xb1, 0x75, 0xbc,
    0x7b, 0xb8, 0x3c, 0x27, 0x19, 0x38, 0xe9, 0x3d, 0x7c, 0x29, 0x9c, 0xb8, 0x0f, 0x3c, 0x5b, 0x35,
    0x34, 0x3c, 0xa1, 0x3e, 0xf6, 0x36, 0xbb, 0xb5, 0xfd, 0x3a, 0x62, 0xb8, 0x9e, 0xbc, 0x41, 0x40,
    0xbb, 0xbb, 0xa8, 0xaf, 0xe1, 0x34, 0xfa, 0x35, 0x67, 0xbc, 0x18, 0x3b, 0x8c, 0x31, 0x08, 0xbe,
    0x4c, 0xb3, 0xe3, 0x34, 0x8a, 0xbb, 0x7f, 0x3a, 0xd2, 0xc0, 0xaa, 0x39, 0xc4, 0xc1, 0x1f, 0xbd,
    0xb0, 0xb4, 0x6d, 0xb1, 0x28, 0xb2, 0x8e, 0x38, 0xf2, 0xbc, 0x75, 0x39, 0xc5, 0x3b, 0xd2, 0xbf,
    0x86, 0x39, 0x57, 0x3c, 0x56, 0xb9, 0x19, 0xb9, 0x16, 0x3c, 0x1c, 0x35, 0x70, 0x32, 0xf8, 0x35,
    0x53, 0x35, 0xca, 0x38, 0x9a, 0xb4, 0x86, 0xb7, 0xd0, 0x38, 0x51, 0xb8, 0x4b, 0xb8, 0xf0, 0xa8,
    0x0f, 0xbc, 0xf1, 0x35, 0xbb, 0xbc, 0xaf, 0x3d, 0x08, 0x3d, 0x16, 0xac, 0xaa, 0x28, 0x0e, 0xbe,
    0xac, 0xbe, 0xcb, 0x31, 0x5e, 0xbe, 0xe9, 0xbd, 0x0e, 0x35, 0x82, 0xb7, 0xca, 0x39, 0x10, 0x39,
    0xe2, 0x38, 0xcd, 0xb8, 0x96, 0xb7, 0x44, 0x3c, 0xbe, 0xba, 0xc5, 0x3a, 0xcf, 0x38, 0x48, 0x3c,
    0x08, 0x3f, 0x35, 0x40, 0x6c, 0xb7, 0x45, 0x39, 0x37, 0x3f, 0x28, 0x3b, 0x59, 0x39, 0x5a, 0xb9,
    0xd6, 0xb7, 0x6d, 0x3c, 0xbe, 0xbe, 0x35, 0x3c, 0xc1, 0x30, 0x31, 0x35, 0x4c, 0xba, 0xa8, 0xb0,
    0x47, 0xb2, 0x3d, 0xbf, 0xec, 0x37, 0xb4, 0x38, 0x76, 0xb6, 0xfd, 0xc0, 0x09, 0x34, 0x37, 0xb5,
    0x86, 0x3b, 0x93, 0xb4, 0x67, 0xbd, 0xfe, 0xb0, 0x06, 0x39, 0xd7, 0xbb, 0x1e, 0xb7, 0x2c, 0x3e,
    0x06, 0xbe, 0x33, 0xb8, 0xb8, 0x38, 0x53, 0xb9, 0x04, 0xc0, 0x43, 0x3d, 0x40, 0x38, 0x18, 0x35,
    0x36, 0xbd, 0x39, 0xba, 0x60, 0xb4, 0xa8, 0x31, 0xe7, 0x3c, 0x57, 0x3e, 0xe9, 0x34, 0xf6, 0x35,
    0xe9, 0x38, 0x87, 0x3a, 0xd0, 0xc1, 0xdd, 0xb7, 0xfc, 0x3b, 0x08, 0x34, 0x0c, 0xbf, 0x2e, 0x3c,
    0x73, 0x34, 0x3b, 0xbe, 0xb2, 0xb8, 0x8c, 0xb8, 0xf0, 0x38, 0xed, 0xac, 0x95, 0xb6, 0xfe, 0x40,
    0x07, 0x37, 0x16, 0x3e, 0xd1, 0xad, 0x6b, 0xc1, 0xe0, 0x2e, 0x59, 0xc1, 0x11, 0xba, 0x10, 0x2d,
    0xa1, 0x3b, 0x62, 0x3a, 0xdd, 0x35, 0xf0, 0x32, 0x50, 0x25, 0xf6, 0x3f, 0x15, 0xbc, 0xd2, 0x3d,
    0x98, 0xb6, 0x3e, 0x38, 0xd0, 0x35, 0x11, 0xb9, 0xcc, 0x37, 0x2c, 0x38, 0xe2, 0xb8, 0xc5, 0xb8,
    0xf6, 0xbc, 0xac, 0x3e, 0x32, 0xbb, 0x8b, 0xb4, 0xcd, 0xb0, 0x88, 0xb9, 0x38, 0x40, 0xc9, 0x3b,
    0x94, 0x24, 0x53, 0x3e, 0x74, 0xb5, 0x76, 0xb8, 0x71, 0xbc, 0x1a, 0xc0, 0xdc, 0xb0, 0x0b, 0x35,
    0xb3, 0x3a, 0x9e, 0xb5, 0xe5, 0x34, 0xa7, 0x3c, 0x9e, 0xb5, 0xe1, 0xad, 0x5b, 0xb2, 0xaa, 0x2c,
    0x1b, 0x27, 0x4d, 0x39, 0x1e, 0xad, 0xa9, 0x35, 0xef, 0x3a, 0xb7, 0xbd, 0xbc, 0xb4, 0xe6, 0x35,
    0x24, 0xbd, 0x2d, 0x39, 0x93, 0x2c, 0x0d, 0xbd, 0x98, 0xb7, 0x92, 0x3d, 0x60, 0xb8, 0xee, 0xb7,
    0xae, 0x38, 0x37, 0x3e, 0xc1, 0x3f, 0xe7, 0x35, 0x22, 0x33, 0x57, 0x3e, 0x15, 0x35, 0xc8, 0x37
};

static inline void load_golden_inputs(unsigned char* hbm) {
    memcpy(hbm + 2636800, golden_input_0_data, sizeof(golden_input_0_data));
    memcpy(hbm + 2653184, golden_input_1_data, sizeof(golden_input_1_data));
}

static inline const unsigned char* golden_output_ptr(int idx) {
    if (idx == 0) return golden_output_0_data;
    return (const unsigned char*)0;
}

static inline size_t golden_output_size(int idx) {
    if (idx == 0) return sizeof(golden_output_0_data);
    return 0;
}

#endif
